symbol,name,exchange,asset_type,status,sector
-P-HIZ,Presurance Holdings Inc,NASDAQ,Stock,Active,
A,Agilent Technologies Inc,NYSE,Stock,Active,
AA,Alcoa Corp,NYSE,Stock,Active,
AAA,ALTERNATIVE ACCESS FIRST PRIORITY CLO BOND ETF,NYSE ARCA,ETF,Active,
AAAC,Columbia AAA CLO,NYSE ARCA,Stock,Active,
AAAU,Goldman Sachs Physical Gold ETF,BATS,ETF,Active,
AACBR,Artius II Acquisition Inc Rights,NASDAQ,Stock,Active,
AACBU,Artius II Acquisition Inc - Units (1 Ord Shs & 1 Rts),NASDAQ,Stock,Active,
AACG,ATA Creativity Global,NASDAQ,Stock,Active,
AACI,Armada Acquisition Corp I,NASDAQ,Stock,Active,
AACIU,Armada Acquisition Corp III - Units (1 Ord Cls A & 1/2 War),NASDAQ,Stock,Active,
AACIW,Armada Acquisition Corp I - Warrants (13/08/2026),NASDAQ,Stock,Active,
AACO,Abony Acquisition Corp I - Class A,NASDAQ,Stock,Active,
AACOU,Abony Acquisition Corp I - Units (1 Ord Cls A & 1/3 War),NASDAQ,Stock,Active,
AACOW,Abony Acquisition Corp I - Warrants(29/01/2031),NASDAQ,Stock,Active,
AACPU,Apogee Acquisition Corp - Units (1 Ord Cls A & 1 Rts 1 War),NASDAQ,Stock,Active,
AACTWS,Ares Acquisition Corporation II Redeemable Warrants each whole warrant exercisable for one Class A ordinary share at an exercise price of 11.50,NASDAQ,Stock,Active,
AADR,ADVISORSHARES DORSEY WRIGHT ADR ETF,NASDAQ,ETF,Active,
AAL,American Airlines Group Inc,NASDAQ,Stock,Active,
AALG,LEVERAGE SHARES 2X LONG AAL DAILY ETF,NASDAQ,ETF,Active,
AAM-WS,AA Mission Acquisition Corp Warrants each whole warrant entitles the holder to purchase one Class A ordinary share at a price of 11.50 per share,NYSE,Stock,Active,
AAME,Atlantic American Corp,NASDAQ,Stock,Active,
AAMI,BrightSphere Investment Group Inc,NYSE,Stock,Active,
AAOG,Leverage Shares 2X Long AAOI Daily,BATS,Stock,Active,
AAOI,Applied Optoelectronics Inc,NASDAQ,Stock,Active,
AAON,AAON Inc,NASDAQ,Stock,Active,
AAOX,Tradr 2X Long AAOI Daily,BATS,Stock,Active,
AAP,Advance Auto Parts Inc,NYSE,Stock,Active,
AAPB,GRANITESHARES 2X LONG AAPL DAILY ETF,NASDAQ,ETF,Active,
AAPD,DIREXION DAILY AAPL BEAR 1X SHARES,NASDAQ,ETF,Active,
AAPG,Ascentage Pharma Group International,NASDAQ,Stock,Active,
AAPGV,Ascentage Pharma Group International American Depository Shares,NASDAQ,Stock,Active,
AAPL,Apple Inc,NASDAQ,Stock,Active,
AAPR,Innovator Equity Defined Protection ETF - 2 Yr to April 2026,BATS,ETF,Active,
AAPU,DIREXION DAILY AAPL BULL 2X SHARES,NASDAQ,ETF,Active,
AAPW,ROUNDHILL AAPL WEEKLYPAY ETF,BATS,ETF,Active,
AAPX,T-REX 2X LONG APPLE DAILY TARGET ETF,BATS,ETF,Active,
AAPY,Kurv Yield Premium Strategy Apple (AAPL) ETF,BATS,ETF,Active,
AARD,Aardvark Therapeutics Inc,NASDAQ,Stock,Active,
AAT,American Assets Trust Inc,NYSE,Stock,Active,
AAUC,Allied Gold Corporation,NYSE,Stock,Active,
AAUM,Tema Alternative Asset Managers ETF,BATS,ETF,Active,
AAVM,ALPHA ARCHITECT GLOBAL FACTOR EQUITY ETF,NASDAQ,ETF,Active,
AAXJ,ISHARES MSCI ALL COUNTRY ASIA EX JAPAN ETF,NASDAQ,ETF,Active,
AB,AllianceBernstein Holding Lp,NYSE,Stock,Active,
ABAT,Advanced Battery Technologies Inc,NASDAQ,Stock,Active,
ABBV,Abbvie Inc,NYSE,Stock,Active,
ABCB,Ameris Bancorp,NYSE,Stock,Active,
ABCL,AbCellera Biologics Inc,NASDAQ,Stock,Active,
ABCS,ALPHA BLUE CAPITAL US SMALL-MID CAP DYNAMIC ETF,NASDAQ,ETF,Active,
ABEO,Abeona Therapeutics Inc,NASDAQ,Stock,Active,
ABEQ,ABSOLUTE SELECT VALUE ETF,NYSE ARCA,ETF,Active,
ABEV,Ambev S.A.,NYSE,Stock,Active,
ABFL,ABACUS FCF LEADERS ETF,BATS,ETF,Active,
ABG,Asbury Automotive Group Inc,NYSE,Stock,Active,
ABI,Safety First Trust Series 2009-2,NASDAQ,Stock,Active,
ABLD,ABACUS FCF REAL ASSETS LEADERS ETF,BATS,ETF,Active,
ABLG,ABACUS FCF INTERNATIONAL LEADERS ETF,BATS,ETF,Active,
ABLLW,Abacus Life Inc Warrant,NASDAQ,Stock,Active,
ABLV,Able View Global Inc - Class B,NASDAQ,Stock,Active,
ABLVW,Able View Global Inc - Warrants (17/08/2028),NASDAQ,Stock,Active,
ABM,ABM Industries Inc,NYSE,Stock,Active,
ABNB,Airbnb Inc - Class A,NASDAQ,Stock,Active,
ABNG,Leverage Shares 2x Long ABNB Daily ETF,NASDAQ,ETF,Active,
ABNY,YIELDMAX(R) ABNB OPTION INCOME STRATEGY ETF,NYSE ARCA,ETF,Active,
ABOS,Acumen Pharmaceuticals Inc,NASDAQ,Stock,Active,
ABOT,ABACUS FCF INNOVATION LEADERS ETF,BATS,ETF,Active,
ABPWW,Abpro Holdings Inc - Warrants (12/11/2029),NASDAQ,Stock,Active,
ABR,Arbor Realty Trust Inc,NYSE,Stock,Active,
ABR-P-D,Arbor Realty Trust Inc,NYSE,Stock,Active,
ABR-P-E,Arbor Realty Trust Inc,NYSE,Stock,Active,
ABR-P-F,Arbor Realty Trust Inc,NYSE,Stock,Active,
ABSI,Absci Corp,NASDAQ,Stock,Active,
ABST,Absolute Software Corporation,NASDAQ,Stock,Active,
ABT,Abbott Laboratories,NYSE,Stock,Active,
ABTS,Abits Group Inc,NASDAQ,Stock,Active,
ABUS,Arbutus Biopharma Corp,NASDAQ,Stock,Active,
ABVC,ABVC BioPharma Inc,NASDAQ,Stock,Active,
ABVE,Above Food Ingredients Inc,NASDAQ,Stock,Active,
ABVEW,Above Food Ingredients Inc - Warrants (02/04/2029),NASDAQ,Stock,Active,
ABVX,Abivax,NASDAQ,Stock,Active,
ABXB,ABACUS FLEXIBLE BOND LEADERS ETF,BATS,ETF,Active,
ABXL,Abacus Global Management Inc,NYSE,Stock,Active,
ACA,Arcosa Inc,NYSE,Stock,Active,
ACAA,Averin Capital Acquisition Corp - Class A,NASDAQ,Stock,Active,
ACAAU,Averin Capital Acquisition Corp Units,NASDAQ,Stock,Active,
ACAAW,Averin Capital Acquisition Corp - Warrants(30/01/2031),NASDAQ,Stock,Active,
ACAD,Acadia Pharmaceuticals Inc,NASDAQ,Stock,Active,
ACB,Aurora Cannabis Inc,NASDAQ,Stock,Active,
ACCL,Acco Group Holdings Ltd,NASDAQ,Stock,Active,
ACCO,Acco Brands Corporation,NYSE,Stock,Active,
ACCS,ACCESS Newswire Inc,NYSE MKT,Stock,Active,
ACDC,ProFrac Holding Corp Class A,NASDAQ,Stock,Active,
ACEI,AMERICAN CHAMPION ENTERTAINMENT INC,NYSE ARCA,Stock,Active,
ACEL,Accel Entertainment Inc - Class A1,NYSE,Stock,Active,
ACEP,ARS CORE EQUITY PORTFOLIO ETF,NASDAQ,ETF,Active,
ACES,ALPS CLEAN ENERGY ETF,NYSE ARCA,ETF,Active,
ACET,Adicet Bio Inc,NASDAQ,Stock,Active,
ACGCU,ACP Holdings Acquisition Corp - Units (1 Ord Cls A & 1/3 War),NASDAQ,Stock,Active,
ACGL,Arch Capital Group Ltd,NASDAQ,Stock,Active,
ACGLN,Arch Capital Group Ltd,NASDAQ,Stock,Active,
ACGLO,Arch Capital Group Ltd,NASDAQ,Stock,Active,
ACGR,American Century Large Cap Growth ETF,NYSE ARCA,ETF,Active,
ACH,Accendra Health Inc,NYSE,Stock,Active,
ACHC,Acadia Healthcare Company Inc,NASDAQ,Stock,Active,
ACHL,Achilles Therapeutics Plc,NASDAQ,Stock,Active,
ACHR,Archer Aviation Inc - Class A,NYSE,Stock,Active,
ACHR-WS,Archer Aviation Inc Wt,NYSE,Stock,Active,
ACHV,Achieve Life Sciences Inc,NASDAQ,Stock,Active,
ACI,Albertsons Companies Inc - Class A,NYSE,Stock,Active,
ACIC,American Coastal Insurance Corp,NASDAQ,Stock,Active,
ACIO,APTUS COLLARED INVESTMENT OPPORTUNITY ETF,BATS,ETF,Active,
ACIU,AC Immune SA,NASDAQ,Stock,Active,
ACIW,ACI Worldwide Inc,NASDAQ,Stock,Active,
ACKY,VistaShares Target 15 ACKtivist Distribution ETF,NYSE ARCA,ETF,Active,
ACLC,American Century Sustainable Equity ETF,NYSE ARCA,ETF,Active,
ACLO,ACCELIO CORP,NYSE,Stock,Active,
ACLS,Axcelis Technologies Inc,NASDAQ,Stock,Active,
ACM,AECOM,NYSE,Stock,Active,
ACMR,ACM Research Inc - Class A,NASDAQ,Stock,Active,
ACN,Accenture plc - Class A,NYSE,Stock,Active,
ACNB,ACNB Corp,NASDAQ,Stock,Active,
ACNT,Ascent Industries Company,NASDAQ,Stock,Active,
ACOG,Alpha Cognition Inc,NASDAQ,Stock,Active,
ACON,Aclarion Inc,NASDAQ,Stock,Active,
ACONW,Aclarion Inc - Warrants (01/12/2026),NASDAQ,Stock,Active,
ACP,abrdn Income Credit Strategies Fund,NYSE,ETF,Active,
ACP-P-A,abrdn Income Credit Strategies Fund,NYSE,Stock,Active,
ACR,ACRES Commercial Realty Corp,NYSE,Stock,Active,
ACR-P-C,ACRES Commercial Realty Corp,NYSE,Stock,Active,
ACR-P-D,ACRES Commercial Realty Corp,NYSE,Stock,Active,
ACRE,Ares Commercial Real Estate Corp,NYSE,Stock,Active,
ACRS,Aclaris Therapeutics Inc,NASDAQ,Stock,Active,
ACRV,Acrivon Therapeutics Inc,NASDAQ,Stock,Active,
ACSI,AMERICAN CUSTOMER SATISFACTION ETF,BATS,ETF,Active,
ACST,Acasti Pharma Inc - Class A,NASDAQ,Stock,Active,
ACT,Enact Holdings Inc,NASDAQ,Stock,Active,
ACTG,Acacia Research Corp,NASDAQ,Stock,Active,
ACTS,Actions Semiconductor Company. Ltd. ADR,NASDAQ,Stock,Active,
ACTU,Actuate Therapeutics Inc,NASDAQ,Stock,Active,
ACU,Acme United Corp,NYSE MKT,Stock,Active,
ACV,Virtus Diversified Income & Convertible Fund,NYSE,ETF,Active,
ACV-A,ACV Auctions Inc Class A,NYSE,Stock,Active,
ACVA,ACV Auctions Inc - Class A,NYSE,Stock,Active,
ACVF,AMERICAN CONSERVATIVE VALUES ETF,NYSE ARCA,ETF,Active,
ACVT,ADVENT CONVERTIBLE BOND ETF,NYSE ARCA,ETF,Active,
ACVU,Hartford Quality Value ETF,BATS,ETF,Active,
ACWI,ISHARES MSCI ACWI ETF,NASDAQ,ETF,Active,
ACWV,ISHARES MSCI GLOBAL MIN VOL FACTOR ETF,BATS,ETF,Active,
ACWV:BAT,iShares MSCI All Country World Minimum Volatility Index Fund,BATS,Stock,Active,
ACWX,ISHARES MSCI ACWI EX U.S. ETF,NASDAQ,ETF,Active,
ACXP,Acurx Pharmaceuticals Inc,NASDAQ,Stock,Active,
ACYN,FT Vest Laddered Autocallable Barrier & Income,NYSE ARCA,Stock,Active,
ACYS,FT Vest Laddered Autocallable Barrier & Resilient Income,NYSE ARCA,Stock,Active,
AD,Array Digital Infrastructure Inc,NYSE,Stock,Active,
ADACU,American Drive Acquisition Co. - Units (1 Ord Cls A & 1/3 War),NASDAQ,Stock,Active,
ADACW,American Drive Acquisition Company Warrant,NASDAQ,Stock,Active,
ADAG,Adagene Inc,NASDAQ,Stock,Active,
ADAL,Anthemis Digital Acquisitions I Corp - Class A,NASDAQ,Stock,Active,
ADALU,Anthemis Digital Acquisitions I Corp - Units (1 Ord Class A & 1/2 War),NASDAQ,Stock,Active,
ADALW,Anthemis Digital Acquisitions I Corp - Warrants (18/10/2026),NASDAQ,Stock,Active,
ADAM,Adamas Trust Inc,NASDAQ,Stock,Active,
ADAMG,Adamas Trust Inc,NASDAQ,Stock,Active,
ADAMH,Adamas Trust Inc 9.875 Senior Notes Due 2030,NASDAQ,Stock,Active,
ADAMI,Adamas Trust Inc,NASDAQ,Stock,Active,
ADAML,Adamas Trust Inc,NASDAQ,Stock,Active,
ADAMM,Adamas Trust Inc,NASDAQ,Stock,Active,
ADAMN,Adamas Trust Inc,NASDAQ,Stock,Active,
ADAMO,Adamas Trust Inc,NASDAQ,Stock,Active,
ADAMZ,Adamas Trust Inc,NASDAQ,Stock,Active,
ADBE,Adobe Inc,NASDAQ,Stock,Active,
ADBG,LEVERAGE SHARES 2X LONG ADBE DAILY ETF,NASDAQ,ETF,Active,
ADBU,Direxion Daily ADBE Bull 2X,NYSE ARCA,ETF,Active,
ADC,Agree Realty Corp,NYSE,Stock,Active,
ADC-P-A,Agree Realty Corp,NYSE,Stock,Active,
ADCT,Adc Therapeutics SA,NYSE,Stock,Active,
ADEA,Adeia Inc,NASDAQ,Stock,Active,
ADFI,ANFIELD DYNAMIC FIXED INCOME ETF,BATS,ETF,Active,
ADGM,Adagio Medical Holdings Inc,NASDAQ,Stock,Active,
ADI,Analog Devices Inc,NASDAQ,Stock,Active,
ADIL,Adial Pharmaceuticals Inc,NASDAQ,Stock,Active,
ADIV,GUINNESS ATKINSON ASIA PACIFIC DIVIDEND BUILDER ETF,NYSE ARCA,ETF,Active,
ADM,Archer Daniels Midland Company,NYSE,Stock,Active,
ADMA,Adma Biologics Inc,NASDAQ,Stock,Active,
ADME,APTUS DRAWDOWN MANAGED EQUITY ETF,BATS,ETF,Active,
ADNT,Adient plc,NYSE,Stock,Active,
ADOCR,Australian Oilseeds Holdings Ltd,NASDAQ,Stock,Active,
ADP,Automatic Data Processing Inc,NASDAQ,Stock,Active,
ADPT,Adaptive Biotechnologies Corp,NASDAQ,Stock,Active,
ADPV,ADAPTIV SELECT ETF,NYSE ARCA,ETF,Active,
ADSE,Ads-Tec Energy Plc,NASDAQ,Stock,Active,
ADSEW,Ads-Tec Energy Plc - Warrants (22/12/2026),NASDAQ,Stock,Active,
ADSK,Autodesk Inc,NASDAQ,Stock,Active,
ADT,ADT Inc,NYSE,Stock,Active,
ADTN,ADTRAN Holdings Inc,NASDAQ,Stock,Active,
ADTX,Aditxt Inc,NASDAQ,Stock,Active,
ADUS,Addus HomeCare Corporation,NASDAQ,Stock,Active,
ADV,Advantage Solutions Inc - Class A,NASDAQ,Stock,Active,
ADVB,Advanced Biomed Inc,NASDAQ,Stock,Active,
ADVE,MATTHEWS ASIA DIVIDEND ACTIVE ETF,NYSE ARCA,ETF,Active,
ADX,Adams Diversified Equity Fund,NYSE,ETF,Active,
ADXN,Addex Therapeutics Ltd,NASDAQ,Stock,Active,
AEAQ,Activate Energy Acquisition Corp,NASDAQ,Stock,Active,
AEAQU,Activate Energy Acquisition Corp - Units (1 Ord Cls A & 1/2 War),NASDAQ,Stock,Active,
AEAQW,Activate Energy Acquisition Corp Warrant,NASDAQ,Stock,Active,
AEBI,Aebi Schmidt Holding AG,NASDAQ,Stock,Active,
AEBIV,Aebi Schmidt Holding AG,NASDAQ,Stock,Active,
AEC,Associated Estates Realty Corp,NASDAQ,Stock,Active,
AEE,Ameren Corp,NYSE,Stock,Active,
AEF,abrdn Emerging Markets Equity Income Fund Inc,NYSE MKT,ETF,Active,
AEFC,Aegon Funding Company LLC,NYSE,Stock,Active,
AEG,Aegon Ltd,NYSE,Stock,Active,
AEGN:BAT,Aegion Corp,NASDAQ,Stock,Active,
AEHA,Aesther Healthcare Acquisition Corp - Class A,NASDAQ,Stock,Active,
AEHL,Antelope Enterprise Holdings Ltd - Class A,NASDAQ,Stock,Active,
AEHR,Aehr Test Systems,NASDAQ,Stock,Active,
AEI,Alset Inc,NASDAQ,Stock,Active,
AEIS,Advanced Energy Industries Inc,NASDAQ,Stock,Active,
AEM,Agnico Eagle Mines Ltd,NYSE,Stock,Active,
AEMD,Aethlon Medical Inc,NASDAQ,Stock,Active,
AEMS,Anfield Enhanced Market ETF,BATS,ETF,Active,
AENT,Alliance Entertainment Holding Corporation - Class A,NASDAQ,Stock,Active,
AENTW,Alliance Entertainment Holding Corporation - Warrants (11/02/2026),NASDAQ,Stock,Active,
AEO,American Eagle Outfitters Inc,NYSE,Stock,Active,
AEON,AEON Biopharma Inc - Class A,NYSE MKT,Stock,Active,
AEON-WS,AEON Biopharma Inc Warrants each whole warrant exercisable to purchase one share of Common Stock at an exercise price of 11.50 per share,AMEX,Stock,Active,
AEP,American Electric Power Company Inc,NASDAQ,Stock,Active,
AEPPZ,American Electric Power Company Inc,NASDAQ,Stock,Active,
AER,Aercap Holdings N.V.,NYSE,Stock,Active,
AERO,Grupo Aeromexico S.A.B. De C.V.,NYSE,Stock,Active,
AERT,Advanced Environmental Recycling Technologies Inc,NASDAQ,Stock,Active,
AERTW,Aeries Technology Inc - Warrants (20/10/2026),NASDAQ,Stock,Active,
AES,AES Corp,NYSE,Stock,Active,
AESI,Atlas Energy Solutions Inc,NYSE,Stock,Active,
AESR,Anfield U.S. Equity Sector Rotation ETF,BATS,ETF,Active,
AETH,BITWISE TRENDWISE ETHEREUM AND TREASURIES ROTATION STRATEGY ETF,NYSE ARCA,ETF,Active,
AEVA,Aeva Technologies Inc,NASDAQ,Stock,Active,
AEXA,American Exceptionalism Acquisition Corp A - Class A,NYSE,Stock,Active,
AEYE,AudioEye Inc,NASDAQ,Stock,Active,
AFB,AllianceBernstein National Municipal Income Fund Inc,NYSE,ETF,Active,
AFBI,Affinity Bancshares Inc,NASDAQ,Stock,Active,
AFCG,AFC Gamma Inc,NASDAQ,Stock,Active,
AFG,American Financial Group Inc,NYSE,Stock,Active,
AFGB,American Financial Group Inc,NYSE,Stock,Active,
AFGC,American Financial Group Inc,NYSE,Stock,Active,
AFGD,American Financial Group Inc,NYSE,Stock,Active,
AFGE,American Financial Group Inc,NYSE,Stock,Active,
AFIF,Anfield Universal Fixed Income ETF,BATS,ETF,Active,
AFIX,ALLSPRING BROAD MARKET CORE BOND ETF,NYSE ARCA,ETF,Active,
AFJK,Aimei Health Technology Co Ltd,NASDAQ,Stock,Active,
AFJKR,Aimei Health Technology Co Ltd,NASDAQ,Stock,Active,
AFJKU,Aimei Health Technology Co Ltd - Units (1 1 Rights),NASDAQ,Stock,Active,
AFK,VANECK AFRICA INDEX ETF,NYSE ARCA,ETF,Active,
AFL,Aflac Inc,NYSE,Stock,Active,
AFLG,FIRST TRUST ACTIVE FACTOR LARGE CAP ETF,NYSE ARCA,ETF,Active,
AFMC,FIRST TRUST ACTIVE FACTOR MID CAP ETF,NYSE ARCA,ETF,Active,
AFMD,Affimed N.V.,NASDAQ,Stock,Active,
AFRI,Forafric Global PLC,NASDAQ,Stock,Active,
AFRIW,Forafric Global PLC - Warrants (09/06/2027),NASDAQ,Stock,Active,
AFRM,Affirm Holdings Inc - Class A,NASDAQ,Stock,Active,
AFRU,T-REX 2X LONG AFRM DAILY TARGET ETF,BATS,ETF,Active,
AFSC,ANCHOR FINANCIAL CORP,NASDAQ,Stock,Active,
AFSM,FIRST TRUST ACTIVE FACTOR SMALL CAP ETF,NYSE ARCA,ETF,Active,
AFT,Apollo Senior Floating Rate Fund Inc,NYSE,ETF,Active,
AFYA,Afya Ltd - Class A,NASDAQ,Stock,Active,
AG,First Majestic Silver Corporation,NYSE,Stock,Active,
AGAE,Allied Gaming & Entertainment Inc,NASDAQ,Stock,Active,
AGBK,AGI Inc - Class A,NYSE,Stock,Active,
AGCC,Agencia Comercial Spirits Ltd - Class A,NASDAQ,Stock,Active,
AGCO,AGCO Corp,NYSE,Stock,Active,
AGD,abrdn Global Dynamic Dividend Fund,NYSE,ETF,Active,
AGEM,abrdn Emerging Markets Dividend Active ETF,NASDAQ,ETF,Active,
AGEN,Agenus Inc,NASDAQ,Stock,Active,
AGFS,AgroFresh Solutions Inc,NASDAQ,Stock,Active,
AGG,iShares Core U.S. Aggregate Bond ETF,NYSE ARCA,ETF,Active,
AGGA,EA ASTORIA DYNAMIC CORE US FIXED INCOME ETF,NASDAQ,ETF,Active,
AGGH,SIMPLIFY AGGREGATE BOND ETF,NYSE ARCA,ETF,Active,
AGGS,HARBOR DISCIPLINED BOND ETF,NYSE ARCA,ETF,Active,
AGGY,WISDOMTREE YIELD ENHANCED U.S. AGGREGATE BOND FUND,NYSE ARCA,ETF,Active,
AGI,Alamos Gold Inc - Class A,NYSE,Stock,Active,
AGIG,Houston American Energy Corp,NYSE MKT,Stock,Active,
AGIO,Agios Pharmaceuticals Inc,NASDAQ,Stock,Active,
AGIQ,Tidal Trust I SoFi Agentic AI,NYSE ARCA,Stock,Active,
AGIX,KRANESHARES ARTIFICIAL INTELLIGENCE AND TECHNOLOGY ETF,NASDAQ,ETF,Active,
AGL,Agilon Health Inc,NYSE,Stock,Active,
AGM,Federal Agricultural Mortgage Corp - Class C,NYSE,Stock,Active,
AGM-A,Federal Agricultural Mortgage Corp - Class A,NYSE,Stock,Active,
AGM-P-D,Federal Agricultural Mortgage Corp,NYSE,Stock,Active,
AGM-P-E,Federal Agricultural Mortgage Corp,NYSE,Stock,Active,
AGM-P-F,Federal Agricultural Mortgage Corp,NYSE,Stock,Active,
AGM-P-G,Federal Agricultural Mortgage Corp,NYSE,Stock,Active,
AGM-P-H,Federal Agricultural Mortgage Corp,NYSE,Stock,Active,
AGMB,AgomAb Therapeutics NV,NASDAQ,Stock,Active,
AGMH,AGM Group Holdings Inc - Class A,NASDAQ,Stock,Active,
AGMI,THEMES SILVER MINERS ETF,NASDAQ,ETF,Active,
AGNC,AGNC Investment Corp,NASDAQ,Stock,Active,
AGNCL,AGNC Investment Corp,NASDAQ,Stock,Active,
AGNCM,AGNC Investment Corp,NASDAQ,Stock,Active,
AGNCN,AGNC Investment Corp,NASDAQ,Stock,Active,
AGNCO,AGNC Investment Corp,NASDAQ,Stock,Active,
AGNCP,AGNC Investment Corp,NASDAQ,Stock,Active,
AGNG,GLOBAL X AGING POPULATION ETF,NASDAQ,ETF,Active,
AGNT,eXp World Holdings Inc,NASDAQ,Stock,Active,
AGO,Assured Guaranty Ltd,NYSE,Stock,Active,
AGOV,ETC Gavekal Asia Pacific Government Bond ETF,NYSE ARCA,ETF,Active,
AGOX,ADAPTIVE ALPHA OPPORTUNITIES ETF,NYSE ARCA,ETF,Active,
AGPU,Axe Compute Inc,NASDAQ,Stock,Active,
AGQ,ProShares Ultra Silver 2x Shares,NYSE ARCA,ETF,Active,
AGRH,ISHARES INTEREST RATE HEDGED U.S. AGGREGATE BOND ETF,NYSE ARCA,ETF,Active,
AGRO,Adecoagro S.A.,NYSE,Stock,Active,
AGRW,ALLSPRING LT LARGE GROWTH ETF,NYSE ARCA,ETF,Active,
AGRZ,Agroz Inc,NASDAQ,Stock,Active,
AGTC,Applied Genetic Technologies Corp,NASDAQ,Stock,Active,
AGX,Argan Inc,NYSE,Stock,Active,
AGYS,Agilysys Inc,NASDAQ,Stock,Active,
AGZ,ISHARES AGENCY BOND ETF,NYSE ARCA,ETF,Active,
AGZ:BAT,iShares Agency Bond ETF,NYSE ARCA,ETF,Active,
AGZD,WISDOMTREE INTEREST RATE HEDGED U.S. AGGREGATE BOND FUND,NASDAQ,ETF,Active,
AHCO,AdaptHealth Corp,NASDAQ,Stock,Active,
AHD,GraniteShares Autocallable HOOD ETF,NASDAQ,Stock,Active,
AHG,Akso Health Group,NASDAQ,Stock,Active,
AHL-P-D,Aspen Insurance Holdings Limited 5625 Perpetual NonCumulative Preference Shares,NYSE,Stock,Active,
AHL-P-E,Aspen Insurance Hldgs,NYSE,Stock,Active,
AHLT,AMERICAN BEACON AHL TREND ETF,NYSE ARCA,ETF,Active,
AHMA,Ambitions Enterprise Management Co LLC - Class A,NASDAQ,Stock,Active,
AHR,American Healthcare REIT Inc,NYSE,Stock,Active,
AHRNU,Ahren Acquisition Corp - Units (1 Ord Share Class A & 1/2 War),NASDAQ,Stock,Active,
AHRT,Armada Hoffler Properties Inc,NYSE,Stock,Active,
AHRT-P-A,Armada Hoffler Properties Inc,NYSE,Stock,Active,
AHT,Ashford Hospitality Trust Inc,NYSE,Stock,Active,
AHT-P-D,Ashford Hospitality Trust Inc,NYSE,Stock,Active,
AHT-P-F,Ashford Hospitality Trust Inc,NYSE,Stock,Active,
AHT-P-G,Ashford Hospitality Trust Inc,NYSE,Stock,Active,
AHT-P-H,Ashford Hospitality Trust Inc,NYSE,Stock,Active,
AHT-P-I,Ashford Hospitality Trust Inc,NYSE,Stock,Active,
AHYB,AMERICAN CENTURY SELECT HIGH YIELD ETF,NYSE ARCA,ETF,Active,
AI,C3.ai Inc - Class A,NYSE,Stock,Active,
AIA,iShares Asia 50 ETF,NASDAQ,ETF,Active,
AIAI,AIAI Holdings Corp - Class A,NASDAQ,Stock,Active,
AIB,BlockchAIn Digital Infrastructure Inc,NYSE MKT,Stock,Active,
AIBD,DIREXION DAILY AI AND BIG DATA BEAR 2X SHARES,NYSE ARCA,ETF,Active,
AIBU,DIREXION DAILY AI AND BIG DATA BULL 2X SHARES,NYSE ARCA,ETF,Active,
AIDX,20/20 Biolabs Inc,NASDAQ,Stock,Active,
AIEQ,AI Powered Equity ETF,NYSE ARCA,ETF,Active,
AIF,Apollo Tactical Income Fund Inc,NYSE,ETF,Active,
AIFC,AI Financial Corp,NASDAQ,Stock,Active,
AIFD,TCW ARTIFICIAL INTELLIGENCE ETF,NASDAQ,ETF,Active,
AIFE,Aifeex Nexus Acquisition Corp Cl A Ord,NASDAQ,Stock,Active,
AIFER,Aifeex Nexus Acquisition Corp Right,NASDAQ,Stock,Active,
AIFF,WaveDancer Inc,NASDAQ,Stock,Active,
AIFU,AIFU Inc - Class A,NASDAQ,Stock,Active,
AIG,American International Group Inc,NYSE,Stock,Active,
AIHS,Senmiao Technology Ltd,NASDAQ,Stock,Active,
AII,American Integrity Insurance Group Inc,NYSE,Stock,Active,
AIIA,AI Infrastructure Acquisition Corp Class A,NYSE,Stock,Active,
AIIA-R,AI Infrastructure Acquisition Corp Rights each entitling the holder to receive onefifth 15 of one Class A Ordinary Share,NYSE,Stock,Active,
AIIA-U,AI Infrastructure Acquisition Corp - Units (1 Ord Cls A & 1 Rts),NYSE,Stock,Active,
AIIO,Robo.ai Inc - Class B,NASDAQ,Stock,Active,
AIIOW,Robo.ai Inc - Warrants (11/11/2027),NASDAQ,Stock,Active,
AIIR,Air Global PLC,NASDAQ,Stock,Active,
AILE,iLearningEngines Holdings Inc - Class A,NASDAQ,Stock,Active,
AIMD,Ainos Inc,NASDAQ,Stock,Active,
AIMDW,Ainos Inc - Warrants (29/07/2027),NASDAQ,Stock,Active,
AIN,Albany International Corp - Class A,NYSE,Stock,Active,
AINP,ALLSPRING INCOME PLUS ETF,NYSE ARCA,ETF,Active,
AIO,Virtus Artificial Intelligence & Technology Opportunities Fund,NYSE,Stock,Active,
AIOS,AIOS Tech Inc - Class A,NASDAQ,Stock,Active,
AIOT,PowerFleet Inc,NASDAQ,Stock,Active,
AIP,Arteris Inc,NASDAQ,Stock,Active,
AIPI,REX AI EQUITY PREMIUM INCOME ETF,NASDAQ,ETF,Active,
AIPO,DEFIANCE AI & POWER INFRASTRUCTURE ETF,NASDAQ,ETF,Active,
AIQ,Global X Artificial Intelligence & Technology ETF,NASDAQ,ETF,Active,
AIR,AAR Corp,NYSE,Stock,Active,
AIRE,reAlpha Tech Corp,NASDAQ,Stock,Active,
AIRG,Airgain Inc,NASDAQ,Stock,Active,
AIRI,Air Industries Group,NYSE MKT,Stock,Active,
AIRJ,Montana Technologies Corp Cl A,NASDAQ,Stock,Active,
AIRJW,Montana Technologies Corp Wt Exp,NASDAQ,Stock,Active,
AIRO,AIRO Group Holdings Inc,NASDAQ,Stock,Active,
AIRR,FIRST TRUST RBA AMERICAN INDUSTRIAL RENAISSANCE ETF,NASDAQ,ETF,Active,
AIRS,Airsculpt Technologies Inc,NASDAQ,Stock,Active,
AIRT,Air T Inc,NASDAQ,Stock,Active,
AIRTP,Air T Inc,NASDAQ,Stock,Active,
AISP,Airship AI Holdings Inc - Class A,NASDAQ,Stock,Active,
AISPW,Airship AI Holdings Inc - Warrants (18/03/2026),NASDAQ,Stock,Active,
AIT,Applied Industrial Technologies Inc,NYSE,Stock,Active,
AIV,Apartment Investment & Management Co. - Class A,NYSE,Stock,Active,
AIVC,AMPLIFY BLOOMBERG AI VALUE CHAIN ETF,NYSE ARCA,ETF,Active,
AIVI,WISDOMTREE INTERNATIONAL AI ENHANCED VALUE FUND,NYSE ARCA,ETF,Active,
AIVL,WISDOMTREE U.S. AI ENHANCED VALUE FUND,NYSE ARCA,ETF,Active,
AIXC,AIxCrypto Holdings Inc,NASDAQ,Stock,Active,
AIXI,Xiao-I Corp,NASDAQ,Stock,Active,
AIZ,Assurant Inc,NYSE,Stock,Active,
AIZN,Assurant Inc,NYSE,Stock,Active,
AJAN,Innovator Equity Defined Protection ETF - 2 Yr to January 2026,BATS,ETF,Active,
AJG,Arthur J. Gallagher & Company,NYSE,Stock,Active,
AJUL,Innovator Equity Defined Protection ETF - 2 Yr to July 2026,BATS,ETF,Active,
AJXA,Great Ajax Corp,NYSE,Stock,Active,
AKA,a.k.a. Brands Holding Corp,NYSE,Stock,Active,
AKAM,Akamai Technologies Inc,NASDAQ,Stock,Active,
AKAN,Akanda Corp,NASDAQ,Stock,Active,
AKBA,Akebia Therapeutics Inc,NASDAQ,Stock,Active,
AKO-A,Embotelladora Andina S.A.,NYSE,Stock,Active,
AKO-B,Embotelladora Andina S.A.,NYSE,Stock,Active,
AKR,Acadia Realty Trust,NYSE,Stock,Active,
AKTS,Aktis Oncology Inc,NASDAQ,Stock,Active,
AKTX,Akari Therapeutics Plc,NASDAQ,Stock,Active,
AKUS,Akouos Inc,NASDAQ,Stock,Active,
AKYA,Akoya Biosciences Inc,NASDAQ,Stock,Active,
ALAB,Astera Labs Inc,NASDAQ,Stock,Active,
ALAI,ALGER AI ENABLERS & ADOPTERS ETF,NYSE ARCA,ETF,Active,
ALAR,Alarum Technologies Ltd,NASDAQ,Stock,Active,
ALB,Albemarle Corp,NYSE,Stock,Active,
ALBG,Leverage Shares 2X Long ALB Daily ETF,NASDAQ,ETF,Active,
ALBT,Avalon GloboCare Corp,NASDAQ,Stock,Active,
ALC,Alcon Inc,NYSE,Stock,Active,
ALCO,Alico Inc,NASDAQ,Stock,Active,
ALCYU,Alchemy Investments Acquisition Corp 1 - Unit (1 Ord Class A & 1/2 War),NASDAQ,Stock,Active,
ALCYW,Alchemy Investments Acquisition Corp 1 - Warrants (30/11/2027),NASDAQ,Stock,Active,
ALDB,Aptus Laddered Deep Buffer,BATS,Stock,Active,
ALDF,Aldel Financial II Inc,NASDAQ,Stock,Active,
ALDFU,Aldel Financial II Inc - Units (1 Ord Cls A & 1/2 War),NASDAQ,Stock,Active,
ALDFW,Aldel Financial II Inc Warrants,NASDAQ,Stock,Active,
ALDX,Aldeyra Therapeutics Inc,NASDAQ,Stock,Active,
ALEC,Alector Inc,NASDAQ,Stock,Active,
ALF,Centurion Acquisition Corp - Class A,NASDAQ,Stock,Active,
ALFUU,Centurion Acquisition Corp - Units (1 Ord & 1 War),NASDAQ,Stock,Active,
ALFUW,Centurion Acquisition Corp - Warrants (22/05/2029),NASDAQ,Stock,Active,
ALG,Alamo Group Inc,NYSE,Stock,Active,
ALGM,Allegro Microsystems Inc,NASDAQ,Stock,Active,
ALGN,Align Technology Inc,NASDAQ,Stock,Active,
ALGS,Aligos Therapeutics Inc,NASDAQ,Stock,Active,
ALGT,Allegiant Travel,NASDAQ,Stock,Active,
ALH,Alliance Laundry Holdings Inc,NYSE,Stock,Active,
ALHC,Alignment Healthcare Inc,NASDAQ,Stock,Active,
ALIS,Calisa Acquisition Corp,NASDAQ,Stock,Active,
ALISR,Calisa Acquisition Corp Right,NASDAQ,Stock,Active,
ALISU,Calisa Acquisition Corp - Units (1 1 Rights),NASDAQ,Stock,Active,
ALIT,Alight Inc - Class A,NYSE,Stock,Active,
ALK,Alaska Air Group Inc,NYSE,Stock,Active,
ALKS,Alkermes plc,NASDAQ,Stock,Active,
ALKSV,Alkermes plc,NASDAQ,Stock,Active,
ALKT,Alkami Technology Inc,NASDAQ,Stock,Active,
ALL,Allstate Corp (The),NYSE,Stock,Active,
ALL-P-B,Allstate Corp (The),NYSE,Stock,Active,
ALL-P-H,Allstate Corp (The),NYSE,Stock,Active,
ALL-P-I,Allstate Corp (The),NYSE,Stock,Active,
ALL-P-J,Allstate Corp (The),NYSE,Stock,Active,
ALLE,Allegion plc,NYSE,Stock,Active,
ALLG-WS,Allego N.V. Warrants each exercisable for one Ordinary Share at an exercise price of 11.50 per share,NYSE,Stock,Active,
ALLO,Allogene Therapeutics Inc,NASDAQ,Stock,Active,
ALLR,Allarity Therapeutics Inc,NASDAQ,Stock,Active,
ALLT,Allot Ltd,NASDAQ,Stock,Active,
ALLY,Ally Financial Inc,NYSE,Stock,Active,
ALMR,Alamar Biosciences Inc,NASDAQ,Stock,Active,
ALMS,Alumis Inc,NASDAQ,Stock,Active,
ALNT,Allient Inc,NASDAQ,Stock,Active,
ALNY,Alnylam Pharmaceuticals Inc,NASDAQ,Stock,Active,
ALOR,ALSP Orchid Acquisition Corp I - Class A,NASDAQ,Stock,Active,
ALORU,ALSP Orchid Acquisition Corp I - Units (1 Ord Class A & 1/2 War),NASDAQ,Stock,Active,
ALORW,ALSP Orchid Acquisition Corp I - Warrants (30/11/2028),NASDAQ,Stock,Active,
ALOT,AstroNova Inc,NASDAQ,Stock,Active,
ALOV,Aldabra 4 Liquidity Opportunity Vehicle Inc,NASDAQ,Stock,Active,
ALOVU,Aldabra 4 Liquidity Opportunity Vehicle Inc - Units (1 Ord Cls A & 1/3 War),NASDAQ,Stock,Active,
ALOVW,Aldabra 4 Liquidity Opportunity Vehicle Inc Warrants,NASDAQ,Stock,Active,
ALOY,REalloys Inc,NASDAQ,Stock,Active,
ALP,Alpha Compute Corp,NASDAQ,Stock,Active,
ALPS,Alpine Summit Energy Partners Inc,NASDAQ,Stock,Active,
ALRG,ALLSPRING LT LARGE CORE ETF,NYSE ARCA,ETF,Active,
ALRM,Alarm.com Holdings Inc,NASDAQ,Stock,Active,
ALRS,Alerus Financial Corp,NASDAQ,Stock,Active,
ALSK:BAT,Alaska Communications Systems Group Inc,NASDAQ,Stock,Active,
ALSN,Allison Transmission Holdings Inc,NYSE,Stock,Active,
ALT,Altimmune Inc,NASDAQ,Stock,Active,
ALTG,Alta Equipment Group Inc - Class A,NYSE,Stock,Active,
ALTG-P-A,Alta Equipment Group Inc,NYSE,Stock,Active,
ALTI,AlTi Global Inc - Class A,NASDAQ,Stock,Active,
ALTIW,AlTi Global Inc - Warrants(03/01/2028),NASDAQ,Stock,Active,
ALTL,PACER LUNT LARGE CAP ALTERNATOR ETF,NYSE ARCA,ETF,Active,
ALTO,Alto Ingredients Inc,NASDAQ,Stock,Active,
ALTY,GLOBAL X ALTERNATIVE INCOME ETF,NASDAQ,ETF,Active,
ALUB,Alussa Energy Acquisition Corp II Class A,NYSE,Stock,Active,
ALUB-U,Alussa Energy Acquisition Corp II - Unit (1 Ord Class A & 1/3 War),NYSE,Stock,Active,
ALUB-WS,Alussa Energy Acquisition Corp II Redeemable Warrants each whole warrant exercisable for one Class A ordinary share at an exercise price of 11.50 per share,NYSE,Stock,Active,
ALV,Autoliv Inc,NYSE,Stock,Active,
ALVO,Alvotech,NASDAQ,Stock,Active,
ALVOW,Alvotech - Warrants(15/06/2027),NASDAQ,Stock,Active,
ALX,Alexander`s Inc,NYSE,Stock,Active,
ALXN:BAT,Alexion Pharmaceuticals Inc,NASDAQ,Stock,Active,
ALXO,Alx Oncology Holdings Inc,NASDAQ,Stock,Active,
ALYAF,Alithya Group Inc - Class A - Class A (Sub Voting),NASDAQ,Stock,Active,
ALZN,Alzamend Neuro Inc,NASDAQ,Stock,Active,
AM,Antero Midstream Corp,NYSE,Stock,Active,
AMAG:BAT,AMAG Pharmaceuticals Inc,NASDAQ,Stock,Active,
AMAL,Amalgamated Financial Corp,NASDAQ,Stock,Active,
AMAN,Amanat Acquisition Corp - Class A,NASDAQ,Stock,Active,
AMAO,American Acquisition Opportunity Inc - Class A,NASDAQ,Stock,Active,
AMAOW,American Acquisition Opportunity Inc - Warrants (17/03/2026),NASDAQ,Stock,Active,
AMAT,Applied Materials Inc,NASDAQ,Stock,Active,
AMAU,Leverage Shares 2X Long AMAT Daily,BATS,Stock,Active,
AMAX,ADAPTIVE HEDGED MULTI-ASSET INCOME ETF,NYSE ARCA,ETF,Active,
AMBA,Ambarella Inc,NASDAQ,Stock,Active,
AMBO,Ambow Education Holding Ltd,NYSE MKT,Stock,Active,
AMBP,Ardagh Metal Packaging S.A.,NYSE,Stock,Active,
AMBP-WS,Ardagh Metal Packaging S.A. Warrants each exercisable for one Share at an exercise price of 11.50 per share,NYSE,Stock,Active,
AMBQ,Ambiq Micro Inc,NYSE,Stock,Active,
AMBR,Amber Road Inc,NASDAQ,Stock,Active,
AMC,AMC Entertainment Holdings Inc - Class A,NYSE,Stock,Active,
AMCI,AMC Robotics Corp,NASDAQ,Stock,Active,
AMCR,Amcor Plc,NYSE,Stock,Active,
AMCX,AMC Networks Inc - Class A,NASDAQ,Stock,Active,
AMD,Advanced Micro Devices Inc,NASDAQ,Stock,Active,
AMDD,T-REX 2X INVERSE AMD DAILY TARGET ETF,NASDAQ,ETF,Active,
AMDG,LEVERAGE SHARES 2X LONG AMD DAILY ETF,NASDAQ,ETF,Active,
AMDL,GRANITESHARES 2X LONG AMD DAILY ETF,NASDAQ,ETF,Active,
AMDW,ROUNDHILL AMD WEEKLYPAY ETF,BATS,ETF,Active,
AMDY,YIELDMAX(R) AMD OPTION INCOME STRATEGY ETF,NYSE ARCA,ETF,Active,
AME,Ametek Inc,NYSE,Stock,Active,
AMEH,nan,NASDAQ,Stock,Active,
AMG,Affiliated Managers Group Inc,NYSE,Stock,Active,
AMGN,AMGEN Inc,NASDAQ,Stock,Active,
AMH,American Homes 4 Rent - Class A,NYSE,Stock,Active,
AMH-P-G,American Homes 4 Rent,NYSE,Stock,Active,
AMH-P-H,American Homes 4 Rent,NYSE,Stock,Active,
AMID,ARGENT MID CAP ETF,NASDAQ,ETF,Active,
AMIX,Autonomix Medical Inc,NASDAQ,Stock,Active,
AMJB,JPMorgan Chase & Company,NYSE ARCA,Stock,Active,
AMKL,Defiance Daily Target 2X Long AMKR,BATS,Stock,Active,
AMKR,AMKOR Technology Inc,NASDAQ,Stock,Active,
AMLP,ALERIAN MLP ETF,NYSE ARCA,ETF,Active,
AMLP:BAT,Alerian MLP ETF,NYSE ARCA,ETF,Active,
AMLX,Amylyx Pharmaceuticals Inc,NASDAQ,Stock,Active,
AMN,AMN Healthcare Services Inc,NYSE,Stock,Active,
AMOD,Alpha Modus Holdings Inc - Class A,NASDAQ,Stock,Active,
AMODW,Alpha Modus Holdings Inc - Warrants(13/12/2029),NASDAQ,Stock,Active,
AMOM,QRAFT AI-ENHANCED U.S. LARGE CAP MOMENTUM ETF,NYSE ARCA,ETF,Active,
AMP,Ameriprise Financial Inc,NYSE,Stock,Active,
AMPG,Amplitech Group Inc,NASDAQ,Stock,Active,
AMPGR,Amplitech Group Inc Series A Right,NASDAQ,Stock,Active,
AMPGW,Amplitech Group Inc - Warrants (26/02/2026),NASDAQ,Stock,Active,
AMPGZ,Amplitech Group Inc Series B Right,NASDAQ,Stock,Active,
AMPH,Amphastar Pharmaceuticals Inc,NASDAQ,Stock,Active,
AMPL,Amplitude Inc - Class A,NASDAQ,Stock,Active,
AMPU,Defiance Daily Target 2X Long AMPX,BATS,Stock,Active,
AMPX,Amprius Technologies Inc,NYSE,Stock,Active,
AMPX-WS,Amprius Technologies Inc - Warrants Cl 1 (01/01/9999),NYSE,Stock,Active,
AMPY,Amplify Energy Corp,NYSE,Stock,Active,
AMR,Alpha Metallurgical Resources Inc,NYSE,Stock,Active,
AMRC,Ameresco Inc - Class A,NYSE,Stock,Active,
AMRN,Amarin Corp,NASDAQ,Stock,Active,
AMRS,nan,NASDAQ,Stock,Active,
AMRX,Amneal Pharmaceuticals Inc - Class A,NASDAQ,Stock,Active,
AMRZ,Amrize Ltd,NYSE,Stock,Active,
AMS,American Shared Hospital Services,NYSE MKT,Stock,Active,
AMSC,American Superconductor Corp,NASDAQ,Stock,Active,
AMSF,Amerisafe Inc,NASDAQ,Stock,Active,
AMSS,AMASS Brands Inc,NASDAQ,Stock,Active,
AMST,Amesite Inc,NASDAQ,Stock,Active,
AMT,American Tower Corp,NYSE,Stock,Active,
AMTB,Amerant Bancorp Inc - Class A,NYSE,Stock,Active,
AMTD,AMTD IDEA Group,NYSE,Stock,Active,
AMTM,Amentum Holdings Inc,NYSE,Stock,Active,
AMTM-W,Amentum Holdings Inc WhenIssued,NYSE,Stock,Active,
AMTX,Aemetis Inc,NASDAQ,Stock,Active,
AMUB,UBS AG London Branch,NYSE ARCA,ETF,Active,
AMUN,abrdn Ultra Short Municipal Income Active ETF,NASDAQ,ETF,Active,
AMUU,DIREXION DAILY AMD BULL 2X SHARES,NASDAQ,ETF,Active,
AMWD,American Woodmark Corp,NASDAQ,Stock,Active,
AMWL,American Well Corporation - Class A,NYSE,Stock,Active,
AMX,America Movil S.A.B.DE C.V.,NYSE,Stock,Active,
AMYY,GRANITESHARES YIELDBOOST AMD ETF,NASDAQ,ETF,Active,
AMZA,INFRACAP MLP ETF,NYSE ARCA,ETF,Active,
AMZD,DIREXION DAILY AMZN BEAR 1X SHARES,NASDAQ,ETF,Active,
AMZE,Amaze Holdings Inc,NYSE MKT,Stock,Active,
AMZN,Amazon.com Inc,NASDAQ,Stock,Active,
AMZO,Tradr 2X Short AMZN Daily,BATS,Stock,Active,
AMZP,Kurv Yield Premium Strategy Amazon (AMZN) ETF,BATS,ETF,Active,
AMZU,DIREXION DAILY AMZN BULL 2X SHARES,NASDAQ,ETF,Active,
AMZW,ROUNDHILL AMZN WEEKLYPAY ETF,BATS,ETF,Active,
AMZY,YIELDMAX(R) AMZN OPTION INCOME STRATEGY ETF,NYSE ARCA,ETF,Active,
AMZZ,GRANITESHARES 2X LONG AMZN DAILY ETF,NASDAQ,ETF,Active,
AN,Autonation Inc,NYSE,Stock,Active,
ANAB,AnaptysBio Inc,NASDAQ,Stock,Active,
ANABV,AnaptysBio Inc,NASDAQ,Stock,Active,
ANDE,Andersons Inc,NASDAQ,Stock,Active,
ANDG,Andersen Group Inc - Class A,NYSE,Stock,Active,
ANEL,Defiance Daily Target 2x Long ANET ETF,NASDAQ,ETF,Active,
ANET,Arista Networks Inc,NYSE,Stock,Active,
ANEW,PROSHARES MSCI TRANSFORMATIONAL CHANGES ETF,NYSE ARCA,ETF,Active,
ANF,Abercrombie & Fitch Co. - Class A,NYSE,Stock,Active,
ANGH,Anghami Inc,NASDAQ,Stock,Active,
ANGHW,Anghami Inc - Warrants (28/01/2027),NASDAQ,Stock,Active,
ANGI,Angi Inc - Class A,NASDAQ,Stock,Active,
ANGIV,Angi Inc,NASDAQ,Stock,Active,
ANGL,VANECK FALLEN ANGEL HIGH YIELD BOND ETF,NASDAQ,ETF,Active,
ANGO,Angiodynamic Inc,NASDAQ,Stock,Active,
ANGX,Angel Studios Inc - Class A,NYSE,Stock,Active,
ANIK,Anika Therapeutics Inc,NASDAQ,Stock,Active,
ANIP,ANI Pharmaceuticals Inc,NASDAQ,Stock,Active,
ANIX,Anixa Biosciences Inc,NASDAQ,Stock,Active,
ANL,Adlai Nortye Ltd,NASDAQ,Stock,Active,
ANNA,AleAnna Inc - Class A,NASDAQ,Stock,Active,
ANNAW,AleAnna Inc - Warrants (13/12/2029),NASDAQ,Stock,Active,
ANNX,Annexon Inc,NASDAQ,Stock,Active,
ANPA,Rich Sparkle Holdings Ltd,NASDAQ,Stock,Active,
ANRO,Alto Neuroscience Inc,NYSE,Stock,Active,
ANSC,Agriculture & Natural Solutions Acquisition Corp - Class A,NASDAQ,Stock,Active,
ANSCU,Agriculture & Natural Solutions Acquisition Corp - Units (1 Ord Class A & 1/2 War),NASDAQ,Stock,Active,
ANSCW,Agriculture & Natural Solutions Acquisition Corp - Warrants (03/10/2028),NASDAQ,Stock,Active,
ANSS,Ansys Inc,NASDAQ,Stock,Active,
ANTA,Antalpha Platform Holding Company,NASDAQ,Stock,Active,
ANTE,AirNet Technology Inc,NASDAQ,Stock,Active,
ANTX,AN2 Therapeutics Inc,NASDAQ,Stock,Active,
ANV,Allied Nevada Gold Corp,NASDAQ,Stock,Active,
ANVS,Annovis Bio Inc,NYSE,Stock,Active,
ANY,Sphere 3D Corp,NASDAQ,Stock,Active,
AOA,iShares Core Aggressive Allocation ETF,NYSE ARCA,ETF,Active,
AOA:BAT,iShares Aggressive Allocation,NYSE ARCA,Stock,Active,
AOCT,Innovator Equity Defined Protection ETF - 2 Yr to October 2026,BATS,ETF,Active,
AOD,abrdn Total Dynamic Dividend Fund,NYSE,ETF,Active,
AOHY,ANGEL OAK HIGH YIELD OPPORTUNITIES ETF,NASDAQ,ETF,Active,
AOK,ISHARES CORE CONSERVATIVE ALLOCATION ETF,NYSE ARCA,ETF,Active,
AOK:BAT,iShares Conservative Allocatio,NYSE ARCA,Stock,Active,
AOM,ISHARES CORE MODERATE ALLOCATION ETF,NYSE ARCA,ETF,Active,
AOM:BAT,iShares Moderate Allocation ET,NYSE ARCA,Stock,Active,
AOMD,Angel Oak Mortgage REIT Inc,NYSE,Stock,Active,
AOMN,Angel Oak Mortgage REIT Inc,NYSE,Stock,Active,
AOMR,Angel Oak Mortgage REIT Inc,NYSE,Stock,Active,
AON,Aon plc. - Class A,NYSE,Stock,Active,
AOR,ISHARES CORE GROWTH ALLOCATION ETF,NYSE ARCA,ETF,Active,
AOR:BAT,iShares Growth Allocation ETF,NYSE ARCA,ETF,Active,
AORT,Artivion Inc,NYSE,Stock,Active,
AOS,A.O. Smith Corp,NYSE,Stock,Active,
AOSL,Alpha & Omega Semiconductor Ltd,NASDAQ,Stock,Active,
AOTG,AOT GROWTH AND INNOVATION ETF,NASDAQ,ETF,Active,
AOUT,American Outdoor Brands Inc,NASDAQ,Stock,Active,
AP,Ampco-Pittsburgh Corp,NYSE,Stock,Active,
AP-WS,Ampco-Pittsburgh Corp - Warrants (01/08/2025),NYSE MKT,Stock,Active,
APA,APA Corporation,NASDAQ,Stock,Active,
APAC,StoneBridge Acquisition II Corp - Class A,NASDAQ,Stock,Active,
APACR,StoneBridge Acquisition II Corp,NASDAQ,Stock,Active,
APACU,StoneBridge Acquisition II Corp - Units (1 Ord Cls A & 1 Rts),NASDAQ,Stock,Active,
APAD,Enhanced Group Inc - Class A,NYSE,Stock,Active,
APADR,Enhanced Group Inc,NASDAQ,Stock,Active,
APADU,A Paradise Acquisition Corp Unit,NASDAQ,Stock,Active,
APAM,Artisan Partners Asset Management Inc - Class A,NYSE,Stock,Active,
APC,ARKO Petroleum Corp - Class A,NASDAQ,Stock,Active,
APCB,ACTIVEPASSIVE CORE BOND ETF,NYSE ARCA,ETF,Active,
APCXW,AppTech Payments Corp - Warrants (17/12/2026),NASDAQ,Stock,Active,
APD,Air Products & Chemicals Inc,NYSE,Stock,Active,
APDB,Aptus April Deep Buffer,BATS,Stock,Active,
APED,STKd 100 MSTR & 100 COIN ETF,NASDAQ,ETF,Active,
APEI,American Public Education Inc,NASDAQ,Stock,Active,
APG,APi Group Corporation,NYSE,Stock,Active,
APGB,Apollo Strategic Growth Capital II - Class A,NYSE,Stock,Active,
APGB-U,Apollo Strategic Growth Capital II - Units (1 Ord Share Class A & 1/5 War),NYSE,Stock,Active,
APGB-WS,Apollo Strategic Growth Capital II - Warrants (12/02/2028),NYSE,Stock,Active,
APGE,Apogee Therapeutics Inc,NASDAQ,Stock,Active,
APH,Amphenol Corp - Class A,NYSE,Stock,Active,
APHU,T-REX 2X LONG APH DAILY TARGET ETF,BATS,Stock,Active,
API,Agora Inc,NASDAQ,Stock,Active,
APIE,ACTIVEPASSIVE INTERNATIONAL EQUITY ETF,NYSE ARCA,ETF,Active,
APLD,Applied Digital Corporation,NASDAQ,Stock,Active,
APLE,Apple Hospitality REIT Inc,NYSE,Stock,Active,
APLM,Apollomics Inc - Class A,NASDAQ,Stock,Active,
APLMW,Apollomics Inc - Warrants (01/04/2028),NASDAQ,Stock,Active,
APLS,Apellis Pharmaceuticals Inc,NASDAQ,Stock,Active,
APLU,ALLSPRING CORE PLUS ETF,NYSE ARCA,ETF,Active,
APLX,APPLIX INC,BATS,Stock,Active,
APLY,YIELDMAX(R) AAPL OPTION INCOME STRATEGY ETF,NYSE ARCA,ETF,Active,
APLZ,Tradr 2X Short APLD Daily ETF,BATS,ETF,Active,
APM,Aptorum Group Ltd - Class A,NASDAQ,Stock,Active,
APMIU,AxonPrime Infrastructure Acquisition Corp - Units (1 Ord Share Class A & 1/3 War),NASDAQ,Stock,Active,
APMU,ACTIVEPASSIVE INTERMEDIATE MUNICIPAL BOND ETF,NYSE ARCA,ETF,Active,
APO,Apollo Global Management Inc,NYSE,Stock,Active,
APO-P-A,Apollo Global Management Inc,NYSE,Stock,Active,
APOC,Innovator Equity Defined Protection ETF - 6mo Apr/Oct,BATS,ETF,Active,
APOG,Apogee Enterprises Inc,NASDAQ,Stock,Active,
APOS,Apollo Global Management Inc,NYSE,Stock,Active,
APP,Applovin Corp - Class A,NASDAQ,Stock,Active,
APPF,Appfolio Inc - Class A,NASDAQ,Stock,Active,
APPN,Appian Corp - Class A,NASDAQ,Stock,Active,
APPS,Digital Turbine Inc,NASDAQ,Stock,Active,
APPX,TRADR 2X LONG APP DAILY ETF,NASDAQ,ETF,Active,
APRD,Innovator Premium Income 10 Barrier ETF - April,BATS,ETF,Active,
APRE,Aprea Therapeutics Inc,NASDAQ,Stock,Active,
APRH,Innovator Premium Income 20 Barrier ETF - April,BATS,ETF,Active,
APRJ,Innovator Premium Income 30 Barrier ETF - April,BATS,ETF,Active,
APRN,Blue Apron Holdings Inc - Class A,NASDAQ,Stock,Active,
APRP,PGIM S&P 500 BUFFER 12 ETF - APRIL,BATS,ETF,Active,
APRQ,Innovator Premium Income 40 Barrier ETF - April,BATS,ETF,Active,
APRT,ALLIANZIM U.S. EQUITY BUFFER10 APR ETF,NYSE ARCA,ETF,Active,
APRW,ALLIANZIM U.S. EQUITY BUFFER20 APR ETF,NYSE ARCA,ETF,Active,
APRZ,TRUESHARES STRUCTURED OUTCOME (APRIL) ETF,BATS,ETF,Active,
APT,Alpha Pro Tech Ltd,NYSE MKT,Stock,Active,
APTO,nan,NASDAQ,Stock,Active,
APTV,Aptiv PLC,NYSE,Stock,Active,
APTV-W,Aptiv PLC WhenIssued,NYSE,Stock,Active,
APUE,ACTIVEPASSIVE U.S. EQUITY ETF,NYSE ARCA,ETF,Active,
APURU,Aperture AC - Units (1 Ord Cls A & 1 Rts),NASDAQ,Stock,Active,
APUS,Apimeds Pharmaceuticals US Inc,NYSE MKT,Stock,Active,
APVO,Aptevo Therapeutics Inc,NASDAQ,Stock,Active,
APWC,Asia Pacific Wire & Cable,NASDAQ,Stock,Active,
APXT,Apex Treasury Corp - Class A,NASDAQ,Stock,Active,
APXTU,Apex Treasury Corp - Units (1 Ord Cls A & 1/2 War),NASDAQ,Stock,Active,
APXTW,Apex Treasury Corp - Warrants (07/10/2030),NASDAQ,Stock,Active,
APYX,Apyx Medical Corp,NASDAQ,Stock,Active,
AQB,AquaBounty Technologies Inc,NASDAQ,Stock,Active,
AQEC,AQE CORE ETF,BATS,ETF,Active,
AQMS,Aqua Metals Inc,NASDAQ,Stock,Active,
AQN,Algonquin Power & Utilities Corp,NYSE,Stock,Active,
AQNA,Algonquin Power & Utilities Corp,NYSE,Stock,Active,
AQNB,Algonquin Power & Utilities Corp,NYSE,Stock,Active,
AQST,Aquestive Therapeutics Inc,NASDAQ,Stock,Active,
AQWA,GLOBAL X CLEAN WATER ETF,NASDAQ,ETF,Active,
AR,Antero Resources Corp,NYSE,Stock,Active,
ARAI,Arrive AI Inc,NASDAQ,Stock,Active,
ARAY,Accuray Inc,NASDAQ,Stock,Active,
ARB,ALTSHARES MERGER ARBITRAGE ETF,NYSE ARCA,ETF,Active,
ARBB,ARB IOT Group Ltd,NASDAQ,Stock,Active,
ARBE,Arbe Robotics Ltd,NASDAQ,Stock,Active,
ARBEW,Arbe Robotics Ltd - Warrants (07/10/2026),NASDAQ,Stock,Active,
ARBGU,Aequi Acquisition Corp - Units (1 Ord Share Class A & 1/3 War),NASDAQ,Stock,Active,
ARBK,Argo Blockchain Plc,NASDAQ,Stock,Active,
ARBKL,Argo Blockchain Plc,NASDAQ,Stock,Active,
ARCB,ArcBest Corp,NASDAQ,Stock,Active,
ARCC,Ares Capital Corp,NASDAQ,Stock,Active,
ARCIU,Archimedes Tech SPAC Partners III Co. - Units (1 Ord Shs & 1/4 War),NASDAQ,Stock,Active,
ARCIW,Archimedes Tech SPAC Partners III Co. Warrant,NASDAQ,Stock,Active,
ARCK,Arbor Rapha Capital Bioholdings Corp I - Class A,NASDAQ,Stock,Active,
ARCKU,Arbor Rapha Capital Bioholdings Corp I - Units (1 Ord Share Class A & 1/3 War),NASDAQ,Stock,Active,
ARCKW,Arbor Rapha Capital Bioholdings Corp I - Warrants (31/10/2028),NASDAQ,Stock,Active,
ARCLU,ARC Group Acquisition I Corp - Units (1 Ord Cls A & 1/2 War),NASDAQ,Stock,Active,
ARCM,ARROW RESERVE CAPITAL MANAGEMENT ETF,BATS,ETF,Active,
ARCO,Arcos Dorados Holdings Inc - Class A,NYSE,Stock,Active,
ARCT,Arcturus Therapeutics Holdings Inc,NASDAQ,Stock,Active,
ARCX,TRADR 2X LONG ACHR DAILY ETF,BATS,ETF,Active,
ARDC,Ares Dynamic Credit Allocation Fund Inc,NYSE,ETF,Active,
ARDT,Ardent Health Partners Inc,NYSE,Stock,Active,
ARDX,Ardelyx Inc,NASDAQ,Stock,Active,
ARE,Alexandria Real Estate Equities Inc,NYSE,Stock,Active,
AREC,American Resources Corporation - Class A,NASDAQ,Stock,Active,
AREN,Arena Group Holdings Inc (The),NYSE MKT,Stock,Active,
ARES,Ares Management Corp - Class A,NYSE,Stock,Active,
ARGO,Argo Group International Holdings Ltd,NYSE,Stock,Active,
ARGT,GLOBAL X MSCI ARGENTINA ETF,NYSE ARCA,ETF,Active,
ARGT:BAT,Global X FTSE Argentina 20 ETF,NYSE ARCA,ETF,Active,
ARGU,Argus Capital Corp - Class A,NASDAQ,Stock,Active,
ARGUU,Argus Capital Corp - Units (1 Ord Share Class A & 1/2 War),NASDAQ,Stock,Active,
ARGUW,Argus Capital Corp - Warrants (31/08/2028),NASDAQ,Stock,Active,
ARGX,Argen X SE,NASDAQ,Stock,Active,
ARHS,Arhaus Inc Class A,NASDAQ,Stock,Active,
ARI,Apollo Commercial Real Estate Finance Inc,NYSE,Stock,Active,
ARIS,Aris Mining Corp,NYSE MKT,Stock,Active,
ARKB,ARK 21Shares Bitcoin ETF,BATS,ETF,Active,
ARKD,ARK 21Shares Blockchain and Digital Economy Innovation ETF,BATS,ETF,Active,
ARKF,ARK BLOCKCHAIN & FINTECH INNOVATION ETF,BATS,ETF,Active,
ARKG,ARK GENOMIC REVOLUTION ETF,BATS,ETF,Active,
ARKK,ARK INNOVATION ETF,BATS,ETF,Active,
ARKO,ARKO Corp - Class A,NASDAQ,Stock,Active,
ARKQ,ARK AUTONOMOUS TECHNOLOGY & ROBOTICS ETF,BATS,ETF,Active,
ARKR,Ark Restaurants Corp,NASDAQ,Stock,Active,
ARKW,ARK NEXT GENERATION INTERNET ETF,BATS,ETF,Active,
ARKX,ARK SPACE & DEFENSE INNOVATION ETF,BATS,ETF,Active,
ARL,American Realty Investors Inc,NYSE,Stock,Active,
ARLI,AllianzIM International Equity Buffer15 Uncapped Apr,BATS,Stock,Active,
ARLO,Arlo Technologies Inc,NYSE,Stock,Active,
ARLP,Alliance Resource Partners LP,NASDAQ,Stock,Active,
ARLU,ALLIANZIM U.S. EQUITY BUFFER15 UNCAPPED APR ETF,BATS,ETF,Active,
ARM,Arm Holdings plc.,NASDAQ,Stock,Active,
ARMG,LEVERAGE SHARES 2X LONG ARM DAILY ETF,NASDAQ,ETF,Active,
ARMK,Aramark,NYSE,Stock,Active,
ARMK-W,Aramark WhenIssued,NYSE,Stock,Active,
ARMP,Armata Pharmaceuticals Inc,NYSE MKT,Stock,Active,
ARMU,T-REX 2X LONG ARM DAILY TARGET ETF,AMEX,ETF,Active,
ARMW,ROUNDHILL ARM WEEKLYPAY ETF,BATS,ETF,Active,
ARMY,Tema International Defense ETF,NASDAQ,ETF,Active,
AROC,Archrock Inc,NYSE,Stock,Active,
AROW,Arrow Financial Corp,NASDAQ,Stock,Active,
ARP,PMV ADAPTIVE RISK PARITY ETF,NYSE ARCA,ETF,Active,
ARQ,Arq Inc,NASDAQ,Stock,Active,
ARQQ,Arqit Quantum Inc,NASDAQ,Stock,Active,
ARQQW,Arqit Quantum Inc - Warrants (02/11/2026),NASDAQ,Stock,Active,
ARQT,Arcutis Biotherapeutics Inc,NASDAQ,Stock,Active,
ARR,ARMOUR Residential REIT Inc,NYSE,Stock,Active,
ARR-P-C,ARMOUR Residential REIT Inc,NYSE,Stock,Active,
ARRY,Array Technologies Inc,NASDAQ,Stock,Active,
ARTC,ArthroCare Corp,NASDAQ,Stock,Active,
ARTCU,Art Technology Acquisition Corp - Units (1 Ord Cls A & 1/4 War),NASDAQ,Stock,Active,
ARTCW,Art Technology Acquisition Corp Warrants,NASDAQ,Stock,Active,
ARTE,Artemis Strategic Investment Corp - Class A,NASDAQ,Stock,Active,
ARTEU,Artemis Strategic Investment Corp - Units (1 Ord Share Class A & 1/2 War),NASDAQ,Stock,Active,
ARTL,Artelo Biosciences Inc,NASDAQ,Stock,Active,
ARTNA,Artesian Resources Corp - Class A,NASDAQ,Stock,Active,
ARTV,Artiva Biotherapeutics Inc,NASDAQ,Stock,Active,
ARTW,Art`s-way Manufacturing Co. Inc,NASDAQ,Stock,Active,
ARTY,ISHARES FUTURE AI & TECH ETF,NYSE ARCA,ETF,Active,
ARVN,Arvinas Inc,NASDAQ,Stock,Active,
ARVR,FIRST TRUST INDXX METAVERSE ETF,NASDAQ,ETF,Active,
ARW,Arrow Electronics Inc,NYSE,Stock,Active,
ARWG,Archer Growth ETF,BATS,ETF,Active,
ARWR,Arrowhead Pharmaceuticals Inc,NASDAQ,Stock,Active,
ARX,Accelerant Holdings - Class A,NYSE,Stock,Active,
ARXS,Arxis Inc - Class A,NASDAQ,Stock,Active,
AS,Amer Sports Inc,NYSE,Stock,Active,
ASA,ASA Gold and Precious Metals Ltd,NYSE,ETF,Active,
ASAN,Asana Inc - Class A,NYSE,Stock,Active,
ASB,Associated Banc-Corp,NYSE,Stock,Active,
ASB-P-E,Associated Banc-Corp,NYSE,Stock,Active,
ASB-P-F,Associated Banc-Corp,NYSE,Stock,Active,
ASBA,Associated Banc-Corp,NYSE,Stock,Active,
ASBP,Aspire Biopharma Holdings Inc,NASDAQ,Stock,Active,
ASBPW,Aspire Biopharma Holdings Inc - Warrants (18/02/2030),NASDAQ,Stock,Active,
ASC,Ardmore Shipping Corp,NYSE,Stock,Active,
ASCE,ALLSPRING SMID CORE ETF,NYSE ARCA,ETF,Active,
ASCI,abrdn International Small Cap Active ETF,NASDAQ,ETF,Active,
ASEA,GLOBAL X FTSE SOUTHEAST ASIA ETF,NYSE ARCA,ETF,Active,
ASEA:BAT,Global X FTSE ASEAN 40 ETF,NYSE ARCA,ETF,Active,
ASET,FlexShares Real Assets Allocation Index Fund,NASDAQ,ETF,Active,
ASG,Liberty All-Star Growth Fund Inc,NYSE,ETF,Active,
ASGI,abrdn Global Infrastructure Income Fund,NYSE,Stock,Active,
ASGM,Virtus ETF Trust II AlphaSimplex Global Macro,NYSE ARCA,ETF,Active,
ASH,Ashland Inc,NYSE,Stock,Active,
ASHR,XTRACKERS HARVEST CSI 300 CHINA A-SHARES ETF,NYSE ARCA,ETF,Active,
ASHS,XTRACKERS HARVEST CSI 500 CHINA A-SHARES SMALL CAP ETF,NYSE ARCA,ETF,Active,
ASIA,MATTHEWS PACIFIC TIGER ACTIVE ETF,NYSE ARCA,ETF,Active,
ASIC,Ategrity Specialty Holdings LLC,NYSE,Stock,Active,
ASIX,AdvanSix Inc,NYSE,Stock,Active,
ASLE,AerSale Corp,NASDAQ,Stock,Active,
ASLV,ALLSPRING SPECIAL LARGE VALUE ETF,NYSE ARCA,ETF,Active,
ASM,Avino Silver & Gold Mines Ltd,NYSE MKT,Stock,Active,
ASMB,Assembly Biosciences Inc,NASDAQ,Stock,Active,
ASMF,Virtus AlphaSimplex Managed Futures ETF,NYSE ARCA,ETF,Active,
ASMG,LEVERAGE SHARES 2X LONG ASML DAILY ETF,NASDAQ,ETF,Active,
ASML,ASML Holding NV,NASDAQ,Stock,Active,
ASMU,Direxion Daily ASML Bull 2X ETF,NASDAQ,ETF,Active,
ASND,Ascendis Pharma A/S,NASDAQ,Stock,Active,
ASO,Academy Sports and Outdoors Inc,NASDAQ,Stock,Active,
ASPC,Alpha Capital Acquisition Co - Class A,NASDAQ,Stock,Active,
ASPCR,A SPAC III Acquisition Corp,NASDAQ,Stock,Active,
ASPCU,A SPAC III Acquisition Corp - Units (1 Ord Cls A & 1 Rts),NASDAQ,Stock,Active,
ASPI,ASP Isotopes Inc,NASDAQ,Stock,Active,
ASPN,Aspen Aerogels Inc,NYSE,Stock,Active,
ASPS,Altisource Portfolio Solutions S.A.,NASDAQ,Stock,Active,
ASPSW,Altisource Portfolio Solutions S.A. Net Settle Stakeholder Warrants,NASDAQ,Stock,Active,
ASPSZ,Altisource Portfolio Solutions S.A. Cash Exercise Stakeholder Warrants,NASDAQ,Stock,Active,
ASPY,ASYMmetric Smart S&P 500 ETF,NYSE ARCA,ETF,Active,
ASR,Grupo Aeroportuario Del Sureste S.A.,NYSE,Stock,Active,
ASRT,Assertio Holdings Inc,NASDAQ,Stock,Active,
ASRV,Ameriserv Financial Inc,NASDAQ,Stock,Active,
ASST,Asset Entities Inc - Class B,NASDAQ,Stock,Active,
ASTC,Astrotech Corp,NASDAQ,Stock,Active,
ASTE,Astec Industries Inc,NASDAQ,Stock,Active,
ASTH,Apollo Medical Holdings Inc,NASDAQ,Stock,Active,
ASTI,Ascent Solar Technologies Inc,NASDAQ,Stock,Active,
ASTL,Algoma Steel Group Inc,NASDAQ,Stock,Active,
ASTLW,Algoma Steel Group Inc - Warrants (19/10/2026),NASDAQ,Stock,Active,
ASTS,AST SpaceMobile Inc - Class A,NASDAQ,Stock,Active,
ASTX,Astex Pharmaceuticals Inc,BATS,Stock,Active,
ASTY,Defiance Daily Target 2X Long ASTS,BATS,Stock,Active,
ASUP,TREX 2X Long ASTS Daily Target,BATS,Stock,Active,
ASUR,Asure Software Inc,NASDAQ,Stock,Active,
ASX,ASE Technology Holding Co.Ltd,NYSE,Stock,Active,
ASYS,Amtech Systems Inc,NASDAQ,Stock,Active,
ATAI,ATAI Life Sciences N.V.,NASDAQ,Stock,Active,
ATAT,Atour Lifestyle Holdings Ltd,NASDAQ,Stock,Active,
ATCH,AtlasClear Holdings Inc,NYSE MKT,Stock,Active,
ATCL,REX Autocallable Income,NYSE ARCA,Stock,Active,
ATCO-P-D,Atlas Corp,NYSE,Stock,Active,
ATCOL,Atlas Corp,NASDAQ,Stock,Active,
ATCX,Atlas Technical Consultants Inc - Class A,NASDAQ,Stock,Active,
ATEC,Alphatec Holdings Inc,NASDAQ,Stock,Active,
ATEN,A10 Networks Inc,NYSE,Stock,Active,
ATER,Aterian Inc,NASDAQ,Stock,Active,
ATEST,ATEST,AMEX,Stock,Active,
ATEST-A,ATEST.A,NYSE MKT,Stock,Active,
ATEST-B,ATEST.B,NYSE MKT,Stock,Active,
ATEST-C,ATESTC,NYSE MKT,Stock,Active,
ATEST-G,ATESTG,NYSE MKT,Stock,Active,
ATEST-H,ATEST.H,NYSE MKT,Stock,Active,
ATEST-L,ATEST.L,NYSE MKT,Stock,Active,
ATEX,Anterix Inc,NASDAQ,Stock,Active,
ATFV,ALGER 35 ETF,NYSE ARCA,ETF,Active,
ATGL,Alpha Technology Group Ltd,NASDAQ,Stock,Active,
ATH-P-A,Athene Holding Ltd,NYSE,Stock,Active,
ATH-P-D,Athene Holding Ltd,NYSE,Stock,Active,
ATH-P-E,Athene Holding Ltd,NYSE,Stock,Active,
ATHE,Alterity Therapeutics Ltd,NASDAQ,Stock,Active,
ATHM,Autohome Inc,NYSE,Stock,Active,
ATHR,Aether Holdings Inc,NASDAQ,Stock,Active,
ATHS,Athene Holding Ltd,NYSE,Stock,Active,
ATI,ATI Inc,NYSE,Stock,Active,
ATII,Archimedes Tech SPAC Partners II Company,NASDAQ,Stock,Active,
ATIIU,Archimedes Tech SPAC Partners II Co. - Units (1 Ord & 1/2 War),NASDAQ,Stock,Active,
ATIIW,Archimedes Tech SPAC Partners II Co. - Warrants (05/02/2030),NASDAQ,Stock,Active,
ATKR,Atkore Inc,NYSE,Stock,Active,
ATLC,Atlanticus Holdings Corp,NASDAQ,Stock,Active,
ATLCL,Atlanticus Holdings Corp,NASDAQ,Stock,Active,
ATLCP,Atlanticus Holdings Corp,NASDAQ,Stock,Active,
ATLCZ,Atlanticus Holdings Corp,NASDAQ,Stock,Active,
ATLN,Atlantic International Corp,NASDAQ,Stock,Active,
ATLO,Ames National Corp,NASDAQ,Stock,Active,
ATLX,Atlas Lithium Corporation,NASDAQ,Stock,Active,
ATMC,AlphaTime Acquisition Corp,NASDAQ,Stock,Active,
ATMCR,AlphaTime Acquisition Corp,NASDAQ,Stock,Active,
ATMCU,AlphaTime Acquisition Corp - Units (1 Ord & 1 War & 1 Right),NASDAQ,Stock,Active,
ATMCW,AlphaTime Acquisition Corp - Warrants (01/03/2028),NASDAQ,Stock,Active,
ATMP,iPath Select MLP ETN,BATS,ETF,Active,
ATMP:BAT,Barclays Etn Select Mlp Etn,BATS,Stock,Active,
ATMU,Atmus Filtration Technologies Inc,NYSE,Stock,Active,
ATNI,ATN International Inc,NASDAQ,Stock,Active,
ATNM,Actinium Pharmaceuticals Inc,NYSE MKT,Stock,Active,
ATO,Atmos Energy Corp,NYSE,Stock,Active,
ATOM,Atomera Inc,NASDAQ,Stock,Active,
ATOS,Atossa Therapeutics Inc,NASDAQ,Stock,Active,
ATPC,Agape ATP Corp,NASDAQ,Stock,Active,
ATR,Aptargroup Inc,NYSE,Stock,Active,
ATRA,Atara Biotherapeutics Inc,NASDAQ,Stock,Active,
ATRC,Atricure Inc,NASDAQ,Stock,Active,
ATRO,Astronics Corp,NASDAQ,Stock,Active,
ATS,ATS Corporation.,NYSE,Stock,Active,
ATTR,Arin Tactical Tail Risk ETF,BATS,ETF,Active,
ATXG,Addentax Group Corp,NASDAQ,Stock,Active,
ATYR,Atyr Pharma Inc,NASDAQ,Stock,Active,
AU,AngloGold Ashanti Plc.,NYSE,Stock,Active,
AUB,Atlantic Union Bankshares Corp,NYSE,Stock,Active,
AUB-P-A,Atlantic Union Bankshares Corp,NYSE,Stock,Active,
AUBN,Auburn National Bancorp Inc,NASDAQ,Stock,Active,
AUC,ATIF Holdings Ltd,NASDAQ,Stock,Active,
AUDC,Audiocodes,NASDAQ,Stock,Active,
AUGM,FT Vest U.S. Equity Max Buffer ETF - August,BATS,ETF,Active,
AUGP,PGIM S&P 500 BUFFER 12 ETF - AUGUST,BATS,ETF,Active,
AUGT,ALLIANZIM U.S. EQUITY BUFFER10 AUG ETF,NYSE ARCA,ETF,Active,
AUGU,ALLIANZIM U.S. EQUITY BUFFER15 UNCAPPED AUG ETF,BATS,ETF,Active,
AUGW,ALLIANZIM U.S. EQUITY BUFFER20 AUG ETF,NYSE ARCA,ETF,Active,
AUGZ,TRUESHARES STRUCTURED OUTCOME (AUGUST) ETF,BATS,ETF,Active,
AUID,authID Inc,NASDAQ,Stock,Active,
AULT,Hyperscale Data Inc,NYSE MKT,Stock,Active,
AULT-P-D,Ault Alliance Inc,NYSE MKT,Stock,Active,
AUMI,THEMES GOLD MINERS ETF,NASDAQ,ETF,Active,
AUNA,Auna S.A. - Cls A,NYSE,Stock,Active,
AUPH,Aurinia Pharmaceuticals Inc,NASDAQ,Stock,Active,
AUR,Aurora Innovation Inc - Class A,NASDAQ,Stock,Active,
AURA,Aura Biosciences Inc,NASDAQ,Stock,Active,
AURC,Better Home & Finance Holding Co. - Class A,NASDAQ,Stock,Active,
AURE,Aurelion Inc - Class A,NASDAQ,Stock,Active,
AUROW,Aurora Innovation Inc - Warrants (03/11/2026),NASDAQ,Stock,Active,
AURU,Tradr 2X Long AUR Daily ETF,BATS,ETF,Active,
AUSF,GLOBAL X ADAPTIVE U.S. FACTOR ETF,NYSE ARCA,ETF,Active,
AUSM,Allspring Ultra Short Municipal ETF,NYSE ARCA,ETF,Active,
AUST,Austin Gold Corp,NYSE MKT,Stock,Active,
AUTL,Autolus Therapeutics plc,NASDAQ,Stock,Active,
AUUD,Auddia Inc,NASDAQ,Stock,Active,
AV,Aviva plc,NYSE,Stock,Active,
AVA,Avista Corp,NYSE,Stock,Active,
AVACU,Avalon Acquisition Inc - Units (1 Ord Share Class A & 3/4 War),NASDAQ,Stock,Active,
AVAH,Aveanna Healthcare Holdings Inc,NASDAQ,Stock,Active,
AVAL,Grupo Aval Acciones y Valores S.A.,NYSE,Stock,Active,
AVAV,AeroVironment Inc,NASDAQ,Stock,Active,
AVAZ,2x Avalanche,BATS,Stock,Active,
AVB,Avalonbay Communities Inc,NYSE,Stock,Active,
AVBC,Avidia Bancorp Inc,NYSE,Stock,Active,
AVBP,ArriVent BioPharma Inc,NASDAQ,Stock,Active,
AVD,American Vanguard Corp,NYSE,Stock,Active,
AVDE,AVANTIS INTERNATIONAL EQUITY ETF,NYSE ARCA,ETF,Active,
AVDL,Avadel Pharmaceuticals plc,NASDAQ,Stock,Active,
AVDS,AVANTIS INTERNATIONAL SMALL CAP EQUITY ETF,NYSE ARCA,ETF,Active,
AVDV,AVANTIS INTERNATIONAL SMALL CAP VALUE ETF,NYSE ARCA,ETF,Active,
AVEE,AVANTIS EMERGING MARKETS SMALL CAP EQUITY ETF,NYSE ARCA,ETF,Active,
AVEM,AVANTIS EMERGING MARKETS EQUITY ETF,NYSE ARCA,ETF,Active,
AVES,AVANTIS EMERGING MARKETS VALUE ETF,NYSE ARCA,ETF,Active,
AVEX,AEVEX Corp - Class A,NYSE,Stock,Active,
AVGE,AVANTIS ALL EQUITY MARKETS ETF,NYSE ARCA,ETF,Active,
AVGO,Broadcom Inc,NASDAQ,Stock,Active,
AVGV,AVANTIS ALL EQUITY MARKETS VALUE ETF,NYSE ARCA,ETF,Active,
AVGW,ROUNDHILL AVGO WEEKLYPAY ETF,BATS,ETF,Active,
AVGX,DEFIANCE DAILY TARGET 2X LONG AVGO ETF,NASDAQ,ETF,Active,
AVIE,AVANTIS INFLATION FOCUSED EQUITY ETF,NYSE ARCA,ETF,Active,
AVIG,AVANTIS CORE FIXED INCOME ETF,NYSE ARCA,ETF,Active,
AVIR,Atea Pharmaceuticals Inc,NASDAQ,Stock,Active,
AVIV,AVANTIS INTERNATIONAL LARGE CAP VALUE ETF,NYSE ARCA,ETF,Active,
AVK,Advent Convertible and Income Fund,NYSE,ETF,Active,
AVK-R,Advent Convertible and Income Fund Rights expiring October 17 2024 Rights,NYSE,Stock,Active,
AVK-R-W,Advent Convertible and Income Fund Rights expiring October 17 2024 Rights when issued,NYSE,Stock,Active,
AVL,DIREXION DAILY AVGO BULL 2X SHARES,NASDAQ,ETF,Active,
AVLC,AVANTIS U.S. LARGE CAP EQUITY ETF,NYSE ARCA,ETF,Active,
AVLN,Avalyn Pharma Inc,NASDAQ,Stock,Active,
AVLV,AVANTIS U.S. LARGE CAP VALUE ETF,NYSE ARCA,ETF,Active,
AVMA,AVANTIS MODERATE ALLOCATION ETF,NYSE ARCA,ETF,Active,
AVMC,AVANTIS U.S. MID CAP EQUITY ETF,NYSE ARCA,ETF,Active,
AVMU,AVANTIS CORE MUNICIPAL FIXED INCOME ETF,NYSE ARCA,ETF,Active,
AVNM,AVANTIS ALL INTERNATIONAL MARKETS EQUITY ETF,NYSE ARCA,ETF,Active,
AVNS,Avanos Medical Inc,NYSE,Stock,Active,
AVNT,Avient Corp,NYSE,Stock,Active,
AVNV,AVANTIS ALL INTERNATIONAL MARKETS VALUE ETF,NYSE ARCA,ETF,Active,
AVNW,Aviat Networks Inc,NASDAQ,Stock,Active,
AVO,Mission Produce Inc,NASDAQ,Stock,Active,
AVPT,AvePoint Inc - Class A,NASDAQ,Stock,Active,
AVR,Anteris Technologies Global Corp,NASDAQ,Stock,Active,
AVRE,AVANTIS REAL ESTATE ETF,NYSE ARCA,ETF,Active,
AVRO,nan,NASDAQ,Stock,Active,
AVS,DIREXION DAILY AVGO BEAR 1X SHARES,NASDAQ,ETF,Active,
AVSC,AVANTIS U.S. SMALL CAP EQUITY ETF,NYSE ARCA,ETF,Active,
AVSD,AVANTIS RESPONSIBLE INTERNATIONAL EQUITY ETF,NYSE ARCA,ETF,Active,
AVSE,AVANTIS RESPONSIBLE EMERGING MARKETS EQUITY ETF,NYSE ARCA,ETF,Active,
AVSF,Avantis Short-Term Fixed Income ETF,NYSE ARCA,ETF,Active,
AVSU,AVANTIS RESPONSIBLE U.S. EQUITY ETF,NYSE ARCA,ETF,Active,
AVT,Avnet Inc,NASDAQ,Stock,Active,
AVTM,AVANTIS TOTAL EQUITY MARKETS ETF,NASDAQ,ETF,Active,
AVTR,Avantor Inc,NYSE,Stock,Active,
AVTX,Avalo Therapeutics Inc,NASDAQ,Stock,Active,
AVUS,AVANTIS U.S. EQUITY ETF,NYSE ARCA,ETF,Active,
AVUV,AVANTIS U.S. SMALL CAP VALUE ETF,NYSE ARCA,ETF,Active,
AVX,AgriFORCE Growing Systems Ltd,NASDAQ,Stock,Active,
AVXC,Avantis Emerging Markets ex-China Equity ETF,NASDAQ,ETF,Active,
AVXL,Anavex Life Sciences Corporation,NASDAQ,Stock,Active,
AVXX,Defiance Daily Target 2x Long AVAV ETF,NASDAQ,ETF,Active,
AVY,Avery Dennison Corp,NYSE,Stock,Active,
AWAY,Amplify Travel Tech ETF,NYSE ARCA,ETF,Active,
AWF,AllianceBernstein Global High Income Fund Inc,NYSE,ETF,Active,
AWI,Armstrong World Industries Inc,NYSE,Stock,Active,
AWK,American Water Works Co. Inc,NYSE,Stock,Active,
AWP,abrdn Global Premier Properties Fund,NYSE,ETF,Active,
AWR,American States Water Company,NYSE,Stock,Active,
AWRE,Aware Inc,NASDAQ,Stock,Active,
AWX,Avalon Holdings Corp - Class A,NYSE MKT,Stock,Active,
AX,Axos Financial Inc,NYSE,Stock,Active,
AXAC-R,AXIOS Sustainable Growth Acquisition Corporation Rights to receive onetenth 110 of one Class A ordinary share,NYSE,Stock,Active,
AXDX,nan,NASDAQ,Stock,Active,
AXG,Solowin Holdings,NASDAQ,Stock,Active,
AXGN,Axogen Inc,NASDAQ,Stock,Active,
AXIA,Axia Energia,NYSE,Stock,Active,
AXIA-P,AXIA Energia American Depositary Shares Each representing one Preferred Share,NYSE,Stock,Active,
AXIA-P-C,AXIA Energia American Depositary Shares each representing one Preferred Class C Share,NYSE,Stock,Active,
AXIN,Axiom Intelligence Acquisition Corp 1,NASDAQ,Stock,Active,
AXINR,Axiom Intelligence Acquisition Corp 1 Right,NASDAQ,Stock,Active,
AXINU,Axiom Intelligence Acquisition Corp 1 - Units (1 Ord Cls A & 1 Rts),NASDAQ,Stock,Active,
AXNX,Axonics Inc,NASDAQ,Stock,Active,
AXON,Axon Enterprise Inc,NASDAQ,Stock,Active,
AXP,American Express Company,NYSE,Stock,Active,
AXPG,Leverage Shares 2x Long AXP Daily ETF,NASDAQ,ETF,Active,
AXR,AMREP Corp,NYSE,Stock,Active,
AXS,Axis Capital Holdings Ltd,NYSE,Stock,Active,
AXS-P-E,Axis Capital Holdings Ltd,NYSE,Stock,Active,
AXSM,Axsome Therapeutics Inc,NASDAQ,Stock,Active,
AXTA,Axalta Coating Systems Ltd,NYSE,Stock,Active,
AXTI,AXT Inc,NASDAQ,Stock,Active,
AXTU,TREX 2X Long AXTI Daily Target,BATS,Stock,Active,
AXTX,Tradr 2X Long AXTI Daily,BATS,Stock,Active,
AXUP,TREX 2X Long AXON Daily Target ETF,BATS,ETF,Active,
AYI,Acuity Brands Inc,NYSE,Stock,Active,
AYTU,Aytu BioPharma Inc,NASDAQ,Stock,Active,
AZ,A2Z Smart Technologies Corp,NASDAQ,Stock,Active,
AZI,Autozi Internet Technology (Global) Ltd - Class A,NASDAQ,Stock,Active,
AZN,Astrazeneca plc,NASDAQ,Stock,Active,
AZO,Autozone Inc,NYSE,Stock,Active,
AZTA,Azenta Inc,NASDAQ,Stock,Active,
AZTD,AZTLAN GLOBAL STOCK SELECTION DM SMID ETF,NYSE ARCA,ETF,Active,
AZTR,Azitra Inc,NYSE MKT,Stock,Active,
AZYY,GRANITESHARES YIELDBOOST AMZN ETF,NASDAQ,ETF,Active,
AZZ,AZZ Inc,NYSE,Stock,Active,
B,Barrick Gold Corp,NYSE,Stock,Active,
BA,Boeing Company,NYSE,Stock,Active,
BAB,INVESCO TAXABLE MUNICIPAL BOND ETF,NYSE ARCA,ETF,Active,
BAB:BAT,PowerShares Build America Bond Portfolio,NYSE ARCA,Stock,Active,
BABA,Alibaba Group Holding Ltd,NYSE,Stock,Active,
BABO,YIELDMAX(R) BABA OPTION INCOME STRATEGY ETF,NYSE ARCA,ETF,Active,
BABU,Direxion Daily BABA Bull 2X ETF,NASDAQ,ETF,Active,
BABW,ROUNDHILL BABA WEEKLYPAY ETF,BATS,ETF,Active,
BABX,GRANITESHARES 2X LONG BABA DAILY ETF,NASDAQ,ETF,Active,
BAC,Bank Of America Corp,NYSE,Stock,Active,
BAC-P-B,Bank Of America Corp,NYSE,Stock,Active,
BAC-P-E,Bank Of America Corp,NYSE,Stock,Active,
BAC-P-K,Bank Of America Corp,NYSE,Stock,Active,
BAC-P-L,Bank Of America Corp,NYSE,Stock,Active,
BAC-P-M,Bank Of America Corp,NYSE,Stock,Active,
BAC-P-N,Bank Of America Corp. PRF PERPETUAL USD Ser LL DpSh11000th,NYSE,Stock,Active,
BAC-P-O,Bank Of America Corp,NYSE,Stock,Active,
BAC-P-P,Bank Of America Corp,NYSE,Stock,Active,
BAC-P-Q,Bank Of America Corp,NYSE,Stock,Active,
BAC-P-S,Bank Of America Corp,NYSE,Stock,Active,
BACC,Blue Acquisition Corp,NASDAQ,Stock,Active,
BACCR,Blue Acquisition Corp Right,NASDAQ,Stock,Active,
BACCU,Blue Acquisition Corp - Units (1 Ord Cls A & 1 Rts),NASDAQ,Stock,Active,
BACQR,Merlin Inc,NASDAQ,Stock,Active,
BACQU,Merlin Inc - Units (1Ord Class A & 1 Rights),NASDAQ,Stock,Active,
BAD,T-REX 2X INVERSE BA DAILY TARGET ETF,NYSE ARCA,ETF,Active,
BAER,Bridger Aerospace Group Holdings Inc - Class A,NASDAQ,Stock,Active,
BAERW,Bridger Aerospace Group Holdings Inc - Warrants (24/01/2028),NASDAQ,Stock,Active,
BAFE,BROWN ADVISORY FLEXIBLE EQUITY ETF,NASDAQ,ETF,Active,
BAFN,BayFirst Financial Corp,NASDAQ,Stock,Active,
BAH,Booz Allen Hamilton Holding Corp - Class A,NYSE,Stock,Active,
BAI,iShares A.I. Innovation and Tech Active ETF,NYSE ARCA,ETF,Active,
BAIG,LEVERAGE SHARES 2X LONG BBAI DAILY ETF,NASDAQ,ETF,Active,
BAIV,Brown Advisory International Value Select ETF,NASDAQ,ETF,Active,
BAK,Braskem S.A.,NYSE,Stock,Active,
BALI,BlackRock Advantage Large Cap Income ETF,BATS,ETF,Active,
BALL,Ball Corp,NYSE,Stock,Active,
BALQ,iShares Nasdaq Premium Income Active ETF,NASDAQ,ETF,Active,
BALT,Innovator Defined Wealth Shield ETF,BATS,ETF,Active,
BALY,Ballys Corporation,NYSE,Stock,Active,
BALY-T,Ballys Corporation Rolling Shares,NYSE,Stock,Active,
BAM,Brookfield Asset Management Ltd - Class A,NYSE,Stock,Active,
BAMA,Brookstone Active ETF,BATS,ETF,Active,
BAMB,Brookstone Intermediate Bond ETF,BATS,ETF,Active,
BAMD,Brookstone Dividend Stock ETF,BATS,ETF,Active,
BAMG,Brookstone Growth Stock ETF,BATS,ETF,Active,
BAMO,Brookstone Opportunities ETF,BATS,ETF,Active,
BAMU,Brookstone Ultra-Short Bond ETF,BATS,ETF,Active,
BAMV,Brookstone Value Stock ETF,BATS,ETF,Active,
BAMY,Brookstone Yield ETF,BATS,ETF,Active,
BANC,Banc of California Inc,NYSE,Stock,Active,
BANC-P-F,Banc of California Inc,NYSE,Stock,Active,
BAND,Bandwidth Inc - Class A,NASDAQ,Stock,Active,
BANF,Bancfirst Corp,NASDAQ,Stock,Active,
BANFP,BancFirst Corporation 72 Cumulative Trust Preferred Securities,NASDAQ,Stock,Active,
BANL,CBL International Ltd,NASDAQ,Stock,Active,
BANR,Banner Corp,NASDAQ,Stock,Active,
BANX,ArrowMark Financial Corp,NASDAQ,Stock,Active,
BAOS,Baosheng Media Group Holdings Ltd,NASDAQ,Stock,Active,
BAP,Credicorp Ltd,NYSE,Stock,Active,
BAPR,Innovator U.S. Equity Buffer ETF - April,BATS,ETF,Active,
BAR,GraniteShares Gold Shares,NYSE ARCA,ETF,Active,
BARK,BARK Inc - Class A,NYSE,Stock,Active,
BARK-WS,Original BARK Co The Wt Exp 05012026,NYSE,Stock,Active,
BATL,Battalion Oil Corp (New),NYSE MKT,Stock,Active,
BATRA,Atlanta Braves Holdings Inc - Class A,NASDAQ,Stock,Active,
BATRK,Atlanta Braves Holdings Inc - Class C,NASDAQ,Stock,Active,
BATT,AMPLIFY LITHIUM & BATTERY TECHNOLOGY ETF,NYSE ARCA,ETF,Active,
BAUG,Innovator U.S. Equity Buffer ETF - August,BATS,ETF,Active,
BAVA,Bitwise Avalanche ETF,NYSE ARCA,ETF,Active,
BAX,Baxter International Inc,NYSE,Stock,Active,
BAYA,Bayview Acquisition Corp - Class A,NASDAQ,Stock,Active,
BAYAR,Bayview Acquisition Corp,NASDAQ,Stock,Active,
BAYAU,Bayview Acquisition Corp - Units (1 Ord & 1 Right),NASDAQ,Stock,Active,
BB,BlackBerry Ltd,NYSE,Stock,Active,
BBAG,JPMorgan BetaBuilders U.S. Aggregate Bond ETF,NYSE ARCA,ETF,Active,
BBAI,BigBear.ai Holdings Inc,NYSE,Stock,Active,
BBAI-WS,BigBear.ai Inc Redeemable Warrants each exercisable for one share of Common Stock at an exercise price of 11.50 per share,NYSE,Stock,Active,
BBAR,BBVA Argentina,NYSE,Stock,Active,
BBAX,JPMORGAN BETABUILDERS DEVELOPED ASIA PACIFIC EX-JAPAN ETF,BATS,ETF,Active,
BBB,CYBER HORNET S&P 500(R) AND BITCOIN 75/25 STRATEGY ETF,NASDAQ,ETF,Active,
BBBI,BondBloxx BBB Rated 5-10 Year Corporate Bond ETF,NYSE ARCA,ETF,Active,
BBBL,BondBloxx BBB Rated 10+ Year Corporate Bond ETF,NYSE ARCA,ETF,Active,
BBBS,BondBloxx BBB Rated 1-5 Year Corporate Bond ETF,NYSE ARCA,ETF,Active,
BBBY,Beyond Inc,NYSE,Stock,Active,
BBBY-WS,Bed Bath & Beyond Inc Warrants 07102026,NYSE,Stock,Active,
BBC,Virtus LifeSci Biotech Clinical Trials ETF,NYSE ARCA,ETF,Active,
BBCA,JPMORGAN BETABUILDERS CANADA ETF,BATS,ETF,Active,
BBCB,JPMorgan BetaBuilders USD Investment Grade Corporate Bond ETF,NYSE ARCA,ETF,Active,
BBCP,Concrete Pumping Holdings Inc - Class A,NASDAQ,Stock,Active,
BBCQ,Bleichroeder Acquisition Corp II,NASDAQ,Stock,Active,
BBCQU,Bleichroeder Acquisition Corp II - Units (1 Ord Cls A & 1/3 War),NASDAQ,Stock,Active,
BBCQW,Bleichroeder Acquisition Corp II Warrants,NASDAQ,Stock,Active,
BBD,Banco Bradesco S.A.,NYSE,Stock,Active,
BBDC,Barings BDC Inc,NYSE,Stock,Active,
BBDO,Banco Bradesco S.A.,NYSE,Stock,Active,
BBEM,JPMORGAN BETABUILDERS EMERGING MARKETS EQUITY ETF,BATS,ETF,Active,
BBEU,JPMORGAN BETABUILDERS EUROPE ETF,BATS,ETF,Active,
BBGI,Beasley Broadcast Group Inc - Class A,NASDAQ,Stock,Active,
BBH,VANECK BIOTECH ETF,NASDAQ,ETF,Active,
BBHL,BBH Trust Select Large Cap,NYSE ARCA,Stock,Active,
BBHM,BBH Trust Select Mid Cap,NYSE ARCA,Stock,Active,
BBHY,JPMORGAN BETABUILDERS USD HIGH YIELD CORPORATE BOND ETF,BATS,ETF,Active,
BBIB,JPMORGAN BETABUILDERS U.S. TREASURY BOND 3-10 YEAR ETF,BATS,ETF,Active,
BBIN,JPMORGAN BETABUILDERS INTERNATIONAL EQUITY ETF,BATS,ETF,Active,
BBIO,BridgeBio Pharma Inc,NASDAQ,Stock,Active,
BBJP,JPMORGAN BETABUILDERS JAPAN ETF,BATS,ETF,Active,
BBLB,JPMORGAN BETABUILDERS U.S. TREASURY BOND 20+ YEAR ETF,BATS,ETF,Active,
BBLG,Bone Biologics Corp,NASDAQ,Stock,Active,
BBLGW,Bone Biologics Corp - Warrants (13/10/2026),NASDAQ,Stock,Active,
BBLN,Babylon Holdings Ltd - Class A,NYSE,Stock,Active,
BBLU,EA BRIDGEWAY BLUE CHIP ETF,NYSE ARCA,ETF,Active,
BBMC,JPMorgan BetaBuilders U.S. Mid Cap Equity ETF,NYSE ARCA,ETF,Active,
BBN,BlackRock Taxable Municipal Bond Trust,NYSE,ETF,Active,
BBNX,Beta Bionics Inc,NASDAQ,Stock,Active,
BBOT,BridgeBio Oncology Therapeutics Inc Com,NASDAQ,Stock,Active,
BBP,VIRTUS BIOTECH ETF,NYSE ARCA,ETF,Active,
BBRE,JPMORGAN BETABUILDERS MSCI US REIT ETF,BATS,ETF,Active,
BBSB,JPMORGAN BETABUILDERS U.S. TREASURY BOND 1-3 YEAR ETF,BATS,ETF,Active,
BBSC,JPMorgan BetaBuilders U.S. Small Cap Equity ETF,NYSE ARCA,ETF,Active,
BBSI,Barrett Business Services Inc,NASDAQ,Stock,Active,
BBT,Beacon Financial Corp,NYSE,Stock,Active,
BBUC,Brookfield Business Holdings Corp - Class A - Class A (Sub Voting),NYSE,Stock,Active,
BBUS,JPMORGAN BETABUILDERS U.S. EQUITY ETF,BATS,ETF,Active,
BBVA,Banco Bilbao Vizcaya Argentaria.,NYSE,Stock,Active,
BBW,Build A Bear Workshop Inc,NYSE,Stock,Active,
BBWI,Bath & Body Works Inc,NYSE,Stock,Active,
BBY,Best Buy Co. Inc,NYSE,Stock,Active,
BBYY,GRANITESHARES YIELDBOOST BABA ETF,NASDAQ,ETF,Active,
BC,Brunswick Corp,NYSE,Stock,Active,
BC-P-A,Brunswick Corporation 6.500 Senior Notes due 2048,NYSE,Stock,Active,
BC/PB,Brunswick Corp,NYSE,Stock,Active,
BC/PC,Brunswick Corp,NYSE,Stock,Active,
BCAB,BioAtla Inc,NASDAQ,Stock,Active,
BCAL,Southern Calif Bancorp,NASDAQ,Stock,Active,
BCAR,Bank of the Carolinas CORP,NASDAQ,Stock,Active,
BCARU,D. Boral ARC Acquisition I Corp Units,NASDAQ,Stock,Active,
BCARW,D. Boral ARC Acquisition I Corp Warrant,NASDAQ,Stock,Active,
BCAT,BlackRock Capital Allocation Term Trust,NYSE,Stock,Active,
BCAX,Bicara Therapeutics Inc,NASDAQ,Stock,Active,
BCBP,BCB Bancorp Inc (NJ),NASDAQ,Stock,Active,
BCC,Boise Cascade Company,NYSE,Stock,Active,
BCD,ABRDN BLOOMBERG ALL COMMODITY LONGER DATED STRATEGY K-1 FREE ETF,NYSE ARCA,ETF,Active,
BCDA,BioCardia Inc,NASDAQ,Stock,Active,
BCDF,HORIZON KINETICS BLOCKCHAIN DEVELOPMENT ETF,NYSE ARCA,ETF,Active,
BCE,BCE Inc,NYSE,Stock,Active,
BCEM,Baron Emerging Markets Select,NYSE,Stock,Active,
BCFN,Baron Financials ETF,NASDAQ,ETF,Active,
BCG,Binah Capital Group Inc,NASDAQ,Stock,Active,
BCGD,Baron Global Durable Advantage,NYSE,Stock,Active,
BCGWW,Binah Capital Group Inc - Warrants (13/03/2029),NASDAQ,Stock,Active,
BCH,Banco de Chile,NYSE,Stock,Active,
BCHI,GMO BEYOND CHINA ETF,NYSE ARCA,ETF,Active,
BCHP,PRINCIPAL FOCUSED BLUE CHIP ETF,BATS,ETF,Active,
BCI,abrdn Bloomberg All Commodity Strategy K-1 Free ETF,NYSE ARCA,ETF,Active,
BCIC,Portman Ridge Finance Corp,NASDAQ,Stock,Active,
BCIL,BANCREEK INTERNATIONAL LARGE CAP ETF,NYSE ARCA,ETF,Active,
BCKT,LifeX 2030 Income Bucket ETF,BATS,ETF,Active,
BCLO,iShares BBBB CLO Active ETF,NASDAQ,ETF,Active,
BCM,Barclays Bank PLC,NYSE ARCA,ETF,Active,
BCML,BayCom Corp,NASDAQ,Stock,Active,
BCO,Brink`s Company,NYSE,Stock,Active,
BCOR,GRAYSCALE BITCOIN ADOPTERS ETF,NYSE ARCA,Stock,Active,
BCPC,Balchem Corp,NASDAQ,Stock,Active,
BCPL,BNY Mellon Core Plus,NYSE ARCA,Stock,Active,
BCRX,Biocryst Pharmaceuticals Inc,NASDAQ,Stock,Active,
BCS,Barclays plc,NYSE,Stock,Active,
BCSF,Bain Capital Specialty Finance Inc,NYSE,Stock,Active,
BCSM,Baron SMID Cap,NYSE,Stock,Active,
BCSS,Bain Capital GSS Investment Corp Class A,NYSE,Stock,Active,
BCSS-U,Bain Capital GSS Investment Corp - Units (1 Ord Cls A & 1/5 War),NYSE,Stock,Active,
BCSS-WS,Bain Capital GSS Investment Corp Redeemable warrants each whole warrant exercisable for one Class A ordinary share at an exercise price of 11.50,NYSE,Stock,Active,
BCTK,Baron Technology ETF,NASDAQ,ETF,Active,
BCTX,BriaCell Therapeutics Corp - New,NASDAQ,Stock,Active,
BCTXL,BriaCell Therapeutics Corp Warrants,NASDAQ,Stock,Active,
BCTXZ,BriaCell Therapeutics Corp Warrant,NASDAQ,Stock,Active,
BCUS,BANCREEK U.S. LARGE CAP ETF,NYSE ARCA,ETF,Active,
BCV,Bancroft Fund Ltd,NYSE MKT,ETF,Active,
BCV-P-A,Bancroft Fund Ltd,NYSE MKT,Stock,Active,
BCX,BlackRock Resources & Commodities Strategy Trust,NYSE,ETF,Active,
BCYC,Bicycle Therapeutics Plc,NASDAQ,Stock,Active,
BDC,Belden Inc,NYSE,Stock,Active,
BDCI,BTC Development Corp - Class A,NASDAQ,Stock,Active,
BDCIU,BTC Development Corp - Units (1 Ord Cls A & 1/4 War),NASDAQ,Stock,Active,
BDCIW,BTC Development Corp - Warrants (11/09/2030),NASDAQ,Stock,Active,
BDCX,UBS AG London Branch,NYSE ARCA,Stock,Active,
BDCZ,BDCZ,NYSE ARCA,ETF,Active,
BDEC,Innovator U.S. Equity Buffer ETF - December,BATS,ETF,Active,
BDGS,BRIDGES CAPITAL TACTICAL ETF,NASDAQ,ETF,Active,
BDIV,AAM BRENTVIEW DIVIDEND GROWTH ETF,NYSE ARCA,ETF,Active,
BDJ,BlackRock Enhanced Equity Dividend Trust,NYSE,ETF,Active,
BDL,Flanigan`s Enterprises Inc,NYSE MKT,Stock,Active,
BDMD,Baird Medical Investment Holdings Ltd .,NASDAQ,Stock,Active,
BDMDW,Baird Medical Investment Holdings Ltd . - Warrants(01/10/2029),NASDAQ,Stock,Active,
BDN,Brandywine Realty Trust,NYSE,Stock,Active,
BDRX,Biodexa Pharmaceuticals Plc,NASDAQ,Stock,Active,
BDRY,Breakwave Dry Bulk Shipping ETF,NYSE ARCA,ETF,Active,
BDSX,Biodesix Inc,NASDAQ,Stock,Active,
BDTX,Black Diamond Therapeutics Inc,NASDAQ,Stock,Active,
BDVG,IMGP BERKSHIRE DIVIDEND GROWTH ETF,NYSE ARCA,ETF,Active,
BDVL,iShares Disciplined Volatility Equity Active ETF,NASDAQ,ETF,Active,
BDX,Becton Dickinson & Company,NYSE,Stock,Active,
BDYN,iShares Dynamic Equity Active ETF,NASDAQ,ETF,Active,
BE,Bloom Energy Corp - Class A,NYSE,Stock,Active,
BEAG,Bold Eagle Acquisition Corp,NASDAQ,Stock,Active,
BEAGR,Bold Eagle Acquisition Corp Right,NASDAQ,Stock,Active,
BEAGU,Bold Eagle Acquisition Corp - Units (1Ord Cls A & 1 Rts),NASDAQ,Stock,Active,
BEAM,Beam Therapeutics Inc,NASDAQ,Stock,Active,
BEAT,HeartBeam Inc,NASDAQ,Stock,Active,
BEATW,HeartBeam Inc - Warrants (31/10/2026),NASDAQ,Stock,Active,
BEBE,TGE Value Creative Solutions Corp - Class A,NYSE,Stock,Active,
BEBE-U,TGE Value Creative Solutions Corp - Units (1 Ord Cls A & 1/2 War),NYSE,Stock,Active,
BEBE-WS,TGE Value Creative Solutions Corp - Warrants (01/01/9999),NYSE,Stock,Active,
BEDZ,ADVISORSHARES HOTEL ETF,NYSE ARCA,ETF,Active,
BEEM,Beam Global,NASDAQ,Stock,Active,
BEEP,Mobile Infrastructure Corp,NASDAQ,Stock,Active,
BEEX,THE BEEHIVE ETF,NASDAQ,ETF,Active,
BEEZ,HONEYTREE U.S. EQUITY ETF,NASDAQ,ETF,Active,
BEG,Leverage Shares 2x Long BE Daily ETF,NASDAQ,ETF,Active,
BEGS,RAREVIEW 2X BULL CRYPTOCURRENCY & PRECIOUS METALS ETF,BATS,ETF,Active,
BEKE,KE Holdings Inc,NYSE,Stock,Active,
BELFA,Bel Fuse Inc - Class A,NASDAQ,Stock,Active,
BELFB,Bel Fuse Inc - Class B,NASDAQ,Stock,Active,
BELT,BlackRock Long-Term U.S. Equity ETF,NASDAQ,ETF,Active,
BEMB,ISHARES J.P. MORGAN BROAD USD EMERGING MARKETS BOND ETF,BATS,ETF,Active,
BEN,Franklin Resources Inc,NYSE,Stock,Active,
BENF,Beneficient - Class A,NASDAQ,Stock,Active,
BENFW,Beneficient - Warrants (07/06/2028),NASDAQ,Stock,Active,
BENJ,HORIZON LANDMARK ETF,NYSE ARCA,ETF,Active,
BEP,Brookfield Renewable Partners LP,NYSE,Stock,Active,
BEP-P-A,Brookfield Renewable Partners LP 525 Class A Preferred Limited Partnership Units Series 17,NYSE,Stock,Active,
BEPC,Brookfield Renewable Corporation (Exchangeable Shares) - Class A,NYSE,Stock,Active,
BEPH,Brookfield BRP Holdings (Canada) Inc,NYSE,Stock,Active,
BEPI,Brookfield BRP Holdings (Canada) Inc,NYSE,Stock,Active,
BEPJ,Brookfield BRP Holdings (Canada) Inc,NYSE,Stock,Active,
BERZ,Bank of Montreal,NYSE ARCA,Stock,Active,
BESO,GSR Crypto Core3 ETF,NASDAQ,ETF,Active,
BESS-WS,Bimergen Energy Corp - Warrants (12/12/2030),NYSE MKT,Stock,Active,
BETA,BETA Technologies Inc - Class A,NYSE,Stock,Active,
BETE,PROSHARES BITCOIN & ETHER EQUAL WEIGHT STRATEGY ETF,NYSE ARCA,ETF,Active,
BETH,PROSHARES BITCOIN & ETHER MARKET CAP WEIGHT STRATEGY ETF,NYSE ARCA,ETF,Active,
BETR,Better Home & Finance Holding Company,NASDAQ,Stock,Active,
BETRW,Better Home & Finance Holding Co. - Warrants (23/08/2028),NASDAQ,Stock,Active,
BETZ,ROUNDHILL SPORTS BETTING & IGAMING ETF,NYSE ARCA,ETF,Active,
BF-A,Brown-Forman Corp - Class A,NYSE,Stock,Active,
BF-B,Brown-Forman Corp - Class B,NYSE,Stock,Active,
BFAM,Bright Horizons Family Solutions Inc,NYSE,Stock,Active,
BFC,Bank First Corp,NASDAQ,Stock,Active,
BFEB,Innovator U.S. Equity Buffer ETF - February,BATS,ETF,Active,
BFEW,FT Vest Laddered U.S. Equity Equal Weight Buffer,BATS,Stock,Active,
BFH,Bread Financial Holdings Inc,NYSE,Stock,Active,
BFIIW,BurgerFi Interna,NASDAQ,Stock,Active,
BFIN,Bankfinancial Corp,NASDAQ,Stock,Active,
BFIX,BUILD BOND INNOVATION ETF,NYSE ARCA,ETF,Active,
BFJA,FT Vest Bitcoin Strategy Floor15 ETF January,NYSE ARCA,ETF,Active,
BFJL,First Trust ExchangeTraded Fund FT Vest Bitcoin Strategy Floor15 ETF July,NYSE ARCA,ETF,Active,
BFK,BlackRock Municipal Income Trust,NYSE,ETF,Active,
BFLX,iShares Flexible Equity Active ETF,NASDAQ,Stock,Active,
BFLY,Butterfly Network Inc - Class A,NYSE,Stock,Active,
BFLY-WS,Butterfly Network Inc Wt Exp 05272025,NYSE,Stock,Active,
BFOC,FT Vest Bitcoin Strategy Floor15 ETF October,NYSE ARCA,ETF,Active,
BFOR,BARRON'S 400 ETF,NYSE ARCA,ETF,Active,
BFOR:BAT,Barrons 400 ETF,NYSE ARCA,ETF,Active,
BFRG,Bullfrog AI Holdings Inc,NASDAQ,Stock,Active,
BFRGW,Bullfrog AI Holdings Inc - Warrants(18/01/2028),NASDAQ,Stock,Active,
BFRI,Biofrontera Inc,NASDAQ,Stock,Active,
BFRIW,Biofrontera Inc - Warrants (27/10/2026),NASDAQ,Stock,Active,
BFRZ,Innovator Equity Managed 100 Buffer ETF,NYSE ARCA,ETF,Active,
BFS,Saul Centers Inc,NYSE,Stock,Active,
BFS-P-D,Saul Centers Inc,NYSE,Stock,Active,
BFS-P-E,Saul Centers Inc,NYSE,Stock,Active,
BFST,Business First Bancshares Inc,NASDAQ,Stock,Active,
BFTR,BlackRock Future Innovators ETF,NYSE ARCA,ETF,Active,
BFX,BFX HOSPITALITY GROUP INC,NYSE,Stock,Active,
BFXU,FT Vest Laddered U.S. Equity Uncapped Accelerator,BATS,Stock,Active,
BFZ,BlackRock California Municipal Income Trust,NYSE,ETF,Active,
BG,Bunge Global SA,NYSE,Stock,Active,
BGB,Blackstone Strategic Credit 2027 Term Fund,NYSE,ETF,Active,
BGC,BGC Group Inc - Class A,NASDAQ,Stock,Active,
BGDE,Big Digital Energy Inc,NASDAQ,Stock,Active,
BGH,Barings Global Short Duration High Yield Fund,NYSE,ETF,Active,
BGI,Birks Group Inc - Class A,NYSE MKT,Stock,Active,
BGIG,BAHL & GAYNOR INCOME GROWTH ETF,NYSE ARCA,ETF,Active,
BGIN,Bgin Blockchain Ltd - Class A,NASDAQ,Stock,Active,
BGLC,BioNexus Gene Lab Corp,NASDAQ,Stock,Active,
BGLD,FT VEST GOLD STRATEGY QUARTERLY BUFFER ETF,BATS,ETF,Active,
BGLWW,Blue Gold Ltd Warrant,NASDAQ,Stock,Active,
BGM,Qilian International Holding Group Ltd - Class A,NASDAQ,Stock,Active,
BGMS,Bio Green Med Solution Inc,NASDAQ,Stock,Active,
BGMSP,Bio Green Med Solution Inc,NASDAQ,Stock,Active,
BGR,Blackrock Energy & Resources Trust,NYSE,ETF,Active,
BGRN,ISHARES USD GREEN BOND ETF,NASDAQ,ETF,Active,
BGRO,BlackRock Large Cap Growth ETF,NASDAQ,ETF,Active,
BGRY,Berkshire Grey Inc - Class A,NASDAQ,Stock,Active,
BGRYW,Berkshire Grey Inc - Warrants (21/07/2026),NASDAQ,Stock,Active,
BGS,B&G Foods Inc,NYSE,Stock,Active,
BGSF,BGSF Inc,NYSE,Stock,Active,
BGSI,Boyd Group Services Inc,NYSE,Stock,Active,
BGT,BlackRock Floating Rate Income Trust,NYSE,ETF,Active,
BGX,Blackstone Long-Short Credit Income Fund,NYSE,ETF,Active,
BGY,BlackRock Enhanced International Dividend Trust,NYSE,ETF,Active,
BH,Biglari Holdings Inc - Class B,NYSE,Stock,Active,
BH-A,Biglari Holdings Inc - Class A,NYSE,Stock,Active,
BHAV,BHAV Acquisition Corp,NASDAQ,Stock,Active,
BHAVR,Bhav Acquisition Corp,NASDAQ,Stock,Active,
BHAVU,BHAV Acquisition Corp Units,NASDAQ,Stock,Active,
BHB,Bar Harbor Bankshares Inc,NYSE MKT,Stock,Active,
BHC,Bausch Health Companies Inc,NYSE,Stock,Active,
BHDG,Nicholas Bitcoin Tail ETF,NASDAQ,ETF,Active,
BHE,Benchmark Electronics Inc,NYSE,Stock,Active,
BHF,Brighthouse Financial Inc,NASDAQ,Stock,Active,
BHFAL,Brighthouse Financial Inc,NASDAQ,Stock,Active,
BHFAM,Brighthouse Financial Inc,NASDAQ,Stock,Active,
BHFAN,Brighthouse Financial Inc,NASDAQ,Stock,Active,
BHFAO,Brighthouse Financial Inc,NASDAQ,Stock,Active,
BHFAP,Brighthouse Financial Inc,NASDAQ,Stock,Active,
BHIL-WS,Benson Hill Inc Wt,NYSE,Stock,Active,
BHK,BlackRock Core Bond Trust,NYSE,ETF,Active,
BHK-R,Blackrock Core Bond Trust Rights expiring June 18 2025 Rights,NYSE,Stock,Active,
BHK-R-W,Blackrock Core Bond Trust Rights expiring June 18 2025 Rights when issued,NYSE,Stock,Active,
BHM,Bluerock Homes Trust Inc - Class A,NYSE MKT,Stock,Active,
BHP,BHP Group Ltd,NYSE,Stock,Active,
BHR,Braemar Hotels & Resorts Inc,NYSE,Stock,Active,
BHR-P-B,Braemar Hotels & Resorts Inc,NYSE,Stock,Active,
BHR-P-D,Braemar Hotels & Resorts Inc,NYSE,Stock,Active,
BHRB,Burke & Herbert Financial Services Corp,NASDAQ,Stock,Active,
BHV,BlackRock Virginia Municipal Bond Trust.,NYSE,ETF,Active,
BHVN,Biohaven Ltd,NYSE,Stock,Active,
BHYB,XTRACKERS USD HIGH YIELD BB-B EX FINANCIALS ETF,BATS,ETF,Active,
BHYP,Bitwise Hyperliquid ETF,NYSE ARCA,ETF,Active,
BIAF,BioAffinity Technologies Inc,NASDAQ,Stock,Active,
BIAFW,BioAffinity Technologies Inc - Warrants(23/06/2027),NASDAQ,Stock,Active,
BIB,PROSHARES ULTRA NASDAQ BIOTECHNOLOGY,NASDAQ,ETF,Active,
BIBL,INSPIRE 100 ETF,NYSE ARCA,ETF,Active,
BIDD,BlackRock International Dividend ETF,NYSE ARCA,ETF,Active,
BIDG,Leverage Shares 2X Long BIDU Daily ETF,NASDAQ,ETF,Active,
BIDU,Baidu Inc,NASDAQ,Stock,Active,
BIGY,YIELDMAX(R) TARGET 12(TM) BIG 50 OPTION INCOME ETF,NYSE ARCA,ETF,Active,
BIIB,Biogen Inc,NASDAQ,Stock,Active,
BIII,Black Spade Acquisition III Co Class A,NYSE,Stock,Active,
BIII-U,Black Spade Acquisition III Co - Units (1 Ord Cls A & 1/3 War),NYSE,Stock,Active,
BIII-WS,Black Spade Acquisition III Co Redeemable warrants each whole warrant exercisable for one Class A ordinary share at an exercise price of 11.50,NYSE,Stock,Active,
BIL,SPDR(R) BLOOMBERG 1-3 MONTH T-BILL ETF,NYSE ARCA,ETF,Active,
BILD,MACQUARIE GLOBAL LISTED INFRASTRUCTURE ETF,NYSE ARCA,ETF,Active,
BILI,Bilibili Inc,NASDAQ,Stock,Active,
BILL,BILL Holdings Inc,NYSE,Stock,Active,
BILS,SPDR BLOOMBERG 3-12 MONTH T-BILL ETF,NYSE ARCA,ETF,Active,
BILT,iShares Infrastructure Active ETF,BATS,ETF,Active,
BILZ,PIMCO ULTRA SHORT GOVERNMENT ACTIVE EXCHANGE-TRADED FUND,NYSE ARCA,ETF,Active,
BINC,BlackRock Flexible Income ETF,NYSE ARCA,ETF,Active,
BINV,BRANDES INTERNATIONAL ETF,BATS,ETF,Active,
BIO,Bio-Rad Laboratories Inc - Class A,NYSE,Stock,Active,
BIO-B,Bio-Rad Laboratories Inc - Class B,NYSE,Stock,Active,
BIOA,BioAge Labs Inc,NASDAQ,Stock,Active,
BIOR,Biora Therapeutics Inc,NASDAQ,Stock,Active,
BIOSU,BioPlus Acquisition Corp - Units (1 Ord Share Class A & 1/2 War),NASDAQ,Stock,Active,
BIOX,Bioceres Crop Solutions Corp,NASDAQ,Stock,Active,
BIP,Brookfield Infrastructure Partners L.P,NYSE,Stock,Active,
BIP-P-A,Brookfield Infrastructure Partners L.P,NYSE,Stock,Active,
BIP-P-B,Brookfield Infrastructure Partners L.P,NYSE,Stock,Active,
BIPC,Brookfield Infrastructure Corp (Exchangeable Shares) - Class A,NYSE,Stock,Active,
BIPH,Brookfield Infrastructure Finance ULC,NYSE,Stock,Active,
BIPI,BIP Bermuda Holdings I Ltd,NYSE,Stock,Active,
BIPJ,Brookfield Infrastructure Finance ULC,NYSE,Stock,Active,
BIRD,Allbirds Inc Class A,NASDAQ,Stock,Active,
BIRK,Birkenstock Holding Plc,NYSE,Stock,Active,
BIS,ProShares UltraShort Nasdaq Biotechnology -2x Shares,NASDAQ,ETF,Active,
BIT,BlackRock Multi-Sector Income Trust,NYSE,ETF,Active,
BIT-R,BlackRock MultiSector Income Trust Rights expiring September 9 2025 Rights,NYSE,Stock,Active,
BIT-R-W,BlackRock MultiSector Income Trust Rights expiring September 9 2025 Rights when issued,NYSE,Stock,Active,
BITB,Bitwise Bitcoin ETF,NYSE ARCA,ETF,Active,
BITI,ProShares Short Bitcoin ETF,NYSE ARCA,ETF,Active,
BITK,TUTTLE CAPITAL BITCOIN 0DTE COVERED CALL ETF,BATS,ETF,Active,
BITO,PROSHARES BITCOIN STRATEGY ETF,NYSE ARCA,ETF,Active,
BITQ,BITWISE CRYPTO INDUSTRY INNOVATORS ETF,NYSE ARCA,ETF,Active,
BITS,GLOBAL X BLOCKCHAIN & BITCOIN STRATEGY ETF,NASDAQ,ETF,Active,
BITU,PROSHARES ULTRA BITCOIN ETF,NYSE ARCA,ETF,Active,
BITX,2X BITCOIN STRATEGY ETF,BATS,ETF,Active,
BIV,VANGUARD INTERMEDIATE-TERM BOND INDEX FUND ETF SHARES,NYSE ARCA,ETF,Active,
BIVI,BioVie Inc - Class A,NASDAQ,Stock,Active,
BIVIW,BioVie Inc Warrant,NASDAQ,Stock,Active,
BIXI,Bitcoin Infrastructure Acquisition Corp Ltd,NASDAQ,Stock,Active,
BIXIU,Bitcoin Infrastructure Acquisition Corp Ltd - Units (1 Ord Cls A & 1/2 War),NASDAQ,Stock,Active,
BIXIW,Bitcoin Infrastructure Acquisition Corp Ltd Warrants,NASDAQ,Stock,Active,
BIYA,Baiya International Group Inc,NASDAQ,Stock,Active,
BIZD,VANECK BDC INCOME ETF,NYSE ARCA,ETF,Active,
BIZD:BAT,Market Vectors BDC Income ETF,NYSE ARCA,ETF,Active,
BJ,BJ`s Wholesale Club Holdings Inc,NYSE,Stock,Active,
BJAN,Innovator U.S. Equity Buffer ETF - January,BATS,ETF,Active,
BJDX,Bluejay Diagnostics Inc,NASDAQ,Stock,Active,
BJRI,BJ`s Restaurant Inc,NASDAQ,Stock,Active,
BJUL,Innovator U.S. Equity Buffer ETF - July,BATS,ETF,Active,
BJUN,Innovator U.S. Equity Buffer ETF - June,BATS,ETF,Active,
BKAG,BNY MELLON CORE BOND ETF,NYSE ARCA,ETF,Active,
BKCH,GLOBAL X BLOCKCHAIN ETF,NASDAQ,ETF,Active,
BKCI,BNY MELLON CONCENTRATED INTERNATIONAL ETF,NYSE ARCA,ETF,Active,
BKD,Brookdale Senior Living Inc,NYSE,Stock,Active,
BKDV,BNY MELLON DYNAMIC VALUE ETF,NYSE ARCA,ETF,Active,
BKE,Buckle Inc,NYSE,Stock,Active,
BKEM,BNY MELLON EMERGING MARKETS EQUITY ETF,NYSE ARCA,ETF,Active,
BKF,ISHARES MSCI BIC ETF,NYSE ARCA,ETF,Active,
BKF:BAT,iShares MSCI BRIC ETF,NYSE ARCA,ETF,Active,
BKFI,BNY Mellon Active Core Bond,NYSE ARCA,Stock,Active,
BKGI,BNY MELLON GLOBAL INFRASTRUCTURE INCOME ETF,BATS,ETF,Active,
BKH,Black Hills Corporation,NYSE,Stock,Active,
BKHA,Black Hawk Acquisition Corp - Class A,NASDAQ,Stock,Active,
BKHAR,Black Hawk Acquisition Corp,NASDAQ,Stock,Active,
BKHAU,Black Hawk Acquisition Corp - Units (1 Ord Share Cls A & 1/5 Rts ),NASDAQ,Stock,Active,
BKHY,BNY MELLON HIGH YIELD ETF,NYSE ARCA,ETF,Active,
BKIE,BNY MELLON INTERNATIONAL EQUITY ETF,NYSE ARCA,ETF,Active,
BKKT,Bakkt Holdings Inc - Class A,NYSE,Stock,Active,
BKKT-WS,Bakkt Holdings Inc Warrant,NYSE,Stock,Active,
BKLC,BNY MELLON US LARGE CAP CORE EQUITY ETF,NYSE ARCA,ETF,Active,
BKLN,INVESCO SENIOR LOAN ETF,NYSE ARCA,ETF,Active,
BKLN:BAT,PowerShares Senior Loan Portfolio,NYSE ARCA,Stock,Active,
BKMC,BNY MELLON US MID CAP CORE EQUITY ETF,NYSE ARCA,ETF,Active,
BKMI,BNY Mellon Municipal Intermediate ETF,NASDAQ,ETF,Active,
BKMS,BNY Mellon Municipal Short Duration ETF,NASDAQ,ETF,Active,
BKN,BlackRock Investment Quality Municipal Trust,NYSE,ETF,Active,
BKNG,Booking Holdings Inc,NASDAQ,Stock,Active,
BKNU,TREX 2X Long BKNG Daily Target ETF,BATS,ETF,Active,
BKR,Baker Hughes Co - Class A,NASDAQ,Stock,Active,
BKSB,BNY Mellon Short Duration Corporate Bond ETF,NYSE ARCA,ETF,Active,
BKSE,BNY MELLON US SMALL CAP CORE EQUITY ETF,NYSE ARCA,ETF,Active,
BKSY,BlackSky Technology Inc - Class A,NYSE,Stock,Active,
BKSY-WS,BlackSky Technology Inc Wt Exp 10302024,NYSE,Stock,Active,
BKT,BlackRock Income Trust Inc,NYSE,ETF,Active,
BKT-R,BlackRock Income Trust Inc The Rights expiring October 20 2025 Rights,NYSE,Stock,Active,
BKT-R-W,BlackRock Income Trust Inc The Rights expiring October 20 2025 Rights when issued,NYSE,Stock,Active,
BKTI,BK Technologies Corp,NYSE MKT,Stock,Active,
BKU,BankUnited Inc,NYSE,Stock,Active,
BKUI,BNY MELLON ULTRA SHORT INCOME ETF,NYSE ARCA,ETF,Active,
BKV,BKV Corp,NYSE,Stock,Active,
BL,BlackLine Inc,NASDAQ,Stock,Active,
BLBD,Blue Bird Corp,NASDAQ,Stock,Active,
BLCN,SIREN NEXGEN ECONOMY ETF,NASDAQ,ETF,Active,
BLCO,Bausch + Lomb Corp,NYSE,Stock,Active,
BLCR,BlackRock Large Cap Core ETF,NASDAQ,ETF,Active,
BLCV,iShares Large Cap Value Active ETF,NYSE ARCA,ETF,Active,
BLD,TopBuild Corp,NYSE,Stock,Active,
BLDE,Blade Air Mobility Inc - Class A,NASDAQ,Stock,Active,
BLDG,CAMBRIA GLOBAL REAL ESTATE ETF,BATS,ETF,Active,
BLDP,Ballard Power Systems Inc,NASDAQ,Stock,Active,
BLDR,Builders Firstsource Inc,NYSE,Stock,Active,
BLDX,Impax Global Infrastructure,NYSE ARCA,Stock,Active,
BLE,BlackRock Municipal Income Trust II,NYSE,ETF,Active,
BLES,INSPIRE GLOBAL HOPE ETF,NYSE ARCA,ETF,Active,
BLFS,Biolife Solutions Inc,NASDAQ,Stock,Active,
BLHY,VIRTUS NEWFLEET SHORT DURATION HIGH YIELD BOND ETF,NYSE ARCA,ETF,Active,
BLIN,Bridgeline Digital Inc,NASDAQ,Stock,Active,
BLIV,BeLive Holdings,NASDAQ,Stock,Active,
BLK,BlackRock Finance Inc,NYSE,Stock,Active,
BLKB,Blackbaud Inc,NASDAQ,Stock,Active,
BLLN,Billiontoone Inc - Class A,NASDAQ,Stock,Active,
BLMN,Bloomin Brands Inc,NASDAQ,Stock,Active,
BLND,Blend Labs Inc - Class A,NYSE,Stock,Active,
BLNE,Eastside Distilling Inc,NASDAQ,Stock,Active,
BLNK,Blink Charging Company,NASDAQ,Stock,Active,
BLOK,AMPLIFY BLOCKCHAIN TECHNOLOGY ETF,NYSE ARCA,ETF,Active,
BLOX,NICHOLAS CRYPTO INCOME ETF,NYSE,ETF,Active,
BLRK,Bluerock Acquisition Corp - Class A,NASDAQ,Stock,Active,
BLRKU,Bluerock Acquisition Corp - Units (1 Ord Cls A & 1/3 War),NASDAQ,Stock,Active,
BLRKW,Bluerock Acquisition Corp - Warrants (12/12/2032),NASDAQ,Stock,Active,
BLRX,Bioline Rx Ltd,NASDAQ,Stock,Active,
BLSG,LEVERAGE SHARES 2X LONG BLSH DAILY ETF,NASDAQ,ETF,Active,
BLSH,Bullish,NYSE,Stock,Active,
BLSX,Tradr 2X Long BLSH Daily ETF,BATS,ETF,Active,
BLTE,Belite Bio Inc,NASDAQ,Stock,Active,
BLUW,Clarus Therapeutics Holdings Inc - Class A,NASDAQ,Stock,Active,
BLUWU,Blue Water Acquisition Corp III - Units (1 Ord Cls A & 1/2 War),NASDAQ,Stock,Active,
BLV,VANGUARD LONG-TERM BOND INDEX FUND ETF SHARES,NYSE ARCA,ETF,Active,
BLW,BlackRock Ltd Duration Income Trust,NYSE,ETF,Active,
BLX,Banco Latinoamericano De Comercio Exterior SA - Class E,NYSE,Stock,Active,
BLZE,Backblaze Inc - Class A,NASDAQ,Stock,Active,
BLZR,Trailblazer Acquisition Corp,NASDAQ,Stock,Active,
BLZRU,Trailblazer Acquisition Corp - Units (1 Ord Cls A & 1/3 War),NASDAQ,Stock,Active,
BLZRW,Trailblazer Acquisition Corp Warrant,NASDAQ,Stock,Active,
BMA,Banco Macro S.A.,NYSE,Stock,Active,
BMAC,Black Mountain Acquisition Corp - Class A,NYSE,Stock,Active,
BMAC-U,Black Mountain Acquisition Corp - Units (1 Ord Class A & 0.75 War),NYSE,Stock,Active,
BMAC-WS,Black Mountain Acquisition Corp - Warrants (15/10/2027),NYSE,Stock,Active,
BMAQU,Blockchain Moon Acquisition Corp - Units (1 Ord 1 War & 1 Rts),NASDAQ,Stock,Active,
BMAR,Innovator U.S. Equity Buffer ETF - March,BATS,ETF,Active,
BMAX,REX Bitcoin Corporate Treasury Convertible Bond ETF,NASDAQ,ETF,Active,
BMAY,Innovator U.S. Equity Buffer ETF - May,BATS,ETF,Active,
BMBL,Bumble Inc - Class A,NASDAQ,Stock,Active,
BME,BlackRock Health Sciences Trust,NYSE,ETF,Active,
BMEA,Biomea Fusion Inc,NASDAQ,Stock,Active,
BMED,BlackRock Future Health ETF,NYSE ARCA,ETF,Active,
BMEZ,BlackRock Health Sciences Term Trust,NYSE,Stock,Active,
BMGL,Basel Medical Group Ltd,NASDAQ,Stock,Active,
BMHL,Bluemount Holdings Ltd,NASDAQ,Stock,Active,
BMI,Badger Meter Inc,NYSE,Stock,Active,
BML-P-G,Bank Of America Corp,NYSE,Stock,Active,
BML-P-H,Bank Of America Corp,NYSE,Stock,Active,
BML-P-J,Bank Of America Corp,NYSE,Stock,Active,
BML-P-L,Bank Of America Corp,NYSE,Stock,Active,
BMN,BlackRock 2037 Municipal Target Term Trust,NYSE,Stock,Active,
BMNG,LEVERAGE SHARES 2X LONG BMNR DAILY ETF,NASDAQ,ETF,Active,
BMNR,BitMine Immersion Technologies Inc,AMEX,Stock,Active,
BMNU,T-REX 2X LONG BMNR DAILY TARGET ETF,BATS,ETF,Active,
BMNZ,Tidal Trust II Defiance Daily Target 2X Short BMNR,NYSE ARCA,Stock,Active,
BMO,Bank of Montreal,NYSE,Stock,Active,
BMOP,BNY Mellon Municipal Opportunities ETF,NASDAQ,ETF,Active,
BMR,Beamr Imaging Ltd,NASDAQ,Stock,Active,
BMRA,Biomerica Inc,NASDAQ,Stock,Active,
BMRC,Bank of Marin Bancorp,NASDAQ,Stock,Active,
BMRN,Biomarin Pharmaceutical Inc,NASDAQ,Stock,Active,
BMTX-WS,BM Technologies Inc Warrants,AMEX,Stock,Active,
BMVP,INVESCO BLOOMBERG MVP MULTI-FACTOR ETF,NYSE ARCA,ETF,Active,
BMY,Bristol-Myers Squibb Company,NYSE,Stock,Active,
BN,Brookfield Corporation - Class A,NYSE,Stock,Active,
BN-W,Brookfield Corporation Class A Ltd WhenIssued,NYSE,Stock,Active,
BNAI,Brand Engagement Network Inc,NASDAQ,Stock,Active,
BNAIW,Brand Engagement Network Inc - Warrants (14/03/2029),NASDAQ,Stock,Active,
BNBX,Applied Dna Sciences Inc,NASDAQ,Stock,Active,
BNC,CEA Industries Inc,NASDAQ,Stock,Active,
BNCWW,CEA Industries Inc - Warrants (11/02/2027),NASDAQ,Stock,Active,
BNCWZ,CEA Industries Inc Warrants,NASDAQ,Stock,Active,
BND,VANGUARD TOTAL BOND MARKET INDEX FUND ETF SHARES,NASDAQ,ETF,Active,
BNDC,FLEXSHARES CORE SELECT BOND FUND,NYSE ARCA,ETF,Active,
BNDD,Quadratic Deflation ETF,NYSE ARCA,ETF,Active,
BNDI,NEOS ENHANCED INCOME AGGREGATE BOND ETF,NYSE ARCA,ETF,Active,
BNDP,Vanguard CorePlus Bond Index ETF,NASDAQ,ETF,Active,
BNDS,INFRASTRUCTURE CAPITAL BOND INCOME ETF,NYSE ARCA,ETF,Active,
BNDW,VANGUARD TOTAL WORLD BOND ETF ETF SHARES,NASDAQ,ETF,Active,
BNDX,VANGUARD TOTAL INTERNATIONAL BOND INDEX FUND ETF SHARES,NASDAQ,ETF,Active,
BNDY,HORIZON CORE BOND ETF,BATS,ETF,Active,
BNED,Barnes & Noble Education Inc,NYSE,Stock,Active,
BNGE,FIRST TRUST S-NETWORK STREAMING & GAMING ETF,NYSE ARCA,ETF,Active,
BNGO,Bionano Genomics Inc,NASDAQ,Stock,Active,
BNH,Brookfield Finance Inc,NYSE,Stock,Active,
BNJ,BlackRock New Jersey Municipal Income Trust,NYSE,ETF,Active,
BNKD,Bank of Montreal,NYSE ARCA,ETF,Active,
BNKK,Bonk Inc,NASDAQ,Stock,Active,
BNKU,Bank of Montreal,NYSE ARCA,ETF,Active,
BNL,Broadstone Net Lease Inc,NYSE,Stock,Active,
BNO,United States Brent Crude Oil Fund,NYSE ARCA,ETF,Active,
BNO:BAT,US Brent Oil Fund LP,NYSE ARCA,Stock,Active,
BNOV,Innovator U.S. Equity Buffer ETF - November,BATS,ETF,Active,
BNR,Burning Rock Biotech Ltd,NASDAQ,Stock,Active,
BNRE-A,Brookfield Reinsurance Ltd Class A1 Exchangeable NonVoting Shares,NYSE,Stock,Active,
BNRG,Brenmiller Energy Ltd,NASDAQ,Stock,Active,
BNS,Bank Of Nova Scotia,NYSE,Stock,Active,
BNT,Brookfield Reinsurance Ltd (Exchangeable Shares Sub Voting) - Class A,NYSE,Stock,Active,
BNTC,Benitec Biopharma Inc,NASDAQ,Stock,Active,
BNTX,BioNTech SE,NASDAQ,Stock,Active,
BNY,Bank Of New York Mellon Corp,NYSE,Stock,Active,
BNY-P-K,Bank Of New York Mellon Corp,NYSE,Stock,Active,
BNZI,Banzai International Inc - Class A,NASDAQ,Stock,Active,
BNZIW,Banzai International Inc - Warrants (14/12/2028),NASDAQ,Stock,Active,
BOAC,Bluescape Opportunities Acquisition Corp - Class A,NYSE,Stock,Active,
BOAC-U,Bluescape Opportunities Acquisition Corp - Units (1 Ord Share Class A & 1/2 War),NYSE,Stock,Active,
BOAC-WS,Bluescape Opportunities Acquisition Corp - Warrants (01/01/9999),NYSE,Stock,Active,
BOAT,SONICSHARES GLOBAL SHIPPING ETF,NYSE ARCA,ETF,Active,
BOB,Merlyn.AI Best-of-Breed Core Momentum ETF,BATS,ETF,Active,
BOBS,Bob`s Discount Furniture Inc,NYSE,Stock,Active,
BOC,Boston Omaha Corp - Class A,NYSE,Stock,Active,
BOCT,Innovator U.S. Equity Buffer ETF - October,BATS,ETF,Active,
BODI,The Beachbody Company Inc Class A,NYSE,Stock,Active,
BOE,BlackRock Enhanced Global Dividend Trust,NYSE,ETF,Active,
BOED,Direxion Daily BA Bear 1X Shares,NASDAQ,ETF,Active,
BOEG,LEVERAGE SHARES 2X LONG BA DAILY ETF,NASDAQ,ETF,Active,
BOEU,Direxion Daily BA Bull 2X Shares,NASDAQ,ETF,Active,
BOF,BranchOut Food Inc,NASDAQ,Stock,Active,
BOH,Bank of Hawaii Corp,NYSE,Stock,Active,
BOH-P-A,Bank of Hawaii Corp,NYSE,Stock,Active,
BOIL,ProShares Ultra Bloomberg Natural Gas 2x Shares,NYSE ARCA,ETF,Active,
BOKF,BOK Financial Corp,NASDAQ,Stock,Active,
BOLD,Boundless Bio Inc,NASDAQ,Stock,Active,
BOLT,Bolt Biotherapeutics Inc,NASDAQ,Stock,Active,
BON,Bon Natural Life Ltd,NASDAQ,Stock,Active,
BOND,PIMCO ACTIVE BOND EXCHANGE-TRADED FUND,NYSE,ETF,Active,
BOOM,DMC Global Inc,NASDAQ,Stock,Active,
BOOT,Boot Barn Holdings Inc,NYSE,Stock,Active,
BORR,Borr Drilling Ltd,NYSE,Stock,Active,
BOSC,B.O.S. Better Online Solutions,NASDAQ,Stock,Active,
BOSS,Global X Founder-Run Companies ETF,BATS,ETF,Active,
BOT,RoboStrategy Inc,NASDAQ,Stock,Active,
BOTJ,Bank of James Financial Group Inc,NASDAQ,Stock,Active,
BOTT,THEMES HUMANOID ROBOTICS ETF,NASDAQ,ETF,Active,
BOTZ,GLOBAL X ROBOTICS & ARTIFICIAL INTELLIGENCE ETF,NASDAQ,ETF,Active,
BOUT,Innovator IBD(R) Breakout Opportunities ETF,NYSE ARCA,ETF,Active,
BOW,Bowhead Specialty Holdings Inc,NYSE,Stock,Active,
BOWN,Bowen Acquisition Corp,NASDAQ,Stock,Active,
BOWNR,Bowen Acquisition Corp,NASDAQ,Stock,Active,
BOWNU,Bowen Acquisition Corp - Units (1 Ordinary share & 1 Right),NASDAQ,Stock,Active,
BOX,Box Inc - Class A,NYSE,Stock,Active,
BOXL,ALPHA ARCHITECT LONG-TERM TREASURY BOND ETF,NASDAQ,ETF,Active,
BOXX,ALPHA ARCHITECT 1-3 MONTH BOX ETF,BATS,ETF,Active,
BP,BP plc,NYSE,Stock,Active,
BPAC,Bullpen Parlay Acquisition Co - Class A,NASDAQ,Stock,Active,
BPACR,Blueport Acquisition Ltd Rights,NASDAQ,Stock,Active,
BPACU,Blueport Acquisition Ltd - Units (1 Ord Cls A & 1 Rts),NASDAQ,Stock,Active,
BPAY,BlackRock Future Financial and Technology ETF,NYSE ARCA,ETF,Active,
BPFH:BAT,Boston Private Financial Holdings Inc,NASDAQ,Stock,Active,
BPMC,Blueprint Medicines Corp,NASDAQ,Stock,Active,
BPOP,Popular Inc,NASDAQ,Stock,Active,
BPOPM,Popular Capital Trust II,NASDAQ,Stock,Active,
BPRE,Bluerock Private Real Estate Fund of Beneficial Interest,NYSE,Stock,Active,
BPRN,Princeton Bancorp Inc,NASDAQ,Stock,Active,
BPRO,Bitwise Proficio Currency Debasement,NYSE ARCA,Stock,Active,
BPYPM,Brookfield Property Preferred LP,NASDAQ,Stock,Active,
BPYPN,Brookfield Property Partners L.P.,NASDAQ,Stock,Active,
BPYPO,Brookfield Property Partners L.P.,NASDAQ,Stock,Active,
BPYPP,Brookfield Property Partners L.P.,NASDAQ,Stock,Active,
BQ,Boqii Holding Ltd,NYSE MKT,Stock,Active,
BR,Broadridge Financial Solutions Inc,NYSE,Stock,Active,
BRAG,Bragg Gaming Group Inc,NASDAQ,Stock,Active,
BRAI,Braiin Ltd,NASDAQ,Stock,Active,
BRAZ,GLOBAL X BRAZIL ACTIVE ETF,NYSE ARCA,ETF,Active,
BRBI,BRBI BR Partners S.A.,NASDAQ,Stock,Active,
BRBR,Bellring Brands Inc,NYSE,Stock,Active,
BRBS,Blue Ridge Bankshares Inc (VA),NYSE MKT,Stock,Active,
BRC,Brady Corp - Class A,NYSE,Stock,Active,
BRCB,Black Rock Coffee Bar Inc - Class A,NASDAQ,Stock,Active,
BRCC,BRC Inc - Class A,NYSE,Stock,Active,
BRCE,MFS Active Exchange Traded Funds Trust Blended Research Core Equity,NYSE,Stock,Active,
BREW,Craft Brew Alliance Inc,NASDAQ,Stock,Active,
BREZU,Breeze Acquisition Corp II - Units (1 Ord Shs & 1 Rts),NASDAQ,Stock,Active,
BRF,VANECK BRAZIL SMALL-CAP ETF,NYSE ARCA,ETF,Active,
BRF:BAT,Market Vectors Brazil Small Cap ETF,NYSE ARCA,ETF,Active,
BRFH,Barfresh Food Group Inc,NASDAQ,Stock,Active,
BRHY,BlackRock High Yield ETF,NASDAQ,ETF,Active,
BRIA,BrilliA Inc - Class A,NYSE MKT,Stock,Active,
BRIB,FIS Bright Portfolios Core Bond,NYSE ARCA,Stock,Active,
BRID,Bridgford Foods Corp,NASDAQ,Stock,Active,
BRIE,MFS Active Exchange Traded Funds Trust Blended Research International Equity,NYSE,Stock,Active,
BRIF,FIS Bright Portfolios Focused Equity ETF,NYSE ARCA,ETF,Active,
BRK-A,Berkshire Hathaway Inc - Class A,NYSE,Stock,Active,
BRK-B,Berkshire Hathaway Inc - Class B,NYSE,Stock,Active,
BRKC,YIELDMAX(R) BRK.B OPTION INCOME STRATEGY ETF,NYSE ARCA,ETF,Active,
BRKD,DIREXION DAILY&NBSP;BRKB BEAR 1X SHARES,NASDAQ,ETF,Active,
BRKHU,Burtech Acquisition Corp II - Units (1 Ord Cls A & 1 War),NASDAQ,Stock,Active,
BRKR,Bruker Corp,NASDAQ,Stock,Active,
BRKU,DIREXION DAILY BRKB BULL 2X SHARES,NASDAQ,ETF,Active,
BRKW,ROUNDHILL BRKB WEEKLYPAY ETF,BATS,ETF,Active,
BRLI,Brilliant Acquisition Corp,NASDAQ,Stock,Active,
BRLIR,Brilliant Acquisition Corp,NASDAQ,Stock,Active,
BRLIU,Brilliant Acquisition Corp - Unit (1 Ordinary share 1 War and 1 Rts),NASDAQ,Stock,Active,
BRLIW,Brilliant Acquisition Corp - Warrants (31/03/2025),NASDAQ,Stock,Active,
BRLN,BlackRock Floating Rate Loan ETF,BATS,ETF,Active,
BRLS,Borealis Foods Inc - Class A,NASDAQ,Stock,Active,
BRLSW,Borealis Foods Inc - Warrants (07/02/2029),NASDAQ,Stock,Active,
BRLT,Brilliant Earth Group Inc Class A,NASDAQ,Stock,Active,
BRN,Barnwell Industries Inc,NYSE MKT,Stock,Active,
BRNS,Barinthus Biotherapeutics Plc.,NASDAQ,Stock,Active,
BRNY,BURNEY U.S. FACTOR ROTATION ETF,NASDAQ,ETF,Active,
BRO,Brown & Brown Inc,NYSE,Stock,Active,
BROS,Dutch Bros Inc - Class A,NYSE,Stock,Active,
BRR,ACR GROUP INC,NASDAQ,Stock,Active,
BRRR,Valkyrie Bitcoin Fund,NASDAQ,ETF,Active,
BRRWU,Columbus Circle Capital Corp I Units,NASDAQ,Stock,Active,
BRRWW,Columbus Circle Capital Corp I Warrant.,NASDAQ,Stock,Active,
BRSL,International Game Technology PLC,NYSE,Stock,Active,
BRSP,BrightSpire Capital Inc - Class A,NYSE,Stock,Active,
BRT,BRT Apartments Corp,NYSE,Stock,Active,
BRTR,BlackRock Total Return ETF,NASDAQ,ETF,Active,
BRTX,BioRestorative Therapies Inc,NASDAQ,Stock,Active,
BRUN,Boost Run Inc,NASDAQ,Stock,Active,
BRUNW,Boost Run Inc Warrant,NASDAQ,Stock,Active,
BRW,Saba Capital Income & Opportunities Fund,NYSE,Stock,Active,
BRW-R,Saba Capital Income & Opportunities Fund Rights expiring October 28 2025 Rights,NYSE,Stock,Active,
BRW-R-W,Saba Capital Income & Opportunities Fund Rights expiring October 28 2025 Rights when issued,NYSE,Stock,Active,
BRX,Brixmor Property Group Inc,NYSE,Stock,Active,
BRZE,Braze Inc - Class A,NASDAQ,Stock,Active,
BRZU,DIREXION DAILY MSCI BRAZIL BULL 2X SHARES,NYSE ARCA,ETF,Active,
BRZU:BAT,Direxion Daily Brazil Bull 3X Shares ETF,NYSE ARCA,ETF,Active,
BSAA,BEST SPAC I Acquisition Corp - Class A,NASDAQ,Stock,Active,
BSAAR,BEST SPAC I Acquisition Corp,NASDAQ,Stock,Active,
BSAAU,BEST SPAC I Acquisition Corp - Units (1 Ord Cls A & 1 Rts),NASDAQ,Stock,Active,
BSAC,Banco Santander Chile SA,NYSE,Stock,Active,
BSBK,Bogota Financial Corp,NASDAQ,Stock,Active,
BSBR,Banco Santander (Brasil) S.A.,NYSE,Stock,Active,
BSCQ,INVESCO BULLETSHARES 2026 CORPORATE BOND ETF,NASDAQ,ETF,Active,
BSCR,INVESCO BULLETSHARES 2027 CORPORATE BOND ETF,NASDAQ,ETF,Active,
BSCS,INVESCO BULLETSHARES 2028 CORPORATE BOND ETF,NASDAQ,ETF,Active,
BSCT,INVESCO BULLETSHARES 2029 CORPORATE BOND ETF,NASDAQ,ETF,Active,
BSCU,INVESCO BULLETSHARES 2030 CORPORATE BOND ETF,NASDAQ,ETF,Active,
BSCV,Invesco BulletShares 2031 Corporate Bond ETF,NASDAQ,ETF,Active,
BSCW,Invesco BulletShares 2032 Corporate Bond ETF,NASDAQ,ETF,Active,
BSCX,Invesco BulletShares 2033 Corporate Bond ETF,NASDAQ,ETF,Active,
BSCY,Invesco BulletShares 2034 Corporate Bond ETF,NASDAQ,ETF,Active,
BSCZ,Invesco BulletShares 2035 Corporate Bond ETF,NASDAQ,ETF,Active,
BSEA,ETFMG Breakwave Sea Decarbonization Tech ETF,NYSE ARCA,ETF,Active,
BSEP,Innovator U.S. Equity Buffer ETF - September,BATS,ETF,Active,
BSET,Bassett Furniture Industries Inc,NASDAQ,Stock,Active,
BSJQ,INVESCO BULLETSHARES 2026 HIGH YIELD CORPORATE BOND ETF,NASDAQ,ETF,Active,
BSJR,INVESCO BULLETSHARES 2027 HIGH YIELD CORPORATE BOND ETF,NASDAQ,ETF,Active,
BSJS,INVESCO BULLETSHARES 2028 HIGH YIELD CORPORATE BOND ETF,NASDAQ,ETF,Active,
BSJT,Invesco BulletShares 2029 High Yield Corporate Bond ETF,NASDAQ,ETF,Active,
BSJU,Invesco BulletShares 2030 High Yield Corporate Bond ETF,NASDAQ,ETF,Active,
BSJV,Invesco BulletShares 2031 High Yield Corporate Bond ETF,NASDAQ,ETF,Active,
BSJW,Invesco BulletShares 2032 High Yield Corporate Bond ETF,NASDAQ,ETF,Active,
BSJX,Invesco BulletShares 2033 High Yield Corporate Bond ETF,NASDAQ,ETF,Active,
BSL,Blackstone Senior Floating Rate 2027 Term Fund,NYSE,ETF,Active,
BSLK,Bolt Projects Holdings Inc - Class A,NASDAQ,Stock,Active,
BSLKW,Bolt Projects Holdings Inc - Warrants (13/08/2029),NASDAQ,Stock,Active,
BSM,Black Stone Minerals L.P.,NYSE,Stock,Active,
BSMC,BRANDES U.S. SMALL-MID CAP VALUE ETF,BATS,ETF,Active,
BSMQ,INVESCO BULLETSHARES 2026 MUNICIPAL BOND ETF,NASDAQ,ETF,Active,
BSMR,INVESCO BULLETSHARES 2027 MUNICIPAL BOND ETF,NASDAQ,ETF,Active,
BSMS,INVESCO BULLETSHARES 2028 MUNICIPAL BOND ETF,NASDAQ,ETF,Active,
BSMT,INVESCO BULLETSHARES 2029 MUNICIPAL BOND ETF,NASDAQ,ETF,Active,
BSMU,INVESCO BULLETSHARES 2030 MUNICIPAL BOND ETF,NASDAQ,ETF,Active,
BSMV,Invesco BulletShares 2031 Municipal Bond ETF,NASDAQ,ETF,Active,
BSMW,Invesco BulletShares 2032 Municipal Bond ETF,NASDAQ,ETF,Active,
BSMY,Invesco BulletShares 2034 Municipal Bond ETF,NASDAQ,ETF,Active,
BSMZ,Invesco BulletShares 2035 Municipal Bond ETF,NASDAQ,ETF,Active,
BSOL,Bitwise Solana Staking ETF,NYSE ARCA,ETF,Active,
BSR,Beacon Selective Risk ETF,NYSE ARCA,ETF,Active,
BSRR,Sierra Bancorp,NASDAQ,Stock,Active,
BSSX,Invesco BulletShares 2033 Municipal Bond ETF,NASDAQ,ETF,Active,
BST,BlackRock Science and Technology Trust,NYSE,ETF,Active,
BSTC:BAT,BioSpecifics Technologies Corp,NASDAQ,Stock,Active,
BSTP,Innovator Buffer Step-Up Strategy ETF,NYSE ARCA,ETF,Active,
BSTZ,BlackRock Science and Technology Term Trust,NYSE,Stock,Active,
BSV,VANGUARD SHORT-TERM BOND INDEX FUND ETF SHARES,NYSE ARCA,ETF,Active,
BSVN,Bank7 Corp,NASDAQ,Stock,Active,
BSVO,EA BRIDGEWAY OMNI SMALL-CAP VALUE ETF,NASDAQ,ETF,Active,
BSX,Boston Scientific Corp,NYSE,Stock,Active,
BSY,Bentley Systems Inc - Class B,NASDAQ,Stock,Active,
BTA,BlackRock Long-Term Municipal Advantage Trust,NYSE,ETF,Active,
BTAI,BioXcel Therapeutics Inc,NASDAQ,Stock,Active,
BTAL,AGF U.S. MARKET NEUTRAL ANTI-BETA FUND,NYSE ARCA,ETF,Active,
BTAL:BAT,QuantShares US Market Neutral AntiBeta Fund,NYSE ARCA,Stock,Active,
BTBD,BT Brands Inc,NASDAQ,Stock,Active,
BTBDW,BT Brands Inc - Warrants (12/11/2026),NASDAQ,Stock,Active,
BTBT,Bit Digital Inc,NASDAQ,Stock,Active,
BTC,Grayscale Bitcoin Mini Trust ETF,NYSE ARCA,ETF,Active,
BTCC,GRAYSCALE BITCOIN COVERED CALL ETF,NYSE ARCA,ETF,Active,
BTCI,NEOS BITCOIN HIGH INCOME ETF,BATS,ETF,Active,
BTCL,T-REX 2X LONG BITCOIN DAILY TARGET ETF,BATS,ETF,Active,
BTCO,Invesco Galaxy Bitcoin ETF,BATS,ETF,Active,
BTCS,BTCS Inc,NASDAQ,Stock,Active,
BTCT,BTC Digital Ltd,NASDAQ,Stock,Active,
BTCW,WisdomTree Bitcoin Fund,BATS,Stock,Active,
BTCZ,T-REX 2X INVERSE BITCOIN DAILY TARGET ETF,BATS,ETF,Active,
BTDR,Bitdeer Technologies Holding Company,NASDAQ,Stock,Active,
BTE,Baytex Energy Corp,NYSE,Stock,Active,
BTF,COINSHARES BITCOIN AND ETHER ETF,NASDAQ,ETF,Active,
BTFL,Bountiful Co (The),NYSE,Stock,Active,
BTG,B2gold Corp,NYSE MKT,Stock,Active,
BTGD,STKD 100% BITCOIN & 100% GOLD ETF,NASDAQ,ETF,Active,
BTGO,BitGo Holdings Inc - Class A,NYSE,Stock,Active,
BTI,British American Tobacco Plc,NYSE,Stock,Active,
BTM,Bitcoin Depot Inc,NASDAQ,Stock,Active,
BTMD,biote Corp - Class A,NASDAQ,Stock,Active,
BTMDW,biote Corp - Warrants (26/05/2027),NASDAQ,Stock,Active,
BTMWW,Bitcoin Depot Inc Warrant,NASDAQ,Stock,Active,
BTO,John Hancock Financial Opportunities Fund,NYSE,ETF,Active,
BTOC,Armlogi Holding Corp,NASDAQ,Stock,Active,
BTOG,Bit Origin Ltd,NASDAQ,Stock,Active,
BTOT,iShares Total USD Fixed Income Market,NYSE ARCA,Stock,Active,
BTR,Beacon Tactical Risk ETF,NYSE ARCA,ETF,Active,
BTRN,GLOBAL X BITCOIN TREND STRATEGY ETF,NYSE ARCA,ETF,Active,
BTSG,BrightSpring Health Services Inc,NASDAQ,Stock,Active,
BTSGU,BrightSpring Health Services Inc,NASDAQ,Stock,Active,
BTT,BlackRock Municipal 2030 Target Term Trust,NYSE,ETF,Active,
BTTC,Black Titan Corp,NASDAQ,Stock,Active,
BTU,Peabody Energy Corp New,NYSE,Stock,Active,
BTX,BlackRock Innovation and Growth Term Trust,NYSE,Stock,Active,
BTZ,BlackRock Credit Allocation Income Trust,NYSE,ETF,Active,
BU,Defiance Daily Target 2X Long BU ETF,NASDAQ,ETF,Active,
BUCK,SIMPLIFY TREASURY OPTION INCOME ETF,NYSE ARCA,ETF,Active,
BUD,Anheuser-Busch InBev SA/NV,NYSE,Stock,Active,
BUDA,Buda Juice LLC,NYSE MKT,Stock,Active,
BUFB,Innovator Laddered Allocation Buffer ETF,BATS,ETF,Active,
BUFC,AB CONSERVATIVE BUFFER ETF,NASDAQ,ETF,Active,
BUFD,FT VEST LADDERED DEEP BUFFER ETF,BATS,ETF,Active,
BUFE,FT Vest Laddered Emerging Markets Buffer,BATS,Stock,Active,
BUFF,Innovator Laddered Allocation Power Buffer ETF,BATS,ETF,Active,
BUFG,FT VEST BUFFERED ALLOCATION GROWTH ETF,BATS,ETF,Active,
BUFH,FT Vest Laddered Max Buffer ETF,BATS,ETF,Active,
BUFP,PGIM LADDERED S&P 500 BUFFER 12 ETF,BATS,ETF,Active,
BUFQ,FT VEST LADDERED NASDAQ BUFFER ETF,BATS,ETF,Active,
BUFR,FT VEST LADDERED BUFFER ETF,BATS,ETF,Active,
BUFS,FT VEST LADDERED SMALL CAP MODERATE BUFFER ETF,BATS,ETF,Active,
BUFT,FT VEST BUFFERED ALLOCATION DEFENSIVE ETF,BATS,ETF,Active,
BUFX,FT Vest Laddered Enhance & Moderate Buffer ETF,BATS,ETF,Active,
BUFY,FT Vest Laddered International Moderate Buffer ETF,BATS,ETF,Active,
BUFZ,FT VEST LADDERED MODERATE BUFFER ETF,BATS,ETF,Active,
BUG,GLOBAL X CYBERSECURITY ETF,NASDAQ,ETF,Active,
BUI,BlackRock Utility Infrastructure & Power Opportunities Trust,NYSE,ETF,Active,
BUI-R,BlackRock Utility Infrastructure & Power Opportun Rights expiring April 2 2026 Rights,NYSE,Stock,Active,
BUI-R-W,BlackRock Utility Infrastructure & Power Opportun Rights expiring April 2 2026 Rights when issued,NYSE,Stock,Active,
BUJA,Bukit Jalil Global Acquisition 1 Ltd,NASDAQ,Stock,Active,
BUL,PACER US CASH COWS GROWTH ETF,NYSE ARCA,ETF,Active,
BULD,PACER BLUESTAR ENGINEERING THE FUTURE ETF,NASDAQ,ETF,Active,
BULG,LEVERAGE SHARES 2X LONG BULL DAILY ETF,NASDAQ,ETF,Active,
BULL,Webull Corporation,NASDAQ,Stock,Active,
BULLW,Webull Corporation Warrants,NASDAQ,Stock,Active,
BULLZ,Webull Corporation Incentive Warrant,NASDAQ,Stock,Active,
BULU,TREX 2X Long BULL Daily Target ETF,BATS,ETF,Active,
BULX,GraniteShares 2x Long BULL Daily ETF,NASDAQ,ETF,Active,
BULZ,Bank of Montreal,NYSE ARCA,Stock,Active,
BUR,Burford Capital Ltd,NYSE,Stock,Active,
BURL,Burlington Stores Inc,NYSE,Stock,Active,
BURU,Nuburu Inc,AMEX,Stock,Active,
BUSA,BRANDES U.S. VALUE ETF,BATS,ETF,Active,
BUSE,First Busey Corp,NASDAQ,Stock,Active,
BUSEP,First Busey Corp,NASDAQ,Stock,Active,
BUUU,BUUU Group Ltd - Class A,NASDAQ,Stock,Active,
BUXX,STRIVE ENHANCED INCOME SHORT MATURITY ETF,NYSE,ETF,Active,
BUYO,KRANESHARES MAN BUYOUT BETA INDEX ETF,NYSE ARCA,ETF,Active,
BUYW,MAIN BUYWRITE ETF,BATS,ETF,Active,
BUYZ,FRANKLIN DISRUPTIVE COMMERCE ETF,BATS,ETF,Active,
BUZZ,VANECK SOCIAL SENTIMENT ETF,NYSE ARCA,ETF,Active,
BV,BrightView Holdings Inc,NYSE,Stock,Active,
BVAL,BLUEMONTE LARGE CAP VALUE ETF,NYSE ARCA,ETF,Active,
BVC,BitVentures Ltd,NASDAQ,Stock,Active,
BVFL,BV Financial Inc,NASDAQ,Stock,Active,
BVN,Compania de Minas Buenaventura S.A.,NYSE,Stock,Active,
BVS,Bioventus Inc - Class A,NASDAQ,Stock,Active,
BW,Babcock & Wilcox Enterprises Inc,NYSE,Stock,Active,
BW-P-A,Babcock & Wilcox Enterprises Inc,NYSE,Stock,Active,
BWA,BorgWarner Inc,NYSE,Stock,Active,
BWA-W,BorgWarner Inc WhenIssued,NYSE,Stock,Active,
BWAY,Brainsway Ltd,NASDAQ,Stock,Active,
BWB,Bridgewater Bancshares Inc,NASDAQ,Stock,Active,
BWBBP,Bridgewater Bancshares Inc,NASDAQ,Stock,Active,
BWCAU,Blue Whale Acquisition Corp I - Units (1 Ord Share Class A & 1/4 War),NASDAQ,Stock,Active,
BWEN,Broadwind Inc,NASDAQ,Stock,Active,
BWET,Breakwave Tanker Shipping ETF,NYSE ARCA,ETF,Active,
BWFG,Bankwell Financial Group Inc,NASDAQ,Stock,Active,
BWG,BrandywineGLOBAL - Global Income Opportunities Fund Inc,NYSE,ETF,Active,
BWIN,The Baldwin Insurance Group Inc - Class A,NASDAQ,Stock,Active,
BWIV,Blue Water Acquisition Corp IV Class A,NYSE,Stock,Active,
BWIV-U,Blue Water Acquisition Corp IV Units each consisting of one Class A ordinary share and onehalf of one redeemable warrant,NYSE,Stock,Active,
BWIV-WS,Blue Water Acquisition Corp IV Warrants entitling the holder to purchase one Class A ordinary share at a price of 11.50 per share,NYSE,Stock,Active,
BWLP,BW LPG Ltd,NYSE,Stock,Active,
BWMN,Bowman Consulting Group Ltd,NASDAQ,Stock,Active,
BWMX,Betterware de Mexico S.A.P.I. de C.V,NYSE,Stock,Active,
BWNB,Babcock & Wilcox Enterprises Inc,NYSE,Stock,Active,
BWOW,Common Shares Of Beneficial Interest,NYSE ARCA,Stock,Active,
BWSN,Babcock & Wilcox Enterprises Inc,NYSE,Stock,Active,
BWTG,BRENDAN WOOD TOPGUN ETF,BATS,ETF,Active,
BWX,SPDR Bloomberg International Treasury Bond ETF,NYSE ARCA,ETF,Active,
BWXT,BWX Technologies Inc,NYSE,Stock,Active,
BWZ,SPDR(R) BLOOMBERG SHORT TERM INTERNATIONAL TREASURY BOND ETF,NYSE ARCA,ETF,Active,
BWZ:BAT,SPDR Barclays Short Term Inter,NYSE ARCA,Stock,Active,
BX,Blackstone Inc,NYSE,Stock,Active,
BXC,Bluelinx Hldgs Inc,NYSE,Stock,Active,
BXDC,Blackstone Digital Infrastructure Trust Inc,NYSE,Stock,Active,
BXMT,Blackstone Mortgage Trust Inc - Class A,NYSE,Stock,Active,
BXP,Boston Properties Inc,NYSE,Stock,Active,
BXSL,Blackstone Secured Lending Fund.,NYSE,Stock,Active,
BY,Byline Bancorp Inc,NYSE,Stock,Active,
BYAH,Park Ha Biological Technology Co Ltd,NASDAQ,Stock,Active,
BYD,Boyd Gaming Corp,NYSE,Stock,Active,
BYFC,Broadway Financial Corp,NASDAQ,Stock,Active,
BYLD,ISHARES YIELD OPTIMIZED BOND ETF,NYSE ARCA,ETF,Active,
BYM,BlackRock Municipal Income Quality Trust,NYSE,ETF,Active,
BYND,Beyond Meat Inc,NASDAQ,Stock,Active,
BYRE,PRINCIPAL REAL ESTATE ACTIVE OPPORTUNITIES ETF,NYSE ARCA,ETF,Active,
BYRN,Byrna Technologies Inc,NASDAQ,Stock,Active,
BYSI,BeyondSpring Inc,NASDAQ,Stock,Active,
BYTE,Roundhill IO Digital Infrastructure ETF,NYSE ARCA,ETF,Active,
BZ,Kanzhun Ltd,NASDAQ,Stock,Active,
BZAI,Blaize Holdings Inc - Class A,NASDAQ,Stock,Active,
BZAIW,Blaize Holdings Inc - Warrants (18/12/2026),NASDAQ,Stock,Active,
BZFD,BuzzFeed Inc - Class A,NASDAQ,Stock,Active,
BZFDW,BuzzFeed Inc - Warrants (01/12/2026),NASDAQ,Stock,Active,
BZH,Beazer Homes USA Inc,NYSE,Stock,Active,
BZQ,ProShares UltraShort MSCI Brazil Capped ETF -2x Shares,NYSE ARCA,ETF,Active,
BZUN,Baozun Inc,NASDAQ,Stock,Active,
C,Citigroup Inc,NYSE,Stock,Active,
C-P-K,Citigroup Inc,NYSE,Stock,Active,
C-P-N,Citigroup Capital VIII 7875 Fixed rate Floating Rate trust Preferred Securities TruPS,NYSE,Stock,Active,
CAAA,FIRST TRUST COMMERCIAL MORTGAGE OPPORTUNITIES ETF,NYSE ARCA,ETF,Active,
CAAP,Corporacion America Airports S.A.,NYSE,Stock,Active,
CAAS,China Automotive Systems Inc,NASDAQ,Stock,Active,
CABA,Cabaletta Bio Inc,NASDAQ,Stock,Active,
CABO,Cable One Inc,NYSE,Stock,Active,
CABR,Caring Brands Inc,NASDAQ,Stock,Active,
CABZ,Roundhill Robotaxi Autonomous Vehicles & Technology ETF,BATS,ETF,Active,
CAC,Camden National Corp,NASDAQ,Stock,Active,
CACC,Credit Acceptance Corp,NASDAQ,Stock,Active,
CACI,Caci International Inc,NYSE,Stock,Active,
CADE-P-A,Cadence Bank,NYSE,Stock,Active,
CADL,Candel Therapeutics Inc,NASDAQ,Stock,Active,
CAE,Cae Inc,NYSE,Stock,Active,
CAEP,Cantor Equity Partners III Inc - Class A,NASDAQ,Stock,Active,
CAF,Morgan Stanley China A Share Fund Inc,NYSE,ETF,Active,
CAFG,PACER US SMALL CAP CASH COWS GROWTH LEADERS ETF,NASDAQ,ETF,Active,
CAFX,CONGRESS INTERMEDIATE BOND ETF,NYSE ARCA,ETF,Active,
CAG,Conagra Brands Inc,NYSE,Stock,Active,
CAGE,Calamos Autocallable Growth,NYSE ARCA,Stock,Active,
CAH,Cardinal Health Inc,NYSE,Stock,Active,
CAI,Caris Life Sciences Inc - Class A,NASDAQ,Stock,Active,
CAIIU,Collective Acquisition Corp II - Units (1 Ord Cls A & 1/2 War),NASDAQ,Stock,Active,
CAIQ,Calamos Nasdaq Autocallable Income ETF,NASDAQ,ETF,Active,
CAKE,Cheesecake Factory Inc,NASDAQ,Stock,Active,
CAL,Caleres Inc,NYSE,Stock,Active,
CALC,CalciMedica Inc,NASDAQ,Stock,Active,
CALF,PACER US SMALL CAP CASH COWS ETF,BATS,ETF,Active,
CALI,BlackRock Short-Term California Muni Bond ETF,NASDAQ,ETF,Active,
CALM,Cal-Maine Foods Inc,NASDAQ,Stock,Active,
CALX,Calix Inc,NYSE,Stock,Active,
CALY,Callaway Golf Company,NYSE,Stock,Active,
CAML,CONGRESS LARGE CAP GROWTH ETF,NYSE ARCA,ETF,Active,
CAMP,CAMP4 Therapeutics Corp,NASDAQ,Stock,Active,
CAMT,Camtek Ltd,NASDAQ,Stock,Active,
CAMX,CAMBIAR AGGRESSIVE VALUE ETF,NYSE ARCA,ETF,Active,
CAN,Canaan Inc,NASDAQ,Stock,Active,
CANC,Tema Oncology ETF,NASDAQ,ETF,Active,
CANE,Teucrium Sugar Fund,NYSE ARCA,ETF,Active,
CANE:BAT,Teucrium Sugar Fund,NYSE ARCA,Stock,Active,
CANF,Can-Fite Biopharma Ltd,NYSE MKT,Stock,Active,
CANG,Cango Inc,NYSE,Stock,Active,
CANQ,Calamos Alternative Nasdaq & Bond ETF,NASDAQ,ETF,Active,
CAOS,ALPHA ARCHITECT TAIL RISK ETF,BATS,ETF,Active,
CAPE,DOUBLELINE SHILLER CAPE U.S. EQUITIES ETF,NYSE ARCA,ETF,Active,
CAPL,CrossAmerica Partners LP,NYSE,Stock,Active,
CAPN,Cayson Acquisition Corp,NASDAQ,Stock,Active,
CAPNR,Cayson Acquisition Corp,NASDAQ,Stock,Active,
CAPNU,Cayson Acquisition Corp - Units (1 1 Rights),NASDAQ,Stock,Active,
CAPR,Capricor Therapeutics Inc,NASDAQ,Stock,Active,
CAPS,Capstone Holding Corp,NASDAQ,Stock,Active,
CAQUU,Cambridge Acquisition Corp - Units (1 Ord Cls A & 1/3 War),NASDAQ,Stock,Active,
CAQUW,Cambridge Acquisition Corp Warrants,NASDAQ,Stock,Active,
CAR,Avis Budget Group Inc,NASDAQ,Stock,Active,
CARD,Bank of Montreal,NYSE ARCA,Stock,Active,
CARE,Carter Bankshares Inc,NASDAQ,Stock,Active,
CARG,CarGurus Inc - Class A,NASDAQ,Stock,Active,
CARK,CASTLEARK LARGE GROWTH ETF,NYSE ARCA,ETF,Active,
CARL,Carlsmed Inc,NASDAQ,Stock,Active,
CARR,Carrier Global Corp,NYSE,Stock,Active,
CARS,Cars.com,NYSE,Stock,Active,
CART,Maplebear Inc,NASDAQ,Stock,Active,
CARU,Bank of Montreal,NYSE ARCA,Stock,Active,
CARV,Carver Bancorp Inc,NASDAQ,Stock,Active,
CARZ,FIRST TRUST S-NETWORK FUTURE VEHICLES & TECHNOLOGY ETF,NASDAQ,ETF,Active,
CASH,Pathward Financial Inc,NASDAQ,Stock,Active,
CASS,Cass Information Systems Inc,NASDAQ,Stock,Active,
CAST,Freecast Inc - Class A,NASDAQ,Stock,Active,
CASY,Casey`s General Stores Inc,NASDAQ,Stock,Active,
CAT,Caterpillar Inc,NYSE,Stock,Active,
CATF,AMERICAN CENTURY CALIFORNIA MUNICIPAL BOND ETF,NYSE ARCA,ETF,Active,
CATH,GLOBAL X S&P 500 CATHOLIC VALUES ETF,NASDAQ,ETF,Active,
CATM:BAT,Cardtronics Inc,NASDAQ,Stock,Active,
CATO,Cato Corp - Class A,NYSE,Stock,Active,
CATX,Perspective Therapeutics Inc,NYSE MKT,Stock,Active,
CATY,Cathay General Bancorp,NASDAQ,Stock,Active,
CAUD,Collective Audience Inc,NASDAQ,Stock,Active,
CAVA,Cava Group Inc,NYSE,Stock,Active,
CB,Chubb Ltd,NYSE,Stock,Active,
CBAN,Colony Bankcorp Inc,NYSE,Stock,Active,
CBAT,CBAK Energy Technology Inc,NASDAQ,Stock,Active,
CBFV,CB Financial Services Inc,NASDAQ,Stock,Active,
CBH,Virtus Convertible & Income 2024 Target Term Fund,NYSE,ETF,Active,
CBIO,Crescent Biopharma Inc,NASDAQ,Stock,Active,
CBK,Commercial Bancgroup Inc,NASDAQ,Stock,Active,
CBL,CBL& Associates Properties Inc - New,NYSE,Stock,Active,
CBLL,Ceribell Inc,NASDAQ,Stock,Active,
CBLS,CLOUGH HEDGED EQUITY ETF,NYSE ARCA,ETF,Active,
CBNA,Chain Bridge Bancorp Inc - Class A,NYSE,Stock,Active,
CBNK,Capital Bancorp Inc,NASDAQ,Stock,Active,
CBO,NYSE LISTED TEST STOCK FOR CTS AND CQS,NYSE,Stock,Active,
CBOA,Calamos Bitcoin Structured Alt Protection ETF April,AMEX,ETF,Active,
CBOE,Cboe Global Markets Inc,BATS,Stock,Active,
CBOJ,Calamos Bitcoin Structured Alt Protection ETF January,BATS,ETF,Active,
CBOL,Calamos Laddered Bitcoin Structured Alt Protection ETF,BATS,ETF,Active,
CBON,VANECK CHINA BOND ETF,NYSE ARCA,ETF,Active,
CBOO,Calamos Bitcoin Structured Alt Protection ETF October,BATS,ETF,Active,
CBOT,Corgi Robots & Humanoids,BATS,Stock,Active,
CBOX,Calamos Tax-Aware Collateral ETF,BATS,ETF,Active,
CBOY,Calamos Bitcoin Structured Alt Protection ETF July,BATS,ETF,Active,
CBPO:BAT,China Biologic Products Inc,NASDAQ,Stock,Active,
CBRE,CBRE Group Inc - Class A,NYSE,Stock,Active,
CBRL,Cracker Barrel Old Country Store Inc,NASDAQ,Stock,Active,
CBRS,Cerebras Systems Inc - Class A,NASDAQ,Stock,Active,
CBSE,CLOUGH SELECT EQUITY ETF,NYSE ARCA,ETF,Active,
CBSH,Commerce Bancshares Inc,NASDAQ,Stock,Active,
CBT,Cabot Corp,NYSE,Stock,Active,
CBTA,Calamos Bitcoin 80 Series Structured Alt Protection ETF April,AMEX,ETF,Active,
CBTJ,Calamos Bitcoin 80 Series Structured Alt Protection ETF January,AMEX,ETF,Active,
CBTL,Calamos Laddered Bitcoin 80 Series Structured Alt Protection ETF,BATS,ETF,Active,
CBTO,Calamos Bitcoin 80 Series Structured Alt Protection ETF October,BATS,ETF,Active,
CBTY,Calamos Bitcoin 80 Series Structured Alt Protection ETF July,BATS,ETF,Active,
CBU,Community Bank System Inc,NYSE,Stock,Active,
CBUS,Cibus Global Ltd. Class A,NASDAQ,Stock,Active,
CBX,NYSE LISTED TEST,NYSE,Stock,Active,
CBXA,Calamos Bitcoin 90 Series Structured Alt Protection ETF April,BATS,ETF,Active,
CBXJ,Calamos Bitcoin 90 Series Structured Alt Protection ETF January,AMEX,ETF,Active,
CBXL,Calamos Laddered Bitcoin 90 Series Structured Alt Protection ETF,BATS,ETF,Active,
CBXO,Calamos Bitcoin 90 Series Structured Alt Protection ETF October,BATS,ETF,Active,
CBXY,Calamos Bitcoin 90 Series Structured Alt Protection ETF July,BATS,ETF,Active,
CBZ,Cbiz Inc,NYSE,Stock,Active,
CC,Chemours Company,NYSE,Stock,Active,
CCAIU,Cascadia Acquisition Corp - Units (1 Ord Class A & 1/2 War),NASDAQ,Stock,Active,
CCAP,Crescent Capital BDC Inc,NASDAQ,Stock,Active,
CCB,Coastal Financial Corp,NASDAQ,Stock,Active,
CCBG,Capital City Bank Group Inc,NASDAQ,Stock,Active,
CCC,CCC Intelligent Solutions Holdings Inc,NASDAQ,Stock,Active,
CCCC,C4 Therapeutics Inc,NASDAQ,Stock,Active,
CCCM,Columbus Circle Capital Corp I,NASDAQ,Stock,Active,
CCCMW,Columbus Circle Capital Corp I Warrant.,NASDAQ,Stock,Active,
CCCX,Churchill Capital Corp X - Class A,NYSE,Stock,Active,
CCCXU,Churchill Capital Corp X - Units (1 Ord Cls A & 1/4 War),NASDAQ,Stock,Active,
CCCXW,Churchill Capital Corp X - Warrants(14/05/2030),NYSE,Stock,Active,
CCD,Calamos Dynamic Convertible and Income Fund,NASDAQ,ETF,Active,
CCEC,Capital Clean Energy Carriers Corp,NASDAQ,Stock,Active,
CCEF,Calamos CEF Income & Arbitrage ETF,NYSE ARCA,ETF,Active,
CCEL,Cryo-Cell International Inc,NYSE MKT,Stock,Active,
CCEP,Coca-Cola Europacific Partners Plc,NASDAQ,Stock,Active,
CCF,Chase Corp,NYSE MKT,Stock,Active,
CCG,Cheche Group Inc - Class A,NASDAQ,Stock,Active,
CCGWW,Cheche Group Inc - Warrants (01/10/2030),NASDAQ,Stock,Active,
CCHH,CCH Holdings Ltd,NASDAQ,Stock,Active,
CCI,Crown Castle Inc,NYSE,Stock,Active,
CCIF,Carlyle Credit Income Fund,NYSE,ETF,Active,
CCII,Cohen Circle Acquisition Corp II - Class A,NASDAQ,Stock,Active,
CCIIU,Cohen Circle Acquisition Corp II - Units (1 Ord Cls A & 1/4 War),NASDAQ,Stock,Active,
CCIIW,Cohen Circle Acquisition Corp II - Warrants(01/07/2030),NASDAQ,Stock,Active,
CCIR,nan,NASDAQ,Stock,Active,
CCIRW,Cohen Circle Acquisition Corp I Warrant,NASDAQ,Stock,Active,
CCIX,Churchill Capital Corp IX,NASDAQ,Stock,Active,
CCIXU,Churchill Capital Corp IX - Units (1 Ord Share Class A & 1/4 War),NASDAQ,Stock,Active,
CCIXW,Churchill Capital Corp IX - Warrants (04/12/2029),NASDAQ,Stock,Active,
CCJ,Cameco Corp,NYSE,Stock,Active,
CCK,Crown Holdings Inc,NYSE,Stock,Active,
CCL,Carnival Corporation Ltd (Paired Stock),NYSE,Stock,Active,
CCLD,CareCloud Inc,NASDAQ,Stock,Active,
CCLDO,CareCloud Inc,NASDAQ,Stock,Active,
CCM,Concord Medical Services,NYSE,Stock,Active,
CCNE,CNB Financial Corp (PA),NASDAQ,Stock,Active,
CCNEP,CNB Financial Corp (PA),NASDAQ,Stock,Active,
CCNR,ALPS | CORECOMMODITY NATURAL RESOURCES ETF,NASDAQ,ETF,Active,
CCO,Clear Channel Outdoor Holdings Inc,NYSE,Stock,Active,
CCOI,Cogent Communications Holdings Inc,NASDAQ,Stock,Active,
CCOR,CORE ALTERNATIVE ETF,NYSE ARCA,ETF,Active,
CCRN,Cross Country Healthcares Inc,NASDAQ,Stock,Active,
CCRP,Columbia Corporate Bond,NYSE ARCA,Stock,Active,
CCS,Century Communities Inc,NYSE,Stock,Active,
CCSB,CARBON COLLECTIVE SHORT DURATION GREEN BOND ETF,NASDAQ,ETF,Active,
CCSI,Consensus Cloud Solutions Inc,NASDAQ,Stock,Active,
CCSO,CARBON COLLECTIVE CLIMATE SOLUTIONS U.S. EQUITY ETF,NASDAQ,ETF,Active,
CCTG,CCSC Technology International Holdings Ltd,NASDAQ,Stock,Active,
CCU,Compania Cervecerias Unidas S.A.,NYSE,Stock,Active,
CCUP,T-REX 2X LONG CRCL DAILY TARGET ETF,BATS,ETF,Active,
CCV,Churchill Capital Corp V - Class A,NYSE,Stock,Active,
CCV-U,Churchill Capital Corp V - Units (1 Ord Class A & 1/4 War),NYSE,Stock,Active,
CCV-WS,Churchill Capital Corp V - Warrants (29/10/2027),NYSE,Stock,Active,
CCXI,ChemoCentryx Inc,NASDAQ,Stock,Active,
CCXIU,Churchill Capital Corp XI - Units (1 Ord Cls A & 1/10 War),NASDAQ,Stock,Active,
CCXIW,Churchill Capital Corp XI Warrants,NASDAQ,Stock,Active,
CCZ,Comcast Corp,NYSE,Stock,Active,
CD,Chaince DigitalHoldings Inc,NASDAQ,Stock,Active,
CDC,VICTORYSHARES US EQ INCOME ENHANCED VOLATILITY WTD ETF,NASDAQ,ETF,Active,
CDE,Coeur Mining Inc,NYSE,Stock,Active,
CDIO,Cardio Diagnostics Holdings Inc,NASDAQ,Stock,Active,
CDIOW,Cardio Diagnostics Holdings Inc - Warrants (01/12/2026),NASDAQ,Stock,Active,
CDL,VICTORYSHARES US LARGE CAP HIGH DIV VOLATILITY WTD ETF,NASDAQ,ETF,Active,
CDLR,Cadeler AS,NYSE,Stock,Active,
CDLR-W,Cadeler AS American Depositary Share each representing four 4 WhenIssued,NYSE,Stock,Active,
CDLX,Cardlytics Inc,NASDAQ,Stock,Active,
CDMO,Avid Bioservices Inc,NASDAQ,Stock,Active,
CDNA,Caredx Inc,NASDAQ,Stock,Active,
CDNL,Cardinal Infrastructure Group Inc - Class A,NASDAQ,Stock,Active,
CDNS,Cadence Design Systems Inc,NASDAQ,Stock,Active,
CDP,COPT Defense Properties,NYSE,Stock,Active,
CDR-P-B,Cedar Realty Trust Inc,NYSE,Stock,Active,
CDR-P-C,Cedar Realty Trust Inc,NYSE,Stock,Active,
CDRE,Cadre Holdings Inc,NYSE,Stock,Active,
CDRO,Codere Online Luxembourg S.A,NASDAQ,Stock,Active,
CDROW,Codere Online Luxembourg S.A - Warrants (23/11/2026),NASDAQ,Stock,Active,
CDT,CDT Equity Inc,NASDAQ,Stock,Active,
CDTG,CDT Environmental Technology Investment Holdings Ltd,NASDAQ,Stock,Active,
CDTTW,Conduit Pharmaceuticals Inc Wt Exp,NASDAQ,Stock,Active,
CDTX,Cidara Therapeutics Inc,NASDAQ,Stock,Active,
CDW,CDW Corp,NASDAQ,Stock,Active,
CDX,SIMPLIFY HIGH YIELD ETF,NYSE ARCA,ETF,Active,
CDXS,Codexis Inc,NASDAQ,Stock,Active,
CDZI,Cadiz Inc,NASDAQ,Stock,Active,
CDZIP,Cadiz Inc,NASDAQ,Stock,Active,
CE,Celanese Corp - Series A,NYSE,Stock,Active,
CECO,Ceco Environmental Corp,NASDAQ,Stock,Active,
CEE,Central and Eastern Europe Fund Inc (The),NYSE,ETF,Active,
CEF,Sprott Physical Gold and Silver Trust,NYSE ARCA,ETF,Active,
CEFA,GLOBAL X S&P CATHOLIC VALUES DEVELOPED EX-U.S. ETF,NASDAQ,ETF,Active,
CEFD,UBS AG London Branch,NYSE ARCA,Stock,Active,
CEFS,SABA CLOSED-END FUNDS ETF,BATS,ETF,Active,
CEFZ,RIVERNORTH ACTIVE INCOME ETF,BATS,ETF,Active,
CEG,Constellation Energy Corporation,NASDAQ,Stock,Active,
CELC,Celcuity Inc,NASDAQ,Stock,Active,
CELG-R,BristolMyers Squibb Company. Contingent Value Rt 12312030,NYSE,Stock,Active,
CELH,Celsius Holdings Inc,NASDAQ,Stock,Active,
CELT,Celtic Investment Inc,BATS,Stock,Active,
CELU,Celularity Inc - Class A,NASDAQ,Stock,Active,
CELUW,Celularity Inc - Warrants (16/07/2026),NASDAQ,Stock,Active,
CELZ,Creative Medical Technology Holdings Inc,NASDAQ,Stock,Active,
CEM,ClearBridge MLP and Midstream Fund Inc,NYSE,ETF,Active,
CEM:BAT,ClearBridge Energy MLP Fund Inc,NYSE,Stock,Active,
CEMB,ISHARES J.P. MORGAN EM CORPORATE BOND ETF,BATS,ETF,Active,
CEMB:BAT,Ishares Emerging Markets Corporate Bond Etf,BATS,Stock,Active,
CEN,Center Coast Brookfield MLP & Energy Infrastructure Fund,NYSE,ETF,Active,
CENN,Cenntro Electric Group Ltd,NASDAQ,Stock,Active,
CENT,Central Garden & Pet Company,NASDAQ,Stock,Active,
CENTA,Central Garden & Pet Co. - Class A,NASDAQ,Stock,Active,
CENX,Century Aluminum Company,NASDAQ,Stock,Active,
CEPF,Cantor Equity Partners IV Inc - Class A,NASDAQ,Stock,Active,
CEPI,REX CRYPTO EQUITY PREMIUM INCOME ETF,NASDAQ,ETF,Active,
CEPO,Cantor Equity Partners I Inc - Class A,NASDAQ,Stock,Active,
CEPS,Cantor Equity Partners VI Inc - Class A,NASDAQ,Stock,Active,
CEPT,Cantor Equity Partners II Inc - Class A,NASDAQ,Stock,Active,
CEPU,Central Puerto,NYSE,Stock,Active,
CEPV,Cantor Equity Partners V Inc - Class A,NASDAQ,Stock,Active,
CEQP-P,Crestwood Equity Partners LP Preferred Units representing limited partner interests,NYSE,Stock,Active,
CERS,Cerus Corp,NASDAQ,Stock,Active,
CERT,Certara Inc,NASDAQ,Stock,Active,
CERY,SPDR BLOOMBERG ENHANCED ROLL YIELD COMMODITY STRATEGY NO K-1 ETF,NYSE ARCA,ETF,Active,
CET,Central Securities Corp,NYSE MKT,ETF,Active,
CETV:BAT,Central European Media Enterprises Ltd,NASDAQ,Stock,Active,
CETX,Cemtrex Inc,NASDAQ,Stock,Active,
CETY,Clean Energy Technologies Inc,NASDAQ,Stock,Active,
CEV,Eaton Vance California Municipal Income Trust,NYSE MKT,ETF,Active,
CEVA,Ceva Inc,NASDAQ,Stock,Active,
CEW,WISDOMTREE EMERGING CURRENCY STRATEGY FUND,NYSE ARCA,ETF,Active,
CEW:BAT,WisdomTree Emerging Currency F,NYSE ARCA,Stock,Active,
CF,CF Industries Holdings Inc,NYSE,Stock,Active,
CFA,VICTORYSHARES US 500 VOLATILITY WTD ETF,NASDAQ,ETF,Active,
CFB,Crossfirst Bankshares Inc,NASDAQ,Stock,Active,
CFBK,CF Bankshares Inc,NASDAQ,Stock,Active,
CFFI,C & F Financial Corp,NASDAQ,Stock,Active,
CFFN,Capitol Federal Financial,NASDAQ,Stock,Active,
CFG,Citizens Financial Group Inc,NYSE,Stock,Active,
CFG-P-E,Citizens Financial Group Inc,NYSE,Stock,Active,
CFG-P-I,Citizens Financial Group Inc Depositary Shares Series I,NYSE,Stock,Active,
CFMS,Conformis Inc,NASDAQ,Stock,Active,
CFND,C1 Fund Inc,NYSE,Stock,Active,
CFO,VictoryShares US 500 Enhanced Volatility Wtd ETF,NASDAQ,ETF,Active,
CFR,Cullen Frost Bankers Inc,NYSE,Stock,Active,
CFR-P-B,Cullen Frost Bankers Inc,NYSE,Stock,Active,
CG,Carlyle Group Inc (The),NASDAQ,Stock,Active,
CGABL,Carlyle Finance LLC,NASDAQ,Stock,Active,
CGAU,Vitalist Inc,NYSE,Stock,Active,
CGBD,Carlyle Secured Lending Inc,NASDAQ,Stock,Active,
CGBL,CAPITAL GROUP CORE BALANCED ETF SHARE CLASS,NYSE ARCA,ETF,Active,
CGC,Canopy Growth Corporation,NASDAQ,Stock,Active,
CGCB,CAPITAL GROUP CORE BOND ETF SHARE CLASS,NYSE ARCA,ETF,Active,
CGCP,CAPITAL GROUP CORE PLUS INCOME ETF SHARE CLASS,NYSE ARCA,ETF,Active,
CGCT,Cartesian Growth Corp III - Class A,NASDAQ,Stock,Active,
CGCTU,Cartesian Growth Corp III - Units (1 Ord Cls A & 1/2 War),NASDAQ,Stock,Active,
CGCTW,Cartesian Growth Corp III - Warrants (02/05/2030),NASDAQ,Stock,Active,
CGCV,CAPITAL GROUP CONSERVATIVE EQUITY ETF SHARE CLASS,NYSE ARCA,ETF,Active,
CGDG,CAPITAL GROUP DIVIDEND GROWERS ETF SHARE CLASS,NYSE ARCA,ETF,Active,
CGDV,CAPITAL GROUP DIVIDEND VALUE ETF SHARE CLASS,NYSE ARCA,ETF,Active,
CGEM,Cullinan Oncology Inc,NASDAQ,Stock,Active,
CGEN,Compugen Ltd,NASDAQ,Stock,Active,
CGGE,CAPITAL GROUP GLOBAL EQUITY ETF SHARE CLASS,NYSE ARCA,ETF,Active,
CGGO,CAPITAL GROUP GLOBAL GROWTH EQUITY ETF SHARE CLASS,NYSE ARCA,ETF,Active,
CGGR,CAPITAL GROUP GROWTH ETF SHARE CLASS,NYSE ARCA,ETF,Active,
CGHM,CAPITAL GROUP MUNICIPAL HIGH-INCOME ETF SHARE CLASS,NYSE ARCA,ETF,Active,
CGIB,CAPITAL GROUP INTERNATIONAL BOND ETF (USD-HEDGED) SHARE CLASS,NYSE ARCA,ETF,Active,
CGIC,CAPITAL GROUP INTERNATIONAL CORE EQUITY ETF SHARE CLASS,NYSE ARCA,ETF,Active,
CGIE,CAPITAL GROUP INTERNATIONAL EQUITY ETF SHARE CLASS,NYSE ARCA,ETF,Active,
CGMM,CAPITAL GROUP U.S. SMALL AND MID CAP ETF SHARE CLASS,NYSE ARCA,ETF,Active,
CGMS,CAPITAL GROUP U.S. MULTI-SECTOR INCOME ETF SHARE CLASS,NYSE ARCA,ETF,Active,
CGMU,CAPITAL GROUP MUNICIPAL INCOME ETF SHARE CLASS,NYSE ARCA,ETF,Active,
CGNG,CAPITAL GROUP NEW GEOGRAPHY EQUITY ETF SHARE CLASS,NYSE ARCA,ETF,Active,
CGNT,Cognyte Software Ltd,NASDAQ,Stock,Active,
CGNX,Cognex Corp,NASDAQ,Stock,Active,
CGO,Calamos Global Total Return Fund,NASDAQ,ETF,Active,
CGON,Cg Oncology Inc,NASDAQ,Stock,Active,
CGRO,COREVALUES ALPHA GREATER CHINA GROWTH ETF,NYSE ARCA,ETF,Active,
CGSD,CAPITAL GROUP SHORT DURATION INCOME ETF SHARE CLASS,NYSE ARCA,ETF,Active,
CGSM,CAPITAL GROUP SHORT DURATION MUNICIPAL INCOME ETF SHARE CLASS,NYSE ARCA,ETF,Active,
CGTL,Creative Global Technology Holdings Ltd,BATS,Stock,Active,
CGTX,Cognition Therapeutics Inc,NASDAQ,Stock,Active,
CGUI,CAPITAL GROUP ULTRA SHORT INCOME ETF SHARE CLASS,NYSE ARCA,ETF,Active,
CGUS,CAPITAL GROUP CORE EQUITY ETF SHARE CLASS,NYSE ARCA,ETF,Active,
CGV,Conductor Global Equity Value ETF,NYSE,ETF,Active,
CGW,INVESCO S&P GLOBAL WATER INDEX ETF,NYSE ARCA,ETF,Active,
CGXU,CAPITAL GROUP INTERNATIONAL FOCUS EQUITY ETF SHARE CLASS,NYSE ARCA,ETF,Active,
CHA,Chagee Holdings Ltd,NASDAQ,Stock,Active,
CHAI,Siyata Mobile Inc,NASDAQ,Stock,Active,
CHAR,CHAPARRAL RESOURCES INC,NASDAQ,Stock,Active,
CHARR,Charlton Aria Acquisition Corporation Rights,NASDAQ,Stock,Active,
CHARU,Charlton Aria Acquisition Corp - Units (1 Ord Cls A & 1 Rts),NASDAQ,Stock,Active,
CHAT,ROUNDHILL GENERATIVE AI & TECHNOLOGY ETF,NYSE ARCA,ETF,Active,
CHAU,DIREXION DAILY CSI 300 CHINA A SHARE BULL 2X SHARES,NYSE ARCA,ETF,Active,
CHCI,Comstock Holding Co. Inc - Class A,NASDAQ,Stock,Active,
CHCO,City Holding Company,NASDAQ,Stock,Active,
CHCT,Community Healthcare Trust Inc,NYSE,Stock,Active,
CHD,Church & Dwight Co. Inc,NYSE,Stock,Active,
CHDN,Churchill Downs Inc,NASDAQ,Stock,Active,
CHE,Chemed Corp,NYSE,Stock,Active,
CHEB-U,Chenghe Acquisition II Co. Units each consisting of one Class A ordinary share and onehalf of one redeemable warrant,AMEX,Stock,Active,
CHEC,Chenghe Acquisition III Company,NASDAQ,Stock,Active,
CHECU,Chenghe Acquisition III Co - Units (1 Ord Cls A & 1/2 War),NASDAQ,Stock,Active,
CHECW,Chenghe Acquisition III Co. Warrants,NASDAQ,Stock,Active,
CHEF,Chefs` Warehouse Inc,NASDAQ,Stock,Active,
CHEK,Check-Cap Ltd,NASDAQ,Stock,Active,
CHGG,Chegg Inc,NYSE,Stock,Active,
CHGX,STANCE SUSTAINABLE BETA ETF,NASDAQ,ETF,Active,
CHH,Choice Hotels International Inc,NYSE,Stock,Active,
CHI,Calamos Convertible Opportunities and Income Fund,NASDAQ,ETF,Active,
CHIQ,GLOBAL X MSCI CHINA CONSUMER DISCRETIONARY ETF,NYSE ARCA,ETF,Active,
CHIQ:BAT,Global X China Consumer ETF,NYSE ARCA,ETF,Active,
CHKP,Check Point Software Technologies Ltd,NASDAQ,Stock,Active,
CHMG,Chemung Financial Corp,NASDAQ,Stock,Active,
CHMI,Cherry Hill Mortgage Investment Corporation,NYSE,Stock,Active,
CHMI-P-A,Cherry Hill Mortgage Investment Corporation,NYSE,Stock,Active,
CHMI-P-B,Cherry Hill Mortgage Investment Corporation,NYSE,Stock,Active,
CHNL,CHANNELL COMMERCIAL CORP,NASDAQ,Stock,Active,
CHNR,China Natural Resources Inc,NASDAQ,Stock,Active,
CHNU,2x Chainlink,BATS,Stock,Active,
CHOW,ChowChow Cloud International Holdings Ltd,NYSE MKT,Stock,Active,
CHPG,ChampionsGate Acquisition Corp - Class A,NASDAQ,Stock,Active,
CHPGR,ChampionsGate Acquisition Corp,NASDAQ,Stock,Active,
CHPGU,ChampionsGate Acquisition Corp - Units (1 Ord Shs & 1 Rts),NASDAQ,Stock,Active,
CHPS,XTRACKERS SEMICONDUCTOR SELECT EQUITY ETF,NASDAQ,ETF,Active,
CHPT,ChargePoint Holdings Inc - Class A,NYSE,Stock,Active,
CHPX,GLOBAL X AI SEMICONDUCTOR & QUANTUM ETF,NASDAQ,ETF,Active,
CHR,Cheer Holding Inc,NASDAQ,Stock,Active,
CHRD,Chord Energy Corp - New,NASDAQ,Stock,Active,
CHRN,ChronoScale Corp,NASDAQ,Stock,Active,
CHRS,Coherus Biosciences Inc,NASDAQ,Stock,Active,
CHRW,C.H. Robinson Worldwide Inc,NASDAQ,Stock,Active,
CHSCL,CHS Inc,NASDAQ,Stock,Active,
CHSCM,CHS Inc,NASDAQ,Stock,Active,
CHSCN,CHS Inc,NASDAQ,Stock,Active,
CHSCO,CHS Inc,NASDAQ,Stock,Active,
CHSCP,CHS Inc,NASDAQ,Stock,Active,
CHSN,Chanson International Holding - Class A,NASDAQ,Stock,Active,
CHT,Chunghwa Telecom,NYSE,Stock,Active,
CHTR,Charter Communications Inc - Class A,NASDAQ,Stock,Active,
CHW,Calamos Global Dynamic Income Fund,NASDAQ,ETF,Active,
CHWY,Chewy Inc - Class A,NYSE,Stock,Active,
CHY,Calamos Convertible and High Income Fund,NASDAQ,ETF,Active,
CHYM,Chime Financial Inc - Class A,NASDAQ,Stock,Active,
CI,Cigna Group (The),NYSE,Stock,Active,
CIA,Citizens Inc - Class A,NYSE,Stock,Active,
CIB,Bancolombia S.A.,NYSE,Stock,Active,
CIBR,FIRST TRUST NASDAQ CYBERSECURITY ETF,NASDAQ,ETF,Active,
CICB,CION Investment Corporation 7.50 Notes due 2029,NYSE,Stock,Active,
CICC,CION Invt Corp,NYSE,Stock,Active,
CIEG,Leverage Shares 2X Long CIEN Daily,BATS,Stock,Active,
CIEN,CIENA Corp,NYSE,Stock,Active,
CIF,MFS Intermediate High Income Fund,NYSE,ETF,Active,
CIFG,Leverage Shares 2X Long CIFR Daily ETF,NASDAQ,ETF,Active,
CIFR,Cipher Mining Inc,NASDAQ,Stock,Active,
CIFU,TREX 2X Long CIFR Daily Target ETF,BATS,ETF,Active,
CIG,Cia Energetica DE Minas Gerais - Cemig,NYSE,Stock,Active,
CIG-C,Cia Energetica DE Minas Gerais - Cemig,NYSE,Stock,Active,
CIGI,Colliers International Group Inc,NASDAQ,Stock,Active,
CIH,China Index Holdings Ltd,NASDAQ,Stock,Active,
CII,BlackRock Enhanced Capital and Income Fund Inc,NYSE,ETF,Active,
CIIGU,CIIG Capital Partners II Inc - Units (1 Ord Class A & 1/2 War),NASDAQ,Stock,Active,
CIIT,Tianci International Inc,NASDAQ,Stock,Active,
CIK,Credit Suisse Asset Management Income Fund Inc,NYSE MKT,ETF,Active,
CIM,Chimera Investment Corp,NYSE,Stock,Active,
CIM-P-A,Chimera Investment Corp,NYSE,Stock,Active,
CIM-P-B,Chimera Investment Corp,NYSE,Stock,Active,
CIM-P-C,Chimera Investment Corp,NYSE,Stock,Active,
CIM-P-D,Chimera Investment Corp,NYSE,Stock,Active,
CIMN,Chimera Investment Corporation 9.000 Senior Notes due 2029,NYSE,Stock,Active,
CIMO,Chimera Investment Corp,NYSE,Stock,Active,
CIMP,Chimera Investment Corp,NYSE,Stock,Active,
CINF,Cincinnati Financial Corp,NASDAQ,Stock,Active,
CING,Cingulate Inc,NASDAQ,Stock,Active,
CINGW,Cingulate Inc - Warrants (03/12/2026),NASDAQ,Stock,Active,
CINT,CI&T Inc Class A,NYSE,Stock,Active,
CION,CION Invt Corp,NYSE,Stock,Active,
CISO,CISO Global Inc,NASDAQ,Stock,Active,
CISS,C3is Inc,NASDAQ,Stock,Active,
CISSV,C3is Inc,NASDAQ,Stock,Active,
CITR,General Enterprise Ventures Inc,AMEX,Stock,Active,
CIVB,Civista Bancshares Inc,NASDAQ,Stock,Active,
CIX,Compx International Inc - Class A,NYSE MKT,Stock,Active,
CJMB,Callan Jmb Inc,NASDAQ,Stock,Active,
CKX,CKX Lands Inc,NYSE MKT,Stock,Active,
CL,Colgate-Palmolive Company,NYSE,Stock,Active,
CLAR,Clarus Corp,NASDAQ,Stock,Active,
CLB,Core Laboratories Inc,NYSE,Stock,Active,
CLBK,Columbia Financial Inc,NASDAQ,Stock,Active,
CLBR,Colombier Acquisition Corp II - Class A,NYSE,Stock,Active,
CLBR-U,Colombier Acquisition Corp Units each consisting of one share of Class A common stock and onethird of one redeemable warrant,NYSE,Stock,Active,
CLBR-WS,Colombier Acquisition Corp II - Warrants (31/12/2028),NYSE,Stock,Active,
CLBT,Cellebrite DI Ltd,NASDAQ,Stock,Active,
CLCG,Crossmark Large Cap Growth ETF,NYSE ARCA,ETF,Active,
CLCT:BAT,Collectors Universe Inc,NASDAQ,Stock,Active,
CLCV,Crossmark Large Cap Value ETF,NYSE ARCA,ETF,Active,
CLDI,Calidi Biotherapeutics Inc,NYSE MKT,Stock,Active,
CLDI-WS,Calidi Biotherapeutics Inc Wt Exp Red,AMEX,Stock,Active,
CLDL,DIREXION DAILY CLOUD COMPUTING BULL 2X SHARES,NYSE ARCA,ETF,Active,
CLDT,Chatham Lodging Trust,NYSE,Stock,Active,
CLDT-P-A,Chatham Lodging Trust,NYSE,Stock,Active,
CLDX,Celldex Therapeutics Inc,NASDAQ,Stock,Active,
CLF,Cleveland-Cliffs Inc,NYSE,Stock,Active,
CLFD,Clearfield Inc,NASDAQ,Stock,Active,
CLGN,CollPlant Biotechnologies Ltd New,NASDAQ,Stock,Active,
CLH,Clean Harbors Inc,NYSE,Stock,Active,
CLIK,Click Holdings Ltd,NASDAQ,Stock,Active,
CLIM,CLIMATE GLOBAL - CLIMATE RESILIENT REIT INDEX ETF,NYSE,ETF,Active,
CLINW,Alternus Clean Energy Inc - Warrants (01/01/2022),NASDAQ,Stock,Active,
CLIP,GLOBAL X 1-3 MONTH T-BILL ETF,NYSE ARCA,ETF,Active,
CLIR,ClearSign Technologies Corp,NASDAQ,Stock,Active,
CLIX,PROSHARES LONG ONLINE/SHORT STORES RETAIL ETF,NYSE ARCA,ETF,Active,
CLLS,Cellectis,NASDAQ,Stock,Active,
CLM,Cornerstone Strategic Value Fund,NYSE MKT,ETF,Active,
CLMB,Climb Global Solutions Inc,NASDAQ,Stock,Active,
CLMT,Calumet Specialty Products Partners L.P.,NASDAQ,Stock,Active,
CLNE,Clean Energy Fuels Corp,NASDAQ,Stock,Active,
CLNK,Bitwise Chainlink ETF,NYSE ARCA,ETF,Active,
CLNN,Clene Inc,NASDAQ,Stock,Active,
CLNNW,Clene Inc - Warrants (30/12/2025),NASDAQ,Stock,Active,
CLOA,BlackRock AAA CLO ETF,NASDAQ,ETF,Active,
CLOB,VANECK AA-BB CLO ETF,NYSE ARCA,ETF,Active,
CLOD,THEMES CLOUD COMPUTING ETF,NASDAQ,ETF,Active,
CLOI,VANECK CLO ETF,NYSE ARCA,ETF,Active,
CLOU,GLOBAL X CLOUD COMPUTING ETF,NASDAQ,ETF,Active,
CLOV,Clover Health Investments Corp - Class A,NASDAQ,Stock,Active,
CLOX,ELDRIDGE AAA CLO ETF,NYSE ARCA,ETF,Active,
CLOZ,ELDRIDGE BBB-B CLO ETF,NYSE ARCA,ETF,Active,
CLPR,Clipper Realty Inc,NYSE,Stock,Active,
CLPS,CLPS Inc,NASDAQ,Stock,Active,
CLPT,ClearPoint Neuro Inc,NASDAQ,Stock,Active,
CLRB,Cellectar Biosciences Inc,NASDAQ,Stock,Active,
CLRO,ClearOne Inc,NASDAQ,Stock,Active,
CLS,Celestica Inc,NYSE,Stock,Active,
CLSA,Cabana Target Leading Sector Aggressive ETF,NASDAQ,ETF,Active,
CLSC,Cabana Target Leading Sector Conservative ETF,NASDAQ,ETF,Active,
CLSE,CONVERGENCE LONG/SHORT EQUITY ETF,BATS,ETF,Active,
CLSK,Cleanspark Inc,NASDAQ,Stock,Active,
CLSKW,CleanSpark Inc Warrant,NASDAQ,Stock,Active,
CLSM,ETC CABANA TARGET LEADING SECTOR MODERATE ETF,NASDAQ,ETF,Active,
CLST,Catalyst Bancorp Inc,NASDAQ,Stock,Active,
CLSX,Tradr 2X Long CLSK Daily ETF,BATS,ETF,Active,
CLSZ,Tradr 2X Short CLSK Daily,BATS,Stock,Active,
CLUB,BILLIONAIRES CLUB ETF,NASDAQ,Stock,Active,
CLVS,nan,NASDAQ,Stock,Active,
CLVT,Clarivate Plc,NYSE,Stock,Active,
CLW,Clearwater Paper Corp,NYSE,Stock,Active,
CLWT,Euro Tech Holdings Co. Ltd,NASDAQ,Stock,Active,
CLX,Clorox Company,NYSE,Stock,Active,
CLXT,Calyxt Inc,NASDAQ,Stock,Active,
CLYM,Eliem Therapeutics Inc,NASDAQ,Stock,Active,
CM,Canadian Imperial Bank Of Commerce,NYSE,Stock,Active,
CMAY,Corgi U.S. Equities 15 Structured Buffer ETF May Series,BATS,Stock,Active,
CMBO,Wayfinder Dynamic U.S. Interest Rate ETF,NASDAQ,ETF,Active,
CMBS,ISHARES CMBS ETF,NYSE ARCA,ETF,Active,
CMBS:BAT,Ishares Cmbs Etf,NYSE ARCA,Stock,Active,
CMBT,Euronav NV,NYSE,Stock,Active,
CMC,Commercial Metals Company,NYSE,Stock,Active,
CMCI,VANECK CMCI COMMODITY STRATEGY ETF,BATS,ETF,Active,
CMCL,Caledonia Mining Corporation Plc,NYSE MKT,Stock,Active,
CMCM,Cheetah Mobile Inc,NYSE,Stock,Active,
CMCO,Columbus Mckinnon Corp,NASDAQ,Stock,Active,
CMCSA,Comcast Corp - Class A,NASDAQ,Stock,Active,
CMCSV,Comcast Corporation,NASDAQ,Stock,Active,
CMCT,Creative Media & Community Trust,NASDAQ,Stock,Active,
CMDB,Costamare Bulkers Holdings Ltd,NYSE,Stock,Active,
CMDB-W,Costamare Bulkers Holdings Ltd WhenIssued,NYSE,Stock,Active,
CMDT,PIMCO COMMODITY STRATEGY ACTIVE EXCHANGE-TRADED FUND,NYSE ARCA,ETF,Active,
CMDY,ISHARES BLOOMBERG ROLL SELECT COMMODITY STRATEGY ETF,NYSE ARCA,ETF,Active,
CME,CME Group Inc - Class A,NASDAQ,Stock,Active,
CMF,ISHARES CALIFORNIA MUNI BOND ETF,NYSE ARCA,ETF,Active,
CMG,Chipotle Mexican Grill,NYSE,Stock,Active,
CMGG,Leverage Shares 2X Long CMG Daily ETF,NASDAQ,ETF,Active,
CMI,Cummins Inc,NYSE,Stock,Active,
CMIIU,Columbus Circle Capital Corp II - Units (1 Ord Cls A & 1/3 War),NASDAQ,Stock,Active,
CMMB,Chemomab Therapeutics Ltd,NASDAQ,Stock,Active,
CMND,Clearmind Medicine Inc,NASDAQ,Stock,Active,
CMP,Compass Minerals International Inc,NYSE,Stock,Active,
CMPOV,CompoSecure Inc,NASDAQ,Stock,Active,
CMPR,Cimpress plc,NASDAQ,Stock,Active,
CMPS,Compass Pathways Plc,NASDAQ,Stock,Active,
CMPX,Compass Therapeutics Inc,NASDAQ,Stock,Active,
CMRC,Commerce.com Inc Com Ser 1,NASDAQ,Stock,Active,
CMRE,Costamare Inc,NYSE,Stock,Active,
CMRE-P-B,Costamare Inc,NYSE,Stock,Active,
CMRE-P-C,Costamare Inc,NYSE,Stock,Active,
CMRE-P-D,Costamare Inc,NYSE,Stock,Active,
CMRE-W,Costamare Inc WhenIssued,NYSE,Stock,Active,
CMRX,Chimerix Inc,NASDAQ,Stock,Active,
CMS,CMS Energy Corporation,NYSE,Stock,Active,
CMS-P-B,Consumers Energy Company,NYSE,Stock,Active,
CMS-P-C,CMS Energy Corporation,NYSE,Stock,Active,
CMSA,CMS Energy Corporation,NYSE,Stock,Active,
CMSC,CMS Energy Corporation,NYSE,Stock,Active,
CMSD,CMS Energy Corporation,NYSE,Stock,Active,
CMT,Core Molding Technologies,NYSE MKT,Stock,Active,
CMTG,Claros Mortgage Trust Inc,NYSE,Stock,Active,
CMTL,Comtech Telecommunications Corp,NASDAQ,Stock,Active,
CMU,MFS High Yield Municipal Trust,NYSE,ETF,Active,
CNA,CNA Financial Corp,NYSE,Stock,Active,
CNAV,MOHR COMPANY NAV ETF,BATS,ETF,Active,
CNBS,AMPLIFY SEYMOUR CANNABIS ETF,NYSE ARCA,ETF,Active,
CNC,Centene Corp,NYSE,Stock,Active,
CNCK,Coincheck Group N.V.,NASDAQ,Stock,Active,
CNCKW,Coincheck Group N.V. Warrants,NASDAQ,Stock,Active,
CNDT,Conduent Inc,NASDAQ,Stock,Active,
CNEQ,ALGER CONCENTRATED EQUITY ETF,NYSE ARCA,ETF,Active,
CNET,ZW Data Action Technologies Inc,NASDAQ,Stock,Active,
CNEY,CN Energy Group Inc - Class A,NASDAQ,Stock,Active,
CNF,CNFinance Holdings Ltd,NYSE,Stock,Active,
CNFRL,Conifer Holdings Inc,NASDAQ,Stock,Active,
CNH,CNH Industrial NV,NYSE,Stock,Active,
CNI,Canadian National Railway Company,NYSE,Stock,Active,
CNK,Cinemark Holdings Inc,NYSE,Stock,Active,
CNM,Core & Main Inc Class A,NYSE,Stock,Active,
CNMD,Conmed Corp,NYSE,Stock,Active,
CNNE,Cannae Holdings Inc,NYSE,Stock,Active,
CNO,CNO Financial Group Inc,NYSE,Stock,Active,
CNO-P-A,CNO Financial Group Inc,NYSE,Stock,Active,
CNOB,ConnectOne Bancorp Inc,NASDAQ,Stock,Active,
CNOBP,ConnectOne Bancorp Inc,NASDAQ,Stock,Active,
CNP,Centerpoint Energy Inc,NYSE,Stock,Active,
CNQ,Canadian Natural Resources Ltd,NYSE,Stock,Active,
CNQQ,RayliantChinaAMC Transformative China Tech ETF,NASDAQ,ETF,Active,
CNR,Core Natural Resources Inc,NYSE,Stock,Active,
CNRG,SPDR S&P KENSHO CLEAN POWER ETF,NYSE ARCA,ETF,Active,
CNS,Cohen & Steers Inc,NYSE,Stock,Active,
CNSP,Cns Pharmaceuticals Inc,NASDAQ,Stock,Active,
CNTA,Centessa Pharmaceuticals plc,NASDAQ,Stock,Active,
CNTB,Connect Biopharma Holdings Ltd,NASDAQ,Stock,Active,
CNTN,Tharimmune Inc,NASDAQ,Stock,Active,
CNTX,Context Therapeutics Inc,NASDAQ,Stock,Active,
CNTY,Century Casinos Inc,NASDAQ,Stock,Active,
CNVS,Cineverse Corp - Class A,NASDAQ,Stock,Active,
CNX,CNX Resources Corp,NYSE,Stock,Active,
CNXC,Concentrix Corp,NASDAQ,Stock,Active,
CNXN,PC Connection Inc,NASDAQ,Stock,Active,
CNXT,VANECK CHINEXT INNOVATORS ETF,NYSE ARCA,ETF,Active,
CNXU,Conexeu Sciences Inc,NASDAQ,Stock,Active,
CNYA,ISHARES MSCI CHINA A ETF,BATS,ETF,Active,
COAG,Hemab Therapeutics Holdings Inc,NASDAQ,Stock,Active,
COAL,RANGE GLOBAL COAL INDEX ETF,NYSE ARCA,ETF,Active,
COCH,Envoy Medical Inc - Class A,NASDAQ,Stock,Active,
COCHW,Envoy Medical Inc - Warrants (29/09/2028),NASDAQ,Stock,Active,
COCO,Vita Coco Company Inc (The),NASDAQ,Stock,Active,
COCP,Cocrystal Pharma Inc,NASDAQ,Stock,Active,
CODA,Coda Octopus Group Inc,NASDAQ,Stock,Active,
CODI,Compass Diversified Holdings,NYSE,Stock,Active,
CODI-P-A,Compass Diversified Holdings 7250 Series A Preferred Shares representing beneficial interest in,NYSE,Stock,Active,
CODI-P-B,Compass Diversified Holdings,NYSE,Stock,Active,
CODI-P-C,Compass Diversified Holdings 7.875 PRF PERPETUAL USD 25 Ser C,NYSE,Stock,Active,
CODX,Co-Diagnostics Inc,NASDAQ,Stock,Active,
COE,51 Talk Online Education Group,NYSE MKT,Stock,Active,
COEPW,Z Squared Inc - Warrants (31/10/2025),NASDAQ,Stock,Active,
COF,Capital One Financial Corp,NYSE,Stock,Active,
COF-P-I,Capital One Financial Corp,NYSE,Stock,Active,
COF-P-J,Capital One Financial Corp,NYSE,Stock,Active,
COF-P-K,Capital One Financial Corp,NYSE,Stock,Active,
COF-P-L,Capital One Financial Corp,NYSE,Stock,Active,
COF-P-N,Capital One Financial Corp,NYSE,Stock,Active,
COFS,Choiceone Financial Services Inc,NASDAQ,Stock,Active,
COGT,Cogent Biosciences Inc,NASDAQ,Stock,Active,
COHH,Leverage Shares 2X Long COHR Daily,BATS,Stock,Active,
COHN,Cohen & Company Inc,NYSE MKT,Stock,Active,
COHR,Coherent Corp,NYSE,Stock,Active,
COHU,Cohu Inc,NASDAQ,Stock,Active,
COHX,Tradr 2X Long COHR Daily,BATS,Stock,Active,
COIA,ProShares Trust Ultra COIN,NYSE ARCA,Stock,Active,
COIG,LEVERAGE SHARES 2X LONG COIN DAILY ETF,NASDAQ,ETF,Active,
COII,REX COIN GROWTH & INCOME ETF,BATS,ETF,Active,
COIN,Coinbase Global Inc - Class A,NASDAQ,Stock,Active,
COIO,LEVERAGE SHARES 2X CAPPED ACCELERATED COIN MONTHLY ETF,BATS,ETF,Active,
COIW,ROUNDHILL COIN WEEKLYPAY ETF,BATS,ETF,Active,
COKE,Coca-Cola Consolidated Inc,NASDAQ,Stock,Active,
COLA,Columbus Acquisition Corp,NASDAQ,Stock,Active,
COLAR,Columbus Acquisition Corp Rights,NASDAQ,Stock,Active,
COLAU,Columbus Acquisition Corp - Units ( Ord Cls A & 1 Rts),NASDAQ,Stock,Active,
COLB,Columbia Banking System Inc,NASDAQ,Stock,Active,
COLD,Americold Realty Trust Inc,NYSE,Stock,Active,
COLL,Collegium Pharmaceutical Inc,NASDAQ,Stock,Active,
COLM,Columbia Sportswear Company,NASDAQ,Stock,Active,
COLO,GLOBAL X MSCI COLOMBIA ETF,NYSE ARCA,ETF,Active,
COM,DIREXION AUSPICE BROAD COMMODITY STRATEGY ETF,NYSE ARCA,ETF,Active,
COMB,GRANITESHARES BLOOMBERG COMMODITY BROAD STRATEGY NO K-1 ETF,NYSE ARCA,ETF,Active,
COMP,Compass Inc - Class A,NYSE,Stock,Active,
COMT,ISHARES GSCI COMMODITY DYNAMIC ROLL STRATEGY ETF,NASDAQ,ETF,Active,
CON,Concentra Group Holdings Parent Inc,NYSE,Stock,Active,
CON-W,Concentra Group Holdings Parent Inc WhenIssued Addl Shares,NYSE,Stock,Active,
CONI,GRANITESHARES 2X SHORT COIN DAILY ETF,NASDAQ,ETF,Active,
CONL,GRANITESHARES 2X LONG COIN DAILY ETF,NASDAQ,ETF,Active,
CONN,Conns Inc,NASDAQ,Stock,Active,
CONX,Direxion Daily COIN Bull 2X ETF,NASDAQ,ETF,Active,
CONY,YIELDMAX(R) COIN OPTION INCOME STRATEGY ETF,NYSE ARCA,ETF,Active,
COO,Cooper Companies Inc,NASDAQ,Stock,Active,
COOK,Traeger Inc,NYSE,Stock,Active,
COOT,Australian Oilseeds Holdings Ltd,NASDAQ,Stock,Active,
COOTW,Australian Oilseeds Holdings Ltd - Warrants (22/03/2029),NASDAQ,Stock,Active,
COP,Conoco Phillips,NYSE,Stock,Active,
COPA,THEMES COPPER MINERS ETF,BATS,ETF,Active,
COPJ,Sprott Junior Copper Miners ETF,NASDAQ,ETF,Active,
COPL-U,Copley Acquisition Corp - Units (1 Ord Cls A & 1/2 War),NYSE,Stock,Active,
COPL-WS,Copley Acquisition Corp Redeemable warrants each whole warrant exercisable for one Class A ordinary share at an exercise price of 11.50,NYSE,Stock,Active,
COPP,Sprott Copper Miners ETF,NASDAQ,ETF,Active,
COPX,GLOBAL X COPPER MINERS ETF,NYSE ARCA,ETF,Active,
COPX:BAT,Global X Copper Miners ETF,NYSE ARCA,ETF,Active,
COR,Cencora Inc,NYSE,Stock,Active,
CORB,AB Core Bond ETF,NYSE ARCA,ETF,Active,
CORD,T-REX 2X INVERSE CRWV DAILY TARGET ETF,BATS,ETF,Active,
CORN,Teucrium Corn Fund,NYSE ARCA,ETF,Active,
CORN:BAT,Teucrium Corn Fund,NYSE ARCA,Stock,Active,
CORO,iShares International Country Rotation Active ETF,NASDAQ,ETF,Active,
CORP,PIMCO INVESTMENT GRADE CORPORATE BOND INDEX EXCHANGE-TRADED FUND,NYSE ARCA,ETF,Active,
CORP:BAT,PIMCO Investment Grade Corporate Bond Index Fund,NYSE ARCA,Stock,Active,
CORT,Corcept Therapeutics Inc,NASDAQ,Stock,Active,
CORZ,Core Scientific Inc - New,NASDAQ,Stock,Active,
CORZW,Core Scientific Inc - Warrants Tranche 1 (23/01/2027),NASDAQ,Stock,Active,
CORZZ,Core Scientific Inc - Warrants Tranche 2 (23/01/2029),NASDAQ,Stock,Active,
COSM,Cosmos Health Inc,NASDAQ,Stock,Active,
COST,Costco Wholesale Corp,NASDAQ,Stock,Active,
COSW,ROUNDHILL COST WEEKLYPAY ETF,BATS,ETF,Active,
COTG,LEVERAGE SHARES 2X LONG COST DAILY ETF,NASDAQ,ETF,Active,
COTY,Coty Inc - Class A,NYSE,Stock,Active,
COUR,Coursera Inc,NYSE,Stock,Active,
COWG,PACER US LARGE CAP CASH COWS GROWTH LEADERS ETF,NASDAQ,ETF,Active,
COWNL,Cowen Inc,NASDAQ,Stock,Active,
COWS,Amplify Cash Flow Dividend Leaders ETF,NASDAQ,ETF,Active,
COWZ,PACER US CASH COWS 100 ETF,BATS,ETF,Active,
COYA,Coya Therapeutics Inc,NASDAQ,Stock,Active,
COYY,GRANITESHARES YIELDBOOST COIN ETF,NASDAQ,ETF,Active,
COZX,Tradr 2X Long CORZ Daily ETF,BATS,ETF,Active,
CP,Canadian Pacific Kansas City Ltd,NYSE,Stock,Active,
CPA,Copa Holdings S.A. - Class A,NYSE,Stock,Active,
CPAA,Conyers Park III Acquisition Corp - Class A,NASDAQ,Stock,Active,
CPAAU,Conyers Park III Acquisition Corp - Units (1 Ord Share Class A & 1/3 War),NASDAQ,Stock,Active,
CPAAW,Conyers Park III Acquisition Corp - Warrants (31/07/2028),NASDAQ,Stock,Active,
CPAC,Cementos Pacasmayo S.A.A.,NYSE,Stock,Active,
CPAG,Fm Compoundr U.S. Aggregate Bond ETF,NASDAQ,ETF,Active,
CPAH:BAT,CounterPath Corporation,NASDAQ,Stock,Active,
CPARU,Catalyst Partners Acquisition Corp - Units (1 Ord Share Class A & 1/5 War),NASDAQ,Stock,Active,
CPAY,Fleetcor Technologies Inc,NYSE,Stock,Active,
CPB,Campbell Soup Company,NASDAQ,Stock,Active,
CPBI,Central Plains Bancshares Inc,NASDAQ,Stock,Active,
CPER,United States Copper Index Fund,NYSE ARCA,ETF,Active,
CPER:BAT,United States Copper Index Fund,NYSE ARCA,Stock,Active,
CPF,Central Pacific Financial Corp,NYSE,Stock,Active,
CPHC,Canterbury Park Holding Corp,NASDAQ,Stock,Active,
CPHI,China Pharma Holdings Inc,NYSE MKT,Stock,Active,
CPHY,Fm Compoundr High Yield Bond ETF,NASDAQ,ETF,Active,
CPII,AMERICAN BEACON IONIC INFLATION PROTECTION ETF,NYSE ARCA,ETF,Active,
CPIX,Cumberland Pharmaceuticals Inc,NASDAQ,Stock,Active,
CPK,Chesapeake Utilities Corp,NYSE,Stock,Active,
CPLB,NYLI MACKAY CORE PLUS BOND ETF,NYSE ARCA,ETF,Active,
CPLP,Capital Product Partners L P,NASDAQ,Stock,Active,
CPLS,AB CORE PLUS BOND ETF,NASDAQ,ETF,Active,
CPNG,Coupang Inc - Class A,NYSE,Stock,Active,
CPNJ,CALAMOS NASDAQ-100 STRUCTURED ALT PROTECTION ETF - JUNE,NYSE ARCA,ETF,Active,
CPNQ,CALAMOS NASDAQ-100 STRUCTURED ALT PROTECTION ETF - DECEMBER,NYSE ARCA,ETF,Active,
CPNS,CALAMOS NASDAQ-100 STRUCTURED ALT PROTECTION ETF - SEPTEMBER,NYSE ARCA,ETF,Active,
CPNX,Tradr 2X Long CPNG Daily,BATS,Stock,Active,
CPOP,Pop Culture Group Co Ltd - Class A,NASDAQ,Stock,Active,
CPRA,Calamos ETF Trust Russell 2000 Structured Alt Protection ETF April,NYSE ARCA,ETF,Active,
CPRI,Capri Holdings Ltd,NYSE,Stock,Active,
CPRJ,Calamos Russell 2000 Structured Alt Protection ETF July,NYSE ARCA,ETF,Active,
CPRO,Russell 2000 Structured Alt Protection ETF - October,NYSE ARCA,ETF,Active,
CPRT,Copart Inc,NASDAQ,Stock,Active,
CPRX,Catalyst Pharmaceuticals Inc,NASDAQ,Stock,Active,
CPS,Cooper-Standard Holdings Inc,NYSE,Stock,Active,
CPSA,CALAMOS S&P 500 STRUCTURED ALT PROTECTION ETF - AUGUST,NYSE ARCA,ETF,Active,
CPSD,Calamos S&P 500 Structured Alt Protection ETF December,NYSE ARCA,ETF,Active,
CPSH,CPS Technologies Corporation,NASDAQ,Stock,Active,
CPSJ,CALAMOS S&P 500 STRUCTURED ALT PROTECTION ETF - JULY,NYSE ARCA,ETF,Active,
CPSL,Calamos Laddered S&P 500 Structured Alt Protection ETF,BATS,ETF,Active,
CPSM,CALAMOS S&P 500 STRUCTURED ALT PROTECTION ETF - MAY,NYSE ARCA,ETF,Active,
CPSO,S&P 500 Structured Alt Protection ETF - October,NYSE ARCA,ETF,Active,
CPSP,Calamos S&P 500 Structured Alt Protection ETF April,NYSE ARCA,ETF,Active,
CPSR,Gelesis Holdings Inc - Class A,NYSE ARCA,Stock,Active,
CPSS,Consumer Portfolio Service Inc,NASDAQ,Stock,Active,
CPST,CALAMOS S&P 500 STRUCTURED ALT PROTECTION ETF - SEPTEMBER,NYSE ARCA,ETF,Active,
CPSU,Calamos S&P 500 Structured Alt Protection ETF June,NYSE ARCA,ETF,Active,
CPSY,Calamos S&P 500 Structured Alt Protection ETF January,NYSE ARCA,ETF,Active,
CPT,Camden Property Trust,NYSE,Stock,Active,
CPTK,Crown PropTech Acquisitions - Class A,NYSE,Stock,Active,
CPTK-U,Crown PropTech Acquisitions - Units (1 Ord Share Class A & 1/3 War),NYSE,Stock,Active,
CPXR,USCF DAILY TARGET 2X COPPER INDEX ETF,NYSE ARCA,ETF,Active,
CPZ,Calamos Long/Short Equity & Dynamic Income Trust,NASDAQ,Stock,Active,
CQP,Cheniere Energy Partners LP,NYSE,Stock,Active,
CQQQ,INVESCO CHINA TECHNOLOGY ETF,NYSE ARCA,ETF,Active,
CQQQ:BAT,Guggenheim China Technology ETF,NYSE ARCA,ETF,Active,
CQTM,Corgi Quantum Computing,BATS,Stock,Active,
CR,Crane Company,NYSE,Stock,Active,
CR-W,Crane Company When Issued,NYSE,Stock,Active,
CRAC,Crown Reserve Acquisition Corp I - Class A,NASDAQ,Stock,Active,
CRACR,Crown Reserve Acquisition Corp I,NASDAQ,Stock,Active,
CRACU,Cal Redwood Acquisition Corp - Units (1 Ord Cls A & 1 Rts),NASDAQ,Stock,Active,
CRACW,Crown Reserve Acquisition Corp I - Warrants(06/10/2030),NASDAQ,Stock,Active,
CRAI,CRA International Inc,NASDAQ,Stock,Active,
CRAK,VANECK OIL REFINERS ETF,NYSE ARCA,ETF,Active,
CRAN,Crane Harbor Acquisition Corp II - Class A,NASDAQ,Stock,Active,
CRANR,Crane Harbor Acquisition Corp II,NASDAQ,Stock,Active,
CRANU,Crane Harbor Acquisition Corp II - Units (1 Ord Cls A & 1 Rts),NASDAQ,Stock,Active,
CRAQ,Cal Redwood Acquisition Corp,NASDAQ,Stock,Active,
CRAQR,Cal Redwood Acquisition Corp Right,NASDAQ,Stock,Active,
CRBD,Corebridge Financial Inc,NYSE,Stock,Active,
CRBG,Corebridge Financial Inc,NYSE,Stock,Active,
CRBN,ISHARES MSCI ACWI LOW CARBON TARGET ETF,NYSE ARCA,ETF,Active,
CRBP,Corbus Pharmaceuticals Holdings Inc,NASDAQ,Stock,Active,
CRBU,Caribou Biosciences Inc,NASDAQ,Stock,Active,
CRC,California Resources Corporation - New,NYSE,Stock,Active,
CRCA,ProShares Ultra CRCL,NYSE ARCA,Stock,Active,
CRCD,T-REX 2X INVERSE CRCL DAILY TARGET ETF,BATS,ETF,Active,
CRCG,LEVERAGE SHARES 2X LONG CRCL DAILY ETF,NASDAQ,ETF,Active,
CRCL,Circle Internet Group Inc - Class A,NYSE,Stock,Active,
CRCT,Cricut Inc - Class A,NASDAQ,Stock,Active,
CRD-A,Crawford & Co. - Class A,NYSE,Stock,Active,
CRD-B,Crawford & Co. - Class B,NYSE,Stock,Active,
CRDD,Cardano,BATS,Stock,Active,
CRDF,Cardiff Oncology Inc,NASDAQ,Stock,Active,
CRDL,Cardiol Therapeutics Inc - Class A,NASDAQ,Stock,Active,
CRDO,Credo Technology Group Holding Ltd,NASDAQ,Stock,Active,
CRDT,SIMPLIFY OPPORTUNISTIC INCOME ETF,NYSE ARCA,ETF,Active,
CRDU,Tradr 2X Long CRDO Daily ETF,BATS,ETF,Active,
CRE,Cre8 Enterprise Ltd Class A,NASDAQ,Stock,Active,
CRED,COLUMBIA RESEARCH ENHANCED REAL ESTATE ETF,NYSE ARCA,ETF,Active,
CREG,Smart Powerr Corp,NASDAQ,Stock,Active,
CRESY,Cresud,NASDAQ,Stock,Active,
CREX,Creative Realities Inc,NASDAQ,Stock,Active,
CRF,Cornerstone Total Return Fund,NYSE MKT,ETF,Active,
CRGO,Freightos Ltd,NASDAQ,Stock,Active,
CRGOW,Freightos Ltd - Warrants (23/01/2027),NASDAQ,Stock,Active,
CRGX,CARGO Therapeutics Inc,NASDAQ,Stock,Active,
CRGY,Crescent Energy Co. - Class A,NYSE,Stock,Active,
CRH,CRH Plc,NYSE,Stock,Active,
CRHC-U,Cohn Robbins Holdings Corp Units each consisting of one Class A ordinary share and onethird of one redeemable warrant,NYSE,Stock,Active,
CRI,Carters Inc,NYSE,Stock,Active,
CRIS,Curis Inc,NASDAQ,Stock,Active,
CRK,Comstock Resources Inc,NYSE,Stock,Active,
CRL,Charles River Laboratories International Inc,NYSE,Stock,Active,
CRM,Salesforce Inc,NYSE,Stock,Active,
CRMD,CorMedix Inc,NASDAQ,Stock,Active,
CRMG,LEVERAGE SHARES 2X LONG CRM DAILY ETF,NASDAQ,ETF,Active,
CRML,Critical Metals Corp,NASDAQ,Stock,Active,
CRMLW,Critical Metals Corp - Warrants (27/02/2029),NASDAQ,Stock,Active,
CRMT,Americas Car Mart Inc,NASDAQ,Stock,Active,
CRMU,Leverage Shares 2x Long CRML Daily ETF,NASDAQ,ETF,Active,
CRMX,Tradr 2X Long CRML Daily ETF,BATS,ETF,Active,
CRNC,Cerence Inc,NASDAQ,Stock,Active,
CRNT,Ceragon Networks Ltd,NASDAQ,Stock,Active,
CRNX,Crinetics Pharmaceuticals Inc,NASDAQ,Stock,Active,
CRON,Cronos Group Inc,NASDAQ,Stock,Active,
CROX,Crocs Inc,NASDAQ,Stock,Active,
CRPT,FIRST TRUST SKYBRIDGE CRYPTO INDUSTRY AND DIGITAL ECONOMY ETF,NYSE ARCA,ETF,Active,
CRS,Carpenter Technology Corp,NYSE,Stock,Active,
CRSH,YIELDMAX(R) SHORT TSLA OPTION INCOME STRATEGY ETF,NYSE ARCA,ETF,Active,
CRSP,CRISPR Therapeutics AG,NASDAQ,Stock,Active,
CRSR,Corsair Gaming Inc,NASDAQ,Stock,Active,
CRT,Cross Timbers Royalty Trust,NYSE,Stock,Active,
CRTO,Criteo S.A,NASDAQ,Stock,Active,
CRUS,Cirrus Logic Inc,NASDAQ,Stock,Active,
CRUX,Columbia Core Bond,NYSE ARCA,Stock,Active,
CRVL,Corvel Corp,NASDAQ,Stock,Active,
CRVO,CervoMed Inc,NASDAQ,Stock,Active,
CRVS,Corvus Pharmaceuticals Inc,NASDAQ,Stock,Active,
CRWD,Crowdstrike Holdings Inc - Class A,NASDAQ,Stock,Active,
CRWG,LEVERAGE SHARES 2X LONG CRWV DAILY ETF,NASDAQ,ETF,Active,
CRWL,GRANITESHARES 2X LONG CRWD DAILY ETF,NASDAQ,ETF,Active,
CRWS,Crown Crafts Inc,NASDAQ,Stock,Active,
CRWU,T-REX 2X LONG CRWV DAILY TARGET ETF,BATS,ETF,Active,
CRWV,CoreWeave Inc - Class A,NASDAQ,Stock,Active,
CRXP,Columbia Core Plus Bond,NYSE ARCA,Stock,Active,
CRY,nan,NYSE,Stock,Active,
CSAI,Cloudastructure Inc - Class A,NASDAQ,Stock,Active,
CSAN,Cosan S.A,NYSE,Stock,Active,
CSB,VICTORYSHARES US SMALL CAP HIGH DIV VOLATILITY WTD ETF,NASDAQ,ETF,Active,
CSBR,Champions Oncology Inc,NASDAQ,Stock,Active,
CSCL,Direxion Daily CSCO Bull 2X ETF,NASDAQ,ETF,Active,
CSCO,Cisco Systems Inc,NASDAQ,Stock,Active,
CSCS,Direxion Daily CSCO Bear 1X ETF,NASDAQ,ETF,Active,
CSD,INVESCO S&P SPIN-OFF ETF,NYSE ARCA,ETF,Active,
CSEX,Tradr 2X Long CLS Daily ETF,BATS,ETF,Active,
CSGP,Costar Group Inc,NASDAQ,Stock,Active,
CSGS,CSG Systems International Inc,NASDAQ,Stock,Active,
CSHI,NEOS ENHANCED INCOME 1-3 MONTH T-BILL ETF,NYSE ARCA,ETF,Active,
CSHP,Enhanced Short-Term Bond ETF,NYSE ARCA,ETF,Active,
CSHR,CoinShares Plc.,NASDAQ,Stock,Active,
CSHRW,CoinShares Plc. - Warrants(31/03/2031),NASDAQ,Stock,Active,
CSIO,Cohen & Steers Infrastructure Opportunities Active,NYSE ARCA,Stock,Active,
CSIQ,Canadian Solar Inc,NASDAQ,Stock,Active,
CSL,Carlisle Companies Inc,NYSE,Stock,Active,
CSLMF,nan,NASDAQ,Stock,Active,
CSM,PROSHARES LARGE CAP CORE PLUS,BATS,ETF,Active,
CSM:BAT,ProShares Large Cap Core Plus,BATS,Stock,Active,
CSMD,CONGRESS SMID GROWTH ETF,NYSE ARCA,ETF,Active,
CSNR,CASINO RESOURCE CORP,NYSE ARCA,Stock,Active,
CSPF,Cohen & Steers Preferred and Income Opportunities Active ETF,NYSE ARCA,ETF,Active,
CSPI,CSP Inc,NASDAQ,Stock,Active,
CSQ,Calamos Strategic Total Return Fund,NASDAQ,ETF,Active,
CSR,Centerspace,NYSE,Stock,Active,
CSRE,CSR plc ADS,NYSE ARCA,Stock,Active,
CSSD,Cohen & Steers Short Duration Preferred and Income Active,NYSE ARCA,Stock,Active,
CSTA,Constellation Acquisition Corp I Class A,NYSE,Stock,Active,
CSTA-U,Constellation Acquisition Corp I Units each consisting of one Class A ordinary share and onethird of one redeemable warrant,NYSE,Stock,Active,
CSTA-WS,Constellation Acquisition Corp I Redeemable warrants each whole warrant exercisable for one Class A ordinary share at an exercise price of 11.50,NYSE,Stock,Active,
CSTE,Caesarstone Ltd,NASDAQ,Stock,Active,
CSTK,Invesco Comstock Contrarian Equity ETF,BATS,ETF,Active,
CSTL,Castle Biosciences Inc,NASDAQ,Stock,Active,
CSTM,Constellium SE - Class A,NYSE,Stock,Active,
CSV,Carriage Services Inc,NYSE,Stock,Active,
CSW,CSW Industrials Inc,NYSE,Stock,Active,
CSWC,Capital Southwest Corp,NASDAQ,Stock,Active,
CSX,CSX Corp,NASDAQ,Stock,Active,
CTA,SIMPLIFY MANAGED FUTURES STRATEGY ETF,NYSE ARCA,ETF,Active,
CTA-P-A,EIDP Inc,NYSE,Stock,Active,
CTA-P-B,EIDP Inc,NYSE,Stock,Active,
CTAA,Qwest Corporation,NYSE,Stock,Active,
CTAAR,ClearThink 1 Acquisition Corp Rights,NASDAQ,Stock,Active,
CTAAU,ClearThink 1 Acquisition Corp - Units (1 Ord Cls A & 1 Rts),NASDAQ,Stock,Active,
CTAP,Simplify US Equity PLUS Managed Futures Strategy ETF,NYSE ARCA,ETF,Active,
CTAS,Cintas Corporation,NASDAQ,Stock,Active,
CTBI,Community Trust Bancorp Inc,NASDAQ,Stock,Active,
CTCXW,Carmell Therapeutics Corporation Warrant,NASDAQ,Stock,Active,
CTEC,GLOBAL X CLEANTECH ETF,NASDAQ,ETF,Active,
CTEST,nan,NYSE,Stock,Active,
CTEV,MultiPlan Corp - Class A,NYSE,Stock,Active,
CTEX,PROSHARES S&P KENSHO CLEANTECH ETF,NYSE ARCA,ETF,Active,
CTGO,Contango Ore Inc,NYSE MKT,Stock,Active,
CTKB,Cytek BioSciences Inc,NASDAQ,Stock,Active,
CTM,Castellum Inc,NYSE MKT,Stock,Active,
CTMA,Corgi U.S. Equities 30 Structured Buffer ETF May Series,BATS,Stock,Active,
CTMX,CytomX Therapeutics Inc,NASDAQ,Stock,Active,
CTNM,Contineum Therapeutics Inc - Class A,NASDAQ,Stock,Active,
CTNT,Cheetah Net Supply Chain Service Inc - Class A,NASDAQ,Stock,Active,
CTO,CTO Realty Growth Inc - New - New,NYSE,Stock,Active,
CTO-P-A,CTO Realty Growth Inc,NYSE,Stock,Active,
CTOR,Citius Oncology Inc,NASDAQ,Stock,Active,
CTOS,Custom Truck One Source Inc,NYSE,Stock,Active,
CTR,ClearBridge MLP and Midstream Total Return Fund Inc,NYSE,ETF,Active,
CTR:BAT,Clearbridge Energy MLP Total Return Fund Inc,NYSE,Stock,Active,
CTRE,CareTrust REIT Inc,NYSE,Stock,Active,
CTRI,Centuri Holdings Inc,NYSE,Stock,Active,
CTRM,Castor Maritime Inc,NASDAQ,Stock,Active,
CTRMV,Castor Maritime Inc,NASDAQ,Stock,Active,
CTRN,Citi Trends Inc,NASDAQ,Stock,Active,
CTS,CTS Corp,NYSE,Stock,Active,
CTSH,Cognizant Technology Solutions Corp - Class A,NASDAQ,Stock,Active,
CTSO,Cytosorbents Corp,NASDAQ,Stock,Active,
CTVA,Corteva Inc,NYSE,Stock,Active,
CTW,CTW Cayman - Class A,NASDAQ,Stock,Active,
CTWO,COtwo Advisors Physical European Carbon Allowance Trust,NYSE ARCA,Stock,Active,
CTXR,Citius Pharmaceuticals Inc,NASDAQ,Stock,Active,
CUB,Lionheart Holdings - Class A,NASDAQ,Stock,Active,
CUBA,Herzfeld Credit Income Fund Inc,NASDAQ,ETF,Active,
CUBB,Customers Bancorp Inc,NYSE,Stock,Active,
CUBE,CubeSmart,NYSE,Stock,Active,
CUBI,Customers Bancorp Inc,NYSE,Stock,Active,
CUBS,ASIAN GROWTH CUBS ETF,NYSE ARCA,ETF,Active,
CUBWU,Lionheart Holdings - Units (1 Ord Class A & 1 War),NASDAQ,Stock,Active,
CUBWW,Lionheart Holdings - Warrants (01/06/2031),NASDAQ,Stock,Active,
CUE,Cue Biopharma Inc,NASDAQ,Stock,Active,
CULP,Culp Inc,NASDAQ,Stock,Active,
CUPR,Cuprina Holdings (Cayman) Ltd - Class A,NASDAQ,Stock,Active,
CURB,Curbline Properties Corp,NYSE,Stock,Active,
CURB-W,Curbline Properties Corp WhenIssued,NYSE,Stock,Active,
CURE,DIREXION DAILY HEALTHCARE BULL 3X SHARES,NYSE ARCA,ETF,Active,
CURI,CuriosityStream Inc - Class A,NASDAQ,Stock,Active,
CURR,Currenc Group Inc,NASDAQ,Stock,Active,
CURV,Torrid Holdings Inc,NYSE,Stock,Active,
CURX,Curanex Pharmaceuticals Inc,NASDAQ,Stock,Active,
CUSD,CrossingBridge Ultra-Short Duration ETF,NASDAQ,ETF,Active,
CUT,INVESCO MSCI GLOBAL TIMBER ETF,NYSE ARCA,ETF,Active,
CUZ,Cousins Properties Inc,NYSE,Stock,Active,
CV,CapsoVision Inc,NASDAQ,Stock,Active,
CVAC,CureVac N.V.,NASDAQ,Stock,Active,
CVAR,CULTIVAR ETF,BATS,ETF,Active,
CVBF,CVB Financial Corp,NASDAQ,Stock,Active,
CVCO,Cavco Industries Inc,NASDAQ,Stock,Active,
CVE,Cenovus Energy Inc,NYSE,Stock,Active,
CVEO,Civeo Corp,NYSE,Stock,Active,
CVGI,Commercial Vehicle Group Inc,NASDAQ,Stock,Active,
CVGW,Calavo Growers Inc,NASDAQ,Stock,Active,
CVI,CVR Energy Inc,NYSE,Stock,Active,
CVIE,CALVERT INTERNATIONAL RESPONSIBLE INDEX ETF,NYSE ARCA,ETF,Active,
CVII,Churchill Capital Corp VII - Class A,NASDAQ,Stock,Active,
CVIIU,Churchill Capital Corp VII - Units (1 Ord Share Class A & 1/5 War),NASDAQ,Stock,Active,
CVIIW,Churchill Capital Corp VII - Warrants (08/02/2029),NASDAQ,Stock,Active,
CVKD,Cadrenal Therapeutics Inc,NASDAQ,Stock,Active,
CVLC,CALVERT US LARGE-CAP CORE RESPONSIBLE INDEX ETF,NYSE ARCA,ETF,Active,
CVLG,Covenant Logistics Group Inc - Class A,NYSE,Stock,Active,
CVLT,Commvault Systems Inc,NASDAQ,Stock,Active,
CVM,Cel-Sci Corp,NYSE MKT,Stock,Active,
CVMC,CALVERT US MID-CAP CORE RESPONSIBLE INDEX ETF,NYSE ARCA,ETF,Active,
CVNA,Carvana Co. - Class A,NYSE,Stock,Active,
CVNY,YIELDMAX(R) CVNA OPTION INCOME STRATEGY ETF,NYSE ARCA,ETF,Active,
CVR,Chicago Rivet & Machine Company,NYSE MKT,Stock,Active,
CVRD,MADISON COVERED CALL ETF,NYSE ARCA,ETF,Active,
CVRT,Calamos Convertible Equity Alternative ETF,NYSE ARCA,ETF,Active,
CVRX,CVRx Inc,NASDAQ,Stock,Active,
CVS,CVS Health Corp,NYSE,Stock,Active,
CVSA,Adtalem Global Education Inc,NYSE,Stock,Active,
CVSB,CALVERT ULTRA-SHORT INVESTMENT GRADE ETF,NYSE ARCA,ETF,Active,
CVU,CPI Aerostructures Inc,NYSE,Stock,Active,
CVV,CVD Equipment Corp,NASDAQ,Stock,Active,
CVX,Chevron Corp,NYSE,Stock,Active,
CVY,INVESCO ZACKS MULTI-ASSET INCOME ETF,NYSE ARCA,ETF,Active,
CW,Curtiss-Wright Corp,NYSE,Stock,Active,
CWAN,Clearwater Analytics Holdings Inc Class A,NYSE,Stock,Active,
CWB,SPDR(R) BLOOMBERG CONVERTIBLE SECURITIES ETF,NYSE ARCA,ETF,Active,
CWB:BAT,SPDR Barclays Convertible Securities ETF,NYSE ARCA,ETF,Active,
CWBC,Community West Bancshares.,NASDAQ,Stock,Active,
CWCO,Consolidated Water Co. Ltd,NASDAQ,Stock,Active,
CWD,CaliberCos Inc - Class A,NASDAQ,Stock,Active,
CWEB,DIREXION DAILY CSI CHINA INTERNET INDEX BULL 2X SHARES,NYSE ARCA,ETF,Active,
CWEN,Clearway Energy Inc - Class C,NYSE,Stock,Active,
CWH,Camping World Holdings Inc - Class A,NYSE,Stock,Active,
CWI,SPDR(R) MSCI ACWI EX-US ETF,NYSE ARCA,ETF,Active,
CWII,REX CRWV GROWTH & INCOME ETF,BATS,ETF,Active,
CWK,Cushman & Wakefield plc,NYSE,Stock,Active,
CWS,ADVISORSHARES FOCUSED EQUITY ETF,NYSE ARCA,ETF,Active,
CWST,Casella Waste Systems Inc - Class A,NASDAQ,Stock,Active,
CWT,California Water Service Group,NYSE,Stock,Active,
CWVX,Tradr 2X Long CRWV Daily ETF,BATS,ETF,Active,
CX,Cemex S.A.B. De C.V.,NYSE,Stock,Active,
CXAI,CXApp Inc - Class A,NASDAQ,Stock,Active,
CXAIW,CXApp Inc - Warrants (14/03/2028),NASDAQ,Stock,Active,
CXDO,Crexendo Inc,NASDAQ,Stock,Active,
CXE,MFS High Income Municipal Trust,NYSE,ETF,Active,
CXH,MFS Investment Grade Municipal Trust,NYSE,ETF,Active,
CXIIU,Churchill Capital Corp XII - Units (1 Ord Cls A & 1/10 War),NASDAQ,Stock,Active,
CXM,Sprinklr Inc Class A,NYSE,Stock,Active,
CXSE,WISDOMTREE CHINA EX-STATE-OWNED ENTERPRISES FUND,NASDAQ,ETF,Active,
CXT,Crane NXT Company,NYSE,Stock,Active,
CXT-W,Crane NXT Co. ExDistribution WhenIssued,NYSE,Stock,Active,
CXW,CoreCivic Inc,NYSE,Stock,Active,
CYAB,Cyabra Inc,NASDAQ,Stock,Active,
CYCC,nan,NASDAQ,Stock,Active,
CYCCP,Cyclacel Pharmaceuticals Inc 6 Convertible Preferred Stock,NASDAQ,Stock,Active,
CYCN,Cyclerion Therapeutics Inc,NASDAQ,Stock,Active,
CYCUW,Cycurion Inc Warrants,NASDAQ,Stock,Active,
CYD,China Yuchai International,NYSE,Stock,Active,
CYH,Community Health Systems Inc,NYSE,Stock,Active,
CYN,Cyngn Inc,NASDAQ,Stock,Active,
CYPH,Cypherpunk Technologies Inc,NASDAQ,Stock,Active,
CYRX,CryoPort Inc,NASDAQ,Stock,Active,
CYTK,Cytokinetics Inc,NASDAQ,Stock,Active,
CZA,INVESCO ZACKS MID-CAP ETF,NYSE ARCA,ETF,Active,
CZAR,THEMES NATURAL MONOPOLY ETF,NASDAQ,ETF,Active,
CZFS,Citizens Financial Services Inc,NASDAQ,Stock,Active,
CZNC,Citizens & Northern Corp,NASDAQ,Stock,Active,
CZR,Caesars Entertainment Inc,NASDAQ,Stock,Active,
CZWI,Citizens Community Bancorp Inc MD,NASDAQ,Stock,Active,
D,Dominion Energy Inc,NYSE,Stock,Active,
DAAQ,Digital Asset Acquisition Corp - Class A,NASDAQ,Stock,Active,
DAAQU,Digital Asset Acquisition Corp - Units (1 Ord Cls A & 1/2 War),NASDAQ,Stock,Active,
DAAQW,Digital Asset Acquisition Corp - Warrants (01/04/2030),NASDAQ,Stock,Active,
DAC,Danaos Corporation,NYSE,Stock,Active,
DAIC,CID HoldCo Inc,NASDAQ,Stock,Active,
DAICW,CID HoldCo Inc Warrants,NASDAQ,Stock,Active,
DAIO,Data io Corp,NASDAQ,Stock,Active,
DAKT,Daktronics Inc,NASDAQ,Stock,Active,
DAL,Delta Air Lines Inc,NYSE,Stock,Active,
DALI,FIRST TRUST DORSEY WRIGHT DALI EQUITY ETF,NASDAQ,ETF,Active,
DALN,DallasNews Corporation - Class A,NASDAQ,Stock,Active,
DAMD,Defiance Daily Target 2X Short AMD ETF,NYSE ARCA,ETF,Active,
DAN,Dana Inc,NYSE,Stock,Active,
DANA,Dana Ltd Volatility ETF,NYSE ARCA,ETF,Active,
DAO,Youdao Inc,NYSE,Stock,Active,
DAPP,VANECK DIGITAL TRANSFORMATION ETF,NASDAQ,ETF,Active,
DAPR,FT VEST U.S. EQUITY DEEP BUFFER ETF - APRIL,BATS,ETF,Active,
DAR,Darling Ingredients Inc,NYSE,Stock,Active,
DARE,Dare Bioscience Inc,NASDAQ,Stock,Active,
DARP,GRIZZLE GROWTH ETF,NYSE ARCA,ETF,Active,
DASH,DoorDash Inc - Class A,NASDAQ,Stock,Active,
DASX,Tradr 2X Long DASH Daily ETF,BATS,ETF,Active,
DAT,PROSHARES BIG DATA REFINERS ETF,NYSE ARCA,ETF,Active,
DAUG,FT VEST U.S. EQUITY DEEP BUFFER ETF - AUGUST,BATS,ETF,Active,
DAVA,Endava plc,NYSE,Stock,Active,
DAVE,Dave Inc - Class A,NASDAQ,Stock,Active,
DAVEW,Dave Inc - Warrants (05/01/2026),NASDAQ,Stock,Active,
DAX,GLOBAL X DAX GERMANY ETF,NASDAQ,ETF,Active,
DB,Deutsche Bank AG,NYSE,Stock,Active,
DBA,Invesco DB Agriculture Fund,NYSE ARCA,ETF,Active,
DBAW,XTRACKERS MSCI ALL WORLD EX US HEDGED EQUITY ETF,NYSE ARCA,ETF,Active,
DBB,Invesco DB Base Metals Fund,NYSE ARCA,ETF,Active,
DBC,Invesco DB Commodity Index Tracking Fund,NYSE ARCA,ETF,Active,
DBCA,D. Boral Acquisition I Corp,NASDAQ,Stock,Active,
DBCAU,D. Boral Acquisition I Corp - Units (1 Ord Cls A & 1/2 War),NASDAQ,Stock,Active,
DBCAW,D. Boral Acquisition I Corp Warrants,NASDAQ,Stock,Active,
DBE,Invesco DB Energy Fund,NYSE ARCA,ETF,Active,
DBEF,XTRACKERS MSCI EAFE HEDGED EQUITY ETF,NYSE ARCA,ETF,Active,
DBEF:BAT,db Xtrackers MSCI EAFE Hedged,NYSE ARCA,Stock,Active,
DBEH,IMGP DBI HEDGE STRATEGY ETF,NYSE ARCA,ETF,Active,
DBEM,XTRACKERS MSCI EMERGING MARKETS HEDGED EQUITY ETF,NYSE ARCA,ETF,Active,
DBEM:BAT,db Xtrackers MSCI Emerging Ma,NYSE ARCA,Stock,Active,
DBEU,XTRACKERS MSCI EUROPE HEDGED EQUITY ETF,NYSE ARCA,ETF,Active,
DBEZ,XTRACKERS MSCI EUROZONE HEDGED EQUITY ETF,NYSE ARCA,ETF,Active,
DBGI,Digital Brands Group Inc,NASDAQ,Stock,Active,
DBI,Designer Brands Inc - Class A,NYSE,Stock,Active,
DBJP,XTRACKERS MSCI JAPAN HEDGED EQUITY ETF,NYSE ARCA,ETF,Active,
DBJP:BAT,db Xtrackers MSCI Japan Hedge,NYSE ARCA,Stock,Active,
DBL,DoubleLine Opportunistic Credit Fund,NYSE,ETF,Active,
DBMF,IMGP DBI MANAGED FUTURES STRATEGY ETF,NYSE ARCA,ETF,Active,
DBND,DOUBLELINE OPPORTUNISTIC CORE BOND ETF,NYSE ARCA,ETF,Active,
DBO,Invesco DB Oil Fund,NYSE ARCA,ETF,Active,
DBP,Invesco DB Precious Metals Fund,NYSE ARCA,ETF,Active,
DBRG,DigitalBridge Group Inc - Class A,NYSE,Stock,Active,
DBRG-P-H,DigitalBridge Group Inc 7.125 Cum Red Perp Pfd Ser H,NYSE,Stock,Active,
DBRG-P-I,DigitalBridge Group Inc 7.15 Cum Red Perp Pfd Ser I,NYSE,Stock,Active,
DBRG-P-J,DigitalBridge Group Inc 7.125 Cum Red Perp Pfd Ser J,NYSE,Stock,Active,
DBSC,Deepwater Beachfront Small Cap ETF,NASDAQ,ETF,Active,
DBTX,Decibel Therapeutics Inc,NASDAQ,Stock,Active,
DBVT,DBV Technologies,NASDAQ,Stock,Active,
DBX,Dropbox Inc - Class A,NASDAQ,Stock,Active,
DC,Dakota Gold Corp,NYSE MKT,Stock,Active,
DCBG,Dime Community Bancshares Inc,NYSE,Stock,Active,
DCBO,Docebo Inc,NASDAQ,Stock,Active,
DCF,BNY Mellon Alcentra Global Credit Income 2024 Target Term Fund Inc,NYSE,ETF,Active,
DCGO,DocGo Inc,NASDAQ,Stock,Active,
DCH,Dauch Corp,NYSE,Stock,Active,
DCI,Donaldson Co. Inc,NYSE,Stock,Active,
DCMT,DOUBLELINE COMMODITY STRATEGY ETF,NYSE ARCA,ETF,Active,
DCO,Ducommun Inc,NYSE,Stock,Active,
DCOM,Dime Community Bancshares Inc,NASDAQ,Stock,Active,
DCOM-P,Dime Community Bancshares Inc FixedRate NonCumulative Perpetual Preferred Stock Series A,NYSE,Stock,Active,
DCOMG,Dime Community Bancshares Inc 9.000 FixedtoFloating Rate Subordinated Notes due 2034,NASDAQ,Stock,Active,
DCOMP,Dime Community Bancshares Inc,NASDAQ,Stock,Active,
DCOR,DIMENSIONAL US CORE EQUITY 1 ETF,NYSE ARCA,ETF,Active,
DCOY,Decoy Therapeutics Inc Com Par 0.0001 New,NASDAQ,Stock,Active,
DCPH,Deciphera Pharmaceuticals Inc,NASDAQ,Stock,Active,
DCRE,DOUBLELINE COMMERCIAL REAL ESTATE ETF,NYSE ARCA,ETF,Active,
DCTH,Delcath Systems Inc,NASDAQ,Stock,Active,
DCX,Digital Currency X Technology Inc,NASDAQ,Stock,Active,
DD,DuPont de Nemours Inc,NYSE,Stock,Active,
DDC,Dominion Diamond Corp,NYSE MKT,Stock,Active,
DDD,3D Systems Corp,NYSE,Stock,Active,
DDEC,FT VEST U.S. EQUITY DEEP BUFFER ETF - DECEMBER,BATS,ETF,Active,
DDF,Delaware Investments Dividend and Income Fund Inc,NYSE,ETF,Active,
DDFA,Innovator Equity Dual Directional 15 Buffer ETF April,BATS,ETF,Active,
DDFD,Innovator Equity Dual Directional 15 Buffer ETF December,BATS,ETF,Active,
DDFF,Innovator Equity Dual Directional 15 Buffer ETF February,BATS,ETF,Active,
DDFJ,Innovator Equity Dual Directional 15 Buffer ETF January,BATS,ETF,Active,
DDFL,Innovator Equity Dual Directional 15 Buffer ETF July,BATS,ETF,Active,
DDFM,Innovator Equity Dual Directional 15 Buffer ETF March,BATS,ETF,Active,
DDFN,Innovator Equity Dual Directional 15 Buffer ETF November,BATS,ETF,Active,
DDFO,Innovator Equity Dual Directional 15 Buffer ETF October,BATS,ETF,Active,
DDFS,Innovator Equity Dual Directional 15 Buffer ETF September,BATS,ETF,Active,
DDFY,Innovator Equity Dual Directional 15 Buffer ETF May,BATS,Stock,Active,
DDI,DoubleDown Interactive Co Ltd,NASDAQ,Stock,Active,
DDIV,FIRST TRUST DORSEY WRIGHT MOMENTUM & DIVIDEND ETF,NASDAQ,ETF,Active,
DDL,Dingdong (Cayman) Ltd,NYSE,Stock,Active,
DDLS,WISDOMTREE DYNAMIC INTERNATIONAL SMALLCAP EQUITY FUND,BATS,ETF,Active,
DDM,PROSHARES ULTRA DOW30,NYSE ARCA,ETF,Active,
DDNQ,Innovator Growth100 Dual Directional 5 Buffer ETF Quarterly,BATS,ETF,Active,
DDOG,Datadog Inc - Class A,NASDAQ,Stock,Active,
DDS,Dillard`s Inc - Class A,NYSE,Stock,Active,
DDSQ,Innovator Equity Dual Directional 5 Buffer ETF Quarterly,BATS,ETF,Active,
DDT,Dillards Capital Trust I,NYSE,Stock,Active,
DDTA,Innovator Equity Dual Directional 10 Buffer ETF April,BATS,ETF,Active,
DDTD,Innovator Equity Dual Directional 10 Buffer ETF December,BATS,ETF,Active,
DDTF,Innovator Equity Dual Directional 10 Buffer ETF February,BATS,ETF,Active,
DDTJ,Innovator Equity Dual Directional 10 Buffer ETF January,BATS,ETF,Active,
DDTL,Innovator Equity Dual Directional 10 Buffer ETF July,BATS,ETF,Active,
DDTM,Innovator Equity Dual Directional 10 Buffer ETF March,BATS,ETF,Active,
DDTN,Innovator Equity Dual Directional 10 Buffer ETF November,BATS,ETF,Active,
DDTO,Innovator Equity Dual Directional 10 Buffer ETF October,BATS,ETF,Active,
DDTS,Innovator Equity Dual Directional 10 Buffer ETF September,BATS,ETF,Active,
DDTY,Innovator Equity Dual Directional 10 Buffer ETF May,BATS,Stock,Active,
DDWM,WISDOMTREE DYNAMIC INTERNATIONAL EQUITY FUND,BATS,ETF,Active,
DDX,DEFINED DURATION 10 ETF,BATS,ETF,Active,
DE,Deere & Company,NYSE,Stock,Active,
DEA,Easterly Government Properties Inc,NYSE,Stock,Active,
DEC,nan,NYSE,Stock,Active,
DECK,Deckers Outdoor Corp,NYSE,Stock,Active,
DECO,SPDR GALAXY DIGITAL ASSET ECOSYSTEM ETF,NASDAQ,ETF,Active,
DECP,PGIM S&P 500 BUFFER 12 ETF - DECEMBER,BATS,ETF,Active,
DECT,ALLIANZIM U.S. EQUITY BUFFER10 DEC ETF,NYSE ARCA,ETF,Active,
DECU,ALLIANZIM U.S. EQUITY BUFFER15 UNCAPPED DEC ETF,AMEX,ETF,Active,
DECW,ALLIANZIM U.S. EQUITY BUFFER20 DEC ETF,NYSE ARCA,ETF,Active,
DECZ,TRUESHARES STRUCTURED OUTCOME (DECEMBER) ETF,BATS,ETF,Active,
DEED,FIRST TRUST TCW SECURITIZED PLUS ETF,NYSE ARCA,ETF,Active,
DEEF,XTRACKERS FTSE DEVELOPED EX US MULTIFACTOR ETF,NYSE ARCA,ETF,Active,
DEEP,ACQUIRERS SMALL AND MICRO DEEP VALUE ETF,NYSE ARCA,ETF,Active,
DEFI,Hashdex Bitcoin Futures ETF,NYSE ARCA,ETF,Active,
DEFR,APTUS DEFERRED INCOME ETF,BATS,ETF,Active,
DEFT,Defi Technologies Inc,NASDAQ,Stock,Active,
DEHP,DIMENSIONAL EMERGING MARKETS HIGH PROFITABILITY ETF,NYSE ARCA,ETF,Active,
DEI,Douglas Emmett Inc,NYSE,Stock,Active,
DELL,Dell Technologies Inc - Class C,NYSE,Stock,Active,
DEM,WisdomTree Emerging Markets High Dividend Fund,NYSE ARCA,ETF,Active,
DEM:BAT,WisdomTree Emerging Markets Eq,NYSE ARCA,Stock,Active,
DEMZ,DEMOCRATIC LARGE CAP CORE ETF,NASDAQ,ETF,Active,
DENN,Denny`s Corp,NASDAQ,Stock,Active,
DEO,Diageo plc,NYSE,Stock,Active,
DERM,Journey Medical Corp,NASDAQ,Stock,Active,
DES,WisdomTree U.S. SmallCap Dividend Fund,NYSE ARCA,ETF,Active,
DESK,VANECK OFFICE AND COMMERCIAL REIT ETF,NYSE ARCA,ETF,Active,
DESP,Despegar.com Corp,NYSE,Stock,Active,
DETX,Liberty Defense Holdings Ltd,NASDAQ,Stock,Active,
DEUS,XTRACKERS RUSSELL US MULTIFACTOR ETF,NYSE ARCA,ETF,Active,
DEVS,DevvStream Corp,NASDAQ,Stock,Active,
DEW,WISDOMTREE GLOBAL HIGH DIVIDEND FUND,NYSE ARCA,ETF,Active,
DEW:BAT,WisdomTree Global Equity Incom,NYSE ARCA,Stock,Active,
DEX,Delaware Enhanced Global Dividend & Income Fund,NYSE,ETF,Active,
DFAC,DIMENSIONAL U.S. CORE EQUITY 2 ETF,NYSE ARCA,ETF,Active,
DFAE,DIMENSIONAL EMERGING CORE EQUITY MARKET ETF,NYSE ARCA,ETF,Active,
DFAI,DIMENSIONAL INTERNATIONAL CORE EQUITY MARKET ETF,NYSE ARCA,ETF,Active,
DFAR,DIMENSIONAL US REAL ESTATE ETF,NYSE ARCA,ETF,Active,
DFAS,DIMENSIONAL U.S. SMALL CAP ETF,NYSE ARCA,ETF,Active,
DFAT,DIMENSIONAL U.S. TARGETED VALUE ETF,NYSE ARCA,ETF,Active,
DFAU,DIMENSIONAL US CORE EQUITY MARKET ETF,NYSE ARCA,ETF,Active,
DFAW,DIMENSIONAL WORLD EQUITY ETF,NYSE ARCA,ETF,Active,
DFAX,DIMENSIONAL WORLD EX U.S. CORE EQUITY 2 ETF,NYSE ARCA,ETF,Active,
DFCA,DIMENSIONAL CALIFORNIA MUNICIPAL BOND ETF,NYSE ARCA,ETF,Active,
DFCF,DIMENSIONAL CORE FIXED INCOME ETF,NYSE ARCA,ETF,Active,
DFDV,DeFi Development Corp,NASDAQ,Stock,Active,
DFDVW,DeFi Development Corp - Warrants (21/01/2028),NASDAQ,Stock,Active,
DFE,WISDOMTREE EUROPE SMALLCAP DIVIDEND FUND,NYSE ARCA,ETF,Active,
DFE:BAT,WisdomTree Trust WisdomTree Europe SmallCap Dividend,NYSE ARCA,Stock,Active,
DFEB,FT VEST U.S. EQUITY DEEP BUFFER ETF - FEBRUARY,BATS,ETF,Active,
DFEM,DIMENSIONAL EMERGING MARKETS CORE EQUITY 2 ETF,NYSE ARCA,ETF,Active,
DFEN,DIREXION DAILY AEROSPACE & DEFENSE BULL 3X SHARES,NYSE ARCA,ETF,Active,
DFEV,DIMENSIONAL EMERGING MARKETS VALUE ETF,NYSE ARCA,ETF,Active,
DFFN,nan,NASDAQ,Stock,Active,
DFGP,DIMENSIONAL GLOBAL CORE PLUS FIXED INCOME ETF,NASDAQ,ETF,Active,
DFGR,DIMENSIONAL GLOBAL REAL ESTATE ETF,NYSE ARCA,ETF,Active,
DFGX,DIMENSIONAL INTERNATIONAL CORE FIXED INCOME ETF,NASDAQ,ETF,Active,
DFH,Dream Finders Homes Inc - Class A,NYSE,Stock,Active,
DFIC,DIMENSIONAL INTERNATIONAL CORE EQUITY 2 ETF,BATS,ETF,Active,
DFIN,Donnelley Financial Solutions Inc,NYSE,Stock,Active,
DFIP,DIMENSIONAL INFLATION-PROTECTED SECURITIES ETF,NYSE ARCA,ETF,Active,
DFIS,DIMENSIONAL INTERNATIONAL SMALL CAP ETF,BATS,ETF,Active,
DFIV,DIMENSIONAL INTERNATIONAL VALUE ETF,NYSE ARCA,ETF,Active,
DFJ,WISDOMTREE JAPAN SMALLCAP DIVIDEND FUND,NYSE ARCA,ETF,Active,
DFJ:BAT,WisdomTree Trust WisdomTree Japan SmallCap Dividend,NYSE ARCA,Stock,Active,
DFLI,Dragonfly Energy Holdings Corp,NASDAQ,Stock,Active,
DFLIW,Dragonfly Energy Holdings Corp - Warrants (10/07/2027),NASDAQ,Stock,Active,
DFLV,DIMENSIONAL US LARGE CAP VALUE ETF,NYSE ARCA,ETF,Active,
DFMC,U.S. Micro Cap Portfolio ETF Class Shares,NYSE ARCA,ETF,Active,
DFNL,DAVIS SELECT FINANCIAL ETF,BATS,ETF,Active,
DFNM,DIMENSIONAL NATIONAL MUNICIPAL BOND ETF,NYSE ARCA,ETF,Active,
DFNS,IronNet Inc - Class A,NYSE,Stock,Active,
DFNSW,T3 Defense Inc - Warrants (22/12/2028),NASDAQ,Stock,Active,
DFP,Flaherty & Crumrine Dynamic Preferred and Income Fund Inc,NYSE,ETF,Active,
DFSB,DIMENSIONAL GLOBAL SUSTAINABILITY FIXED INCOME ETF,NYSE ARCA,ETF,Active,
DFSC,DEFSEC Technologies Inc Com,NASDAQ,Stock,Active,
DFSCW,DEFSEC Technologies Inc Wt Exp,NASDAQ,Stock,Active,
DFSD,DIMENSIONAL SHORT-DURATION FIXED INCOME ETF,NYSE ARCA,ETF,Active,
DFSE,DIMENSIONAL EMERGING MARKETS SUSTAINABILITY CORE 1 ETF,NYSE ARCA,ETF,Active,
DFSI,DIMENSIONAL INTERNATIONAL SUSTAINABILITY CORE 1 ETF,NYSE ARCA,ETF,Active,
DFSU,DIMENSIONAL US SUSTAINABILITY CORE 1 ETF,NYSE ARCA,ETF,Active,
DFSV,DIMENSIONAL US SMALL CAP VALUE ETF,NYSE ARCA,ETF,Active,
DFTT,DF Tactical 30 ETF,NYSE ARCA,ETF,Active,
DFTX,Definium Therapeutics Inc,NASDAQ,Stock,Active,
DFUS,DIMENSIONAL U.S. EQUITY MARKET ETF,NYSE ARCA,ETF,Active,
DFUV,DIMENSIONAL US MARKETWIDE VALUE ETF,NYSE ARCA,ETF,Active,
DFVE,DOUBLELINE FORTUNE 500 EQUAL WEIGHT ETF,NYSE ARCA,ETF,Active,
DFVX,DIMENSIONAL US LARGE CAP VECTOR ETF,NYSE ARCA,ETF,Active,
DG,Dollar General Corp,NYSE,Stock,Active,
DGAP,FT Vest U.S. Equity Buffer & Digital Return ETF April,BATS,ETF,Active,
DGCB,DIMENSIONAL GLOBAL CREDIT ETF,NASDAQ,ETF,Active,
DGHI,Digihost Technology Inc,NASDAQ,Stock,Active,
DGICA,Donegal Group Inc - Class A,NASDAQ,Stock,Active,
DGICB,Donegal Group Inc - Class B,NASDAQ,Stock,Active,
DGII,Digi International Inc,NASDAQ,Stock,Active,
DGIN,VANECK DIGITAL INDIA ETF,NYSE ARCA,ETF,Active,
DGJA,FT Vest U.S. Equity Buffer & Digital Return ETF January,BATS,ETF,Active,
DGLO,First Trust RBA Deglobalization ETF,NASDAQ,ETF,Active,
DGLY,Kustom Entertainment Inc (New),NASDAQ,Stock,Active,
DGNU,Dragoneer Growth Opportunities Corp III - Class A,NASDAQ,Stock,Active,
DGNX,Diginex Ltd,NASDAQ,Stock,Active,
DGOC,FT Vest U.S. Equity Buffer & Digital Return ETF October,BATS,ETF,Active,
DGP,Deutsche Bank AG London,NYSE ARCA,ETF,Active,
DGP:BAT,DB Gold Double Long ETN,NYSE ARCA,Stock,Active,
DGRE,WISDOMTREE EMERGING MARKETS QUALITY DIVIDEND GROWTH FUND,NASDAQ,ETF,Active,
DGRO,ISHARES CORE DIVIDEND GROWTH ETF,NYSE ARCA,ETF,Active,
DGRS,WISDOMTREE U.S. SMALLCAP QUALITY DIVIDEND GROWTH FUND,NASDAQ,ETF,Active,
DGRW,WISDOMTREE U.S. QUALITY DIVIDEND GROWTH FUND,NASDAQ,ETF,Active,
DGS,WISDOMTREE EMERGING MARKETS SMALLCAP DIVIDEND FUND,NYSE ARCA,ETF,Active,
DGS:BAT,Wisdomtree Emerging Markets Smallcap Dividend Fund,NYSE ARCA,Stock,Active,
DGT,SPDR(R) GLOBAL DOW ETF,NYSE ARCA,ETF,Active,
DGX,Quest Diagnostics Inc,NYSE,Stock,Active,
DGXX,Digi Power X Inc (Sub voting),NASDAQ,Stock,Active,
DGZ,Deutsche Bank AG London,NYSE ARCA,ETF,Active,
DGZ:BAT,DB Gold Short ETN,NYSE ARCA,Stock,Active,
DH,Definitive Healthcare Corp - Class A,NASDAQ,Stock,Active,
DHC,Diversified Healthcare Trust,NASDAQ,Stock,Active,
DHCA,DHC Acquisition Corp - Class A,NASDAQ,Stock,Active,
DHCNI,Diversified Healthcare Trust,NASDAQ,Stock,Active,
DHCNL,Diversified Healthcare Trust,NASDAQ,Stock,Active,
DHDG,FT Vest U.S. Equity Quarterly 2.5 to 15 Buffer ETF,BATS,ETF,Active,
DHF,BNY Mellon High Yield Strategies Fund,NYSE,ETF,Active,
DHI,D.R. Horton Inc,NYSE,Stock,Active,
DHLX,Diamond Hill Large Cap Concentrated ETF,NYSE ARCA,ETF,Active,
DHR,Danaher Corp,NYSE,Stock,Active,
DHS,WISDOMTREE U.S. HIGH DIVIDEND FUND,NYSE ARCA,ETF,Active,
DHT,DHT Holdings Inc,NYSE,Stock,Active,
DHX,DHI Group Inc,NYSE,Stock,Active,
DHY,Credit Suisse High Yield Bond Fund,NYSE MKT,ETF,Active,
DHY-R,Credit Suisse High Yield Fund Rights expiring May 14 2026 Rights,AMEX,Stock,Active,
DHY-R-W,Credit Suisse High Yield Fund Rights expiring May 14 2026 Rights when issued,AMEX,Stock,Active,
DIA,SPDR Dow Jones Industrial Average ETF,NYSE ARCA,ETF,Active,
DIAL,COLUMBIA DIVERSIFIED FIXED INCOME ALLOCATION ETF,NYSE ARCA,ETF,Active,
DIAX,Nuveen Dow 30SM Dynamic Overwrite Fund,NYSE,ETF,Active,
DIBS,1stdibs.com Inc,NASDAQ,Stock,Active,
DICE,DICE Therapeutics Inc,NASDAQ,Stock,Active,
DIEM,FRANKLIN EMERGING MARKET CORE DIVIDEND TILT INDEX ETF,NYSE ARCA,ETF,Active,
DIG,PROSHARES ULTRA ENERGY,NYSE ARCA,ETF,Active,
DIHP,DIMENSIONAL INTERNATIONAL HIGH PROFITABILITY ETF,BATS,ETF,Active,
DIM,WISDOMTREE INTERNATIONAL MIDCAP DIVIDEND FUND,NYSE ARCA,ETF,Active,
DIN,Dine Brands Global Inc,NYSE,Stock,Active,
DINE,REWARDS NETWORK INC,NASDAQ,Stock,Active,
DINO,HF Sinclair Corp,NYSE,Stock,Active,
DINT,DAVIS SELECT INTERNATIONAL ETF,BATS,ETF,Active,
DIOD,Diodes Inc,NASDAQ,Stock,Active,
DIPR,Corgi Space & Satellite Communications,BATS,Stock,Active,
DIPS,YIELDMAX(R) SHORT NVDA OPTION INCOME STRATEGY ETF,NYSE ARCA,ETF,Active,
DIS,Walt Disney Co (The),NYSE,Stock,Active,
DISO,YIELDMAX(R) DIS OPTION INCOME STRATEGY ETF,NYSE ARCA,ETF,Active,
DISTU,Distoken Acquisition Corp - Units (1 Ord Class A 1 Right & 1 War),NASDAQ,Stock,Active,
DISV,DIMENSIONAL INTERNATIONAL SMALL CAP VALUE ETF,BATS,ETF,Active,
DIT,Amcon Distributing Company,NYSE MKT,Stock,Active,
DIV,GLOBAL X SUPERDIVIDEND U.S. ETF,NYSE ARCA,ETF,Active,
DIV:BAT,Global X SuperDividend US ETF,NYSE ARCA,ETF,Active,
DIVB,ISHARES CORE DIVIDEND ETF,BATS,ETF,Active,
DIVD,ALTRIUS GLOBAL DIVIDEND ETF,NASDAQ,ETF,Active,
DIVG,Invesco S&P 500 High Dividend Growers ETF,NYSE ARCA,ETF,Active,
DIVI,FRANKLIN INTERNATIONAL CORE DIVIDEND TILT INDEX ETF,NYSE ARCA,ETF,Active,
DIVL,MADISON DIVIDEND VALUE ETF,NYSE ARCA,ETF,Active,
DIVN,HORIZON DIVIDEND INCOME ETF,BATS,ETF,Active,
DIVO,AMPLIFY CWP ENHANCED DIVIDEND INCOME ETF,NYSE ARCA,ETF,Active,
DIVP,CULLEN ENHANCED EQUITY INCOME ETF,NYSE ARCA,ETF,Active,
DIVS,GUINNESS ATKINSON DIVIDEND BUILDER ETF,NYSE ARCA,ETF,Active,
DIVY,SOUND EQUITY DIVIDEND INCOME ETF,NYSE,ETF,Active,
DIVZ,POLEN DIVIDEND INCOME ETF,NYSE ARCA,ETF,Active,
DJAN,FT VEST U.S. EQUITY DEEP BUFFER ETF - JANUARY,BATS,ETF,Active,
DJCO,Daily Journal Corporation,NASDAQ,Stock,Active,
DJD,INVESCO DOW JONES INDUSTRIAL AVERAGE DIVIDEND ETF,NYSE ARCA,ETF,Active,
DJIA,GLOBAL X DOW 30 COVERED CALL ETF,NYSE ARCA,ETF,Active,
DJP,iPath Bloomberg Commodity Index Total Return ETN,NYSE ARCA,ETF,Active,
DJP:BAT,Barclays iPath DJ UBS Commodity TR ETN,NYSE ARCA,Stock,Active,
DJT,Trump Media & Technology Group Corp,NASDAQ,Stock,Active,
DJTU,T-REX 2X LONG DJT DAILY TARGET ETF,AMEX,ETF,Active,
DJTWW,Trump Media & Technology Group Corp Wt Exp,NASDAQ,Stock,Active,
DJUL,FT VEST U.S. EQUITY DEEP BUFFER ETF - JULY,BATS,ETF,Active,
DJUN,FT VEST U.S. EQUITY DEEP BUFFER ETF - JUNE,BATS,ETF,Active,
DK,Delek US Holdings Inc,NYSE,Stock,Active,
DKI,Darkiris Inc - Class A,NASDAQ,Stock,Active,
DKL,Delek Logistics Partners LP,NYSE,Stock,Active,
DKNG,DraftKings Inc - Class A,NASDAQ,Stock,Active,
DKS,Dicks Sporting Goods Inc,NYSE,Stock,Active,
DKUP,TREX 2X Long DKNG Daily Target ETF,BATS,ETF,Active,
DLAG,FT Vest U.S. Equity Dual Directional Buffer ETF August,BATS,ETF,Active,
DLB,Dolby Laboratories Inc - Class A,NYSE,Stock,Active,
DLCAU,Deep Lake Capital Acquisition Corp - Units (1 Ord Class A & 1/2 War),NASDAQ,Stock,Active,
DLFE,FT Vest U.S. Equity Dual Directional Buffer ETF February,BATS,ETF,Active,
DLHC,DLH Holdings Corp,NASDAQ,Stock,Active,
DLLL,GRANITESHARES 2X LONG DELL DAILY ETF,NASDAQ,ETF,Active,
DLMY,FT Vest U.S. Equity Dual Directional Buffer ETF May,BATS,Stock,Active,
DLN,WISDOMTREE U.S. LARGECAP DIVIDEND FUND,NYSE ARCA,ETF,Active,
DLNG,Dynagas LNG Partners LP,NYSE,Stock,Active,
DLNG-P-A,Dynagas LNG Partners LP 900 Series A Cumulative Redeemable Preferred Units,NYSE,Stock,Active,
DLNG-P-B,Dynagas LNG Partners LP Pfd Unit Ser B FixedFltg,NYSE,Stock,Active,
DLNV,FT Vest U.S. Equity Dual Directional Buffer ETF November,BATS,ETF,Active,
DLO,DLocal Ltd Class A,NASDAQ,Stock,Active,
DLPN,Dolphin Entertainment Inc,NASDAQ,Stock,Active,
DLR,Digital Realty Trust Inc,NYSE,Stock,Active,
DLR-P-J,Digital Realty Trust Inc,NYSE,Stock,Active,
DLR-P-K,Digital Realty Trust Inc,NYSE,Stock,Active,
DLR-P-L,Digital Realty Trust Inc,NYSE,Stock,Active,
DLS,WISDOMTREE INTERNATIONAL SMALLCAP DIVIDEND FUND,NYSE ARCA,ETF,Active,
DLTH,Duluth Holdings Inc - Class B,NASDAQ,Stock,Active,
DLTR,Dollar Tree Inc,NASDAQ,Stock,Active,
DLUX,DoubleLine Ultrashort Income,NYSE ARCA,Stock,Active,
DLX,Deluxe Corp,NYSE,Stock,Active,
DLXY,Delixy Holdings Ltd,NASDAQ,Stock,Active,
DLY,DoubleLine Yield Opportunities Fund,NYSE,Stock,Active,
DM,Desktop Metal Inc - Class A,NYSE,Stock,Active,
DMA,Destra Multi-Alternative Fund,NYSE,Stock,Active,
DMAA,Drugs Made In America Acquisition Corp,NASDAQ,Stock,Active,
DMAAR,Drugs Made In America Acquisition Corp,NASDAQ,Stock,Active,
DMAAU,Drugs Made In America Acquisition Corp - Units (1 Ord Shs & 1 Rts),NASDAQ,Stock,Active,
DMAC,DiaMedica Therapeutics Inc,NASDAQ,Stock,Active,
DMAR,FT VEST U.S. EQUITY DEEP BUFFER ETF - MARCH,BATS,ETF,Active,
DMAY,FT VEST U.S. EQUITY DEEP BUFFER ETF - MAY,BATS,ETF,Active,
DMB,BNY Mellon Municipal Bond Infrastructure Fund Inc,NYSE,ETF,Active,
DMBS,DOUBLELINE MORTGAGE ETF,NYSE ARCA,ETF,Active,
DMF,BNY Mellon Municipal Income Inc,NYSE MKT,ETF,Active,
DMII,Drugs Made In America Acquisition II Corp,NASDAQ,Stock,Active,
DMIIR,Drugs Made In America Acquisition II Corp Right,NASDAQ,Stock,Active,
DMIIU,Drugs Made In America Acquisition II Corp - Units (1 Ord Shs & 1 Rts),NASDAQ,Stock,Active,
DMLP,Dorchester Minerals LP,NASDAQ,Stock,Active,
DMO,Western Asset Mortgage Opportunity Fund Inc,NYSE,ETF,Active,
DMRA,Damora Therapeutics Inc,NASDAQ,Stock,Active,
DMRC,Digimarc Corporation,NASDAQ,Stock,Active,
DMX,DOUBLELINE MULTI-SECTOR INCOME ETF,NYSE ARCA,ETF,Active,
DMXF,ISHARES ESG ADVANCED MSCI EAFE ETF,NASDAQ,ETF,Active,
DNA,Ginkgo Bioworks Holdings Inc - Class A,NYSE,Stock,Active,
DNAB,Social Capital Suvretta Holdings Corp II - Class A,NASDAQ,Stock,Active,
DNAD,Social Capital Suvretta Holdings Corp IV - Class A,NASDAQ,Stock,Active,
DNKN:BAT,Dunkin Brands Group Inc,NASDAQ,Stock,Active,
DNL,WISDOMTREE GLOBAL EX-U.S. QUALITY DIVIDEND GROWTH FUND,NYSE ARCA,ETF,Active,
DNL:BAT,WisdomTree Global ExUS Growth Fund,NYSE ARCA,Stock,Active,
DNLI,Denali Therapeutics Inc,NASDAQ,Stock,Active,
DNMX,Dynamix Corp III - Class A,NASDAQ,Stock,Active,
DNMXU,Dynamix Corp III - Units (1 Ord Cls A & 1/2 War),NASDAQ,Stock,Active,
DNMXW,Dynamix Corp III - Warrants (10/10/2030),NASDAQ,Stock,Active,
DNN,Denison Mines Corp,NYSE MKT,Stock,Active,
DNNG,Leverage Shares 2x Long DNN Daily ETF,NASDAQ,ETF,Active,
DNOV,FT VEST U.S. EQUITY DEEP BUFFER ETF - NOVEMBER,BATS,ETF,Active,
DNOW,NOW Inc,NYSE,Stock,Active,
DNP,DNP Select Income Fund Inc,NYSE,ETF,Active,
DNTH,Dianthus Therapeutics Inc,NASDAQ,Stock,Active,
DNUT,Krispy Kreme Inc,NASDAQ,Stock,Active,
DOC,Healthpeak OP LLC,NYSE,Stock,Active,
DOCK,Corgi Ports Rail & Freight,BATS,Stock,Active,
DOCN,DigitalOcean Holdings Inc,NYSE,Stock,Active,
DOCS,Doximity Inc - Class A,NYSE,Stock,Active,
DOCT,FT VEST U.S. EQUITY DEEP BUFFER ETF - OCTOBER,BATS,ETF,Active,
DOCU,DocuSign Inc,NASDAQ,Stock,Active,
DOG,PROSHARES SHORT DOW30,NYSE ARCA,ETF,Active,
DOGD,Tradr 2X Long DDOG Daily ETF,BATS,ETF,Active,
DOGG,FT VEST DJIA DOGS 10 TARGET INCOME ETF,BATS,ETF,Active,
DOGZ,Dogness (International) Corp - Class A,NASDAQ,Stock,Active,
DOJE,REXOsprey DOGE ETF,BATS,ETF,Active,
DOL,WISDOMTREE INTERNATIONAL LARGECAP DIVIDEND FUND,NYSE ARCA,ETF,Active,
DOLE,Dole plc,NYSE,Stock,Active,
DOMH,Dominari Holdings Inc,NASDAQ,Stock,Active,
DOMO,Domo Inc - Class B,NASDAQ,Stock,Active,
DON,WISDOMTREE U.S. MIDCAP DIVIDEND FUND,NYSE ARCA,ETF,Active,
DOO,BRP Inc,NASDAQ,Stock,Active,
DORM,Dorman Products Inc,NASDAQ,Stock,Active,
DOUG,Douglas Elliman Inc,NYSE,Stock,Active,
DOV,Dover Corp,NYSE,Stock,Active,
DOW,Dow Inc,NYSE,Stock,Active,
DOX,Amdocs Ltd,NASDAQ,Stock,Active,
DOYU,DouYu International Holdings Ltd,NASDAQ,Stock,Active,
DPG,Duff & Phelps Utility and Infrastructure Fund Inc,NYSE,ETF,Active,
DPK,DIREXION DAILY MSCI DEVELOPED MARKETS BEAR 3X SHARES,NYSE ARCA,ETF,Active,
DPRE,Virtus Duff & Phelps Real Estate Income,NYSE ARCA,Stock,Active,
DPRO,Draganfly Inc,NASDAQ,Stock,Active,
DPST,DIREXION DAILY REGIONAL BANKS BULL 3X SHARES,NYSE ARCA,ETF,Active,
DPZ,Dominos Pizza Inc,NASDAQ,Stock,Active,
DQ,Daqo New Energy Corp,NYSE,Stock,Active,
DRAI,DRACO EVOLUTION AI ETF,NYSE ARCA,ETF,Active,
DRAM,Roundhill Memory ETF,NASDAQ,ETF,Active,
DRAY,YIELDMAX(R) DKNG OPTION INCOME STRATEGY ETF,NYSE ARCA,ETF,Active,
DRCT,Direct Digital Holdings Inc Class A,NASDAQ,Stock,Active,
DRD,DRDGold Ltd,NYSE,Stock,Active,
DRDB,Roman DBDR Acquisition Corp II,NASDAQ,Stock,Active,
DRDBU,Roman DBDR Acquisition Corp II - Units (1 Ord Cls A & 1/2 War),NASDAQ,Stock,Active,
DRDBW,Roman DBDR Acquisition Corp II Warrants,NASDAQ,Stock,Active,
DRH,Diamondrock Hospitality Company,NYSE,Stock,Active,
DRI,Darden Restaurants Inc,NYSE,Stock,Active,
DRIO,DarioHealth Corp,NASDAQ,Stock,Active,
DRIP,DIREXION DAILY S&P OIL & GAS EXP. & PROD. BEAR 2X SHARES,NYSE ARCA,ETF,Active,
DRIV,Global X Autonomous & Electric Vehicles ETF,NASDAQ,ETF,Active,
DRKY,VistaShares Target 15 DRUKMacro Distribution ETF,NYSE ARCA,ETF,Active,
DRLL,STRIVE U.S. ENERGY ETF,NYSE,ETF,Active,
DRMA,Dermata Therapeutics Inc,NASDAQ,Stock,Active,
DRMAW,Dermata Therapeutics Inc - Warrants (13/08/2026),NASDAQ,Stock,Active,
DRN,DIREXION DAILY REAL ESTATE BULL 3X SHARES,NYSE ARCA,ETF,Active,
DRNL,Defiance 2X Daily Long Pure Drone and Aerial Automation,BATS,Stock,Active,
DRNZ,REX DRONE ETF,NASDAQ,ETF,Active,
DRS,Leonardo DRS Inc,NASDAQ,Stock,Active,
DRSK,APTUS DEFINED RISK ETF,BATS,ETF,Active,
DRTS,Alpha Tau Medical Ltd,NASDAQ,Stock,Active,
DRTSW,Alpha Tau Medical Ltd - Warrants (07/03/2027),NASDAQ,Stock,Active,
DRUG,Bright Minds Biosciences Inc,NASDAQ,Stock,Active,
DRUP,Graniteshares Nasdaq Select Disruptors ETF,NYSE ARCA,ETF,Active,
DRV,DIREXION DAILY REAL ESTATE BEAR 3X SHARES,NYSE ARCA,ETF,Active,
DRVN,Driven Brands Holdings Inc,NASDAQ,Stock,Active,
DSAC,nan,NASDAQ,Stock,Active,
DSACU,Daedalus Special Acquisition Corp - Units (1 Ord Class A &1/4 War),NASDAQ,Stock,Active,
DSACW,Daedalus Special Acquisition Corp Warrant,NASDAQ,Stock,Active,
DSAQ-U,Direct Selling Acquisition Corp Units each consisting of one share of Class A common stock and onehalf of redeemable warrant,NYSE,Stock,Active,
DSCO,DoubleLine Securitized Credit ETF,NYSE ARCA,ETF,Active,
DSEP,FT VEST U.S. EQUITY DEEP BUFFER ETF - SEPTEMBER,BATS,ETF,Active,
DSGN,Design Therapeutics Inc,NASDAQ,Stock,Active,
DSGR,Distribution Solutions Group Inc,NASDAQ,Stock,Active,
DSGX,Descartes Systems Group Inc,NASDAQ,Stock,Active,
DSI,ISHARES MSCI KLD 400 SOCIAL ETF,NYSE ARCA,ETF,Active,
DSKE,Daseke Inc,NASDAQ,Stock,Active,
DSL,Doubleline Income Solutions Fund,NYSE,ETF,Active,
DSM,BNY Mellon Strategic Municipal Bond Fund Inc,NYSE,ETF,Active,
DSMC,DISTILLATE SMALL/MID CASH FLOW ETF,NYSE,ETF,Active,
DSP,Viant Technology Inc - Class A,NASDAQ,Stock,Active,
DSPY,Tema ETF Trust S&P 500 Historical Weight ETF Strategy,NYSE ARCA,ETF,Active,
DSS,DSS Inc,NYSE MKT,Stock,Active,
DSTL,DISTILLATE U.S. FUNDAMENTAL STABILITY & VALUE ETF,NYSE ARCA,ETF,Active,
DSTX,DISTILLATE INTERNATIONAL FUNDAMENTAL STABILITY & VALUE ETF,NYSE,ETF,Active,
DSU,BlackRock Debt Strategies Fund Inc,NYSE,ETF,Active,
DSWL,Deswell Industries Inc,NASDAQ,Stock,Active,
DSX,Diana Shipping Inc,NYSE,Stock,Active,
DSX-P-B,Diana Shipping Inc Perpetual Preferred Shares Series B Marshall Islands,NYSE,Stock,Active,
DSX-WS,Diana Shipping Inc - Warrants (14/12/2026),NYSE,Stock,Active,
DSY,Big Tree Cloud Holdings Ltd - Class A,NASDAQ,Stock,Active,
DSYWW,Big Tree Cloud Holdings Ltd - Warrants (31/05/2029),NASDAQ,Stock,Active,
DT,Dynatrace Inc,NYSE,Stock,Active,
DTAN,SPARKLINE INTERNATIONAL INTANGIBLE VALUE ETF,NYSE ARCA,ETF,Active,
DTB,DTE Energy Company,NYSE,Stock,Active,
DTCK,Davis Commodities Ltd,NASDAQ,Stock,Active,
DTCR,GLOBAL X DATA CENTER & DIGITAL INFRASTRUCTURE ETF,NASDAQ,ETF,Active,
DTCX,Datacentrex Inc,NASDAQ,Stock,Active,
DTD,WISDOMTREE U.S. TOTAL DIVIDEND FUND,NYSE ARCA,ETF,Active,
DTE,DTE Energy Company,NYSE,Stock,Active,
DTEC,ALPS DISRUPTIVE TECHNOLOGIES ETF,NYSE ARCA,ETF,Active,
DTF,DTF Tax-Free Income 2028 Term Fund Inc,NYSE,ETF,Active,
DTG,DTE Energy Company,NYSE,Stock,Active,
DTH,WISDOMTREE INTERNATIONAL HIGH DIVIDEND FUND,NYSE ARCA,ETF,Active,
DTH:BAT,WisdomTree DEFA Equity Income,NYSE ARCA,Stock,Active,
DTIL,Precision Biosciences Inc,NASDAQ,Stock,Active,
DTK,Deutsche Bank Contingent Capital Trust III 7.60 TruPS,NYSE,Stock,Active,
DTM,DT Midstream Inc,NYSE,Stock,Active,
DTRE,FIRST TRUST ALERIAN DISRUPTIVE TECHNOLOGY REAL ESTATE ETF,NYSE ARCA,ETF,Active,
DTSQ,DT Cloud Star Acquisition Corp,NASDAQ,Stock,Active,
DTSQR,DT Cloud Star Acquisition Corp,NASDAQ,Stock,Active,
DTSQU,DT Cloud Star Acquisition Corp - Units (1Ord & 1 Rts),NASDAQ,Stock,Active,
DTSS,Datasea Inc,NASDAQ,Stock,Active,
DTST,Data Storage Corp,NASDAQ,Stock,Active,
DTSTW,Data Storage Corp - Warrants (18/05/2026),NASDAQ,Stock,Active,
DTW,DTE Energy Company,NYSE,Stock,Active,
DUBS,APTUS LARGE CAP ENHANCED YIELD ETF,BATS,ETF,Active,
DUDE,Merlyn.AI SectorSurfer Momentum ETF,BATS,ETF,Active,
DUET,DUET Acquisition Corp - Class A,NASDAQ,Stock,Active,
DUETU,DUET Acquisition Corp - Units (1 Ord Share Class A & 1 War),NASDAQ,Stock,Active,
DUETW,DUET Acquisition Corp - Warrants (18/01/2027),NASDAQ,Stock,Active,
DUG,ProShares UltraShort Energy,NYSE ARCA,ETF,Active,
DUHP,DIMENSIONAL US HIGH PROFITABILITY ETF,NYSE ARCA,ETF,Active,
DUK,Duke Energy Corp,NYSE,Stock,Active,
DUK-P-A,Duke Energy Corp,NYSE,Stock,Active,
DUKB,Duke Energy Corp,NYSE,Stock,Active,
DUKH,Ocean Park High Income ETF,NASDAQ,ETF,Active,
DUKQ,Ocean Park Domestic ETF,NYSE ARCA,ETF,Active,
DUKRW,DUKE Robotics Corp Warrant,NASDAQ,Stock,Active,
DUKX,Ocean Park International ETF,NASDAQ,ETF,Active,
DUKZ,Ocean Park Diversified Income ETF,NYSE ARCA,ETF,Active,
DULL,Bank of Montreal,NYSE ARCA,ETF,Active,
DUNK,Dana Unconstrained Equity ETF,NYSE ARCA,ETF,Active,
DUO,Fangdd Network Group Ltd,NASDAQ,Stock,Active,
DUOG,Leverage Shares 2X Long DUOL Daily ETF,NASDAQ,ETF,Active,
DUOL,Duolingo Inc - Class A,NASDAQ,Stock,Active,
DUOT,Duos Technologies Group Inc,NASDAQ,Stock,Active,
DURA,VANECK DURABLE HIGH DIVIDEND ETF,BATS,ETF,Active,
DUSA,DAVIS SELECT U.S. EQUITY ETF,BATS,ETF,Active,
DUSB,DIMENSIONAL ULTRASHORT FIXED INCOME ETF,NYSE ARCA,ETF,Active,
DUSG,U.S. Small Cap Growth Portfolio ETF Class Shares,NASDAQ,Stock,Active,
DUSL,DIREXION DAILY INDUSTRIALS BULL 3X SHARES,NYSE ARCA,ETF,Active,
DUST,Direxion Daily Gold Miners Index Bear -2X Shares,NYSE ARCA,ETF,Active,
DUST:BAT,Direxion Daily Gold Miners Bear 2x Shares,NYSE ARCA,ETF,Active,
DV,DoubleVerify Holdings Inc,NYSE,Stock,Active,
DVA,DaVita Inc,NYSE,Stock,Active,
DVAL,BRANDYWINEGLOBAL-DYNAMIC US LARGE CAP VALUE ETF,NASDAQ,ETF,Active,
DVDN,KINGSBARN DIVIDEND OPPORTUNITY ETF,NYSE ARCA,ETF,Active,
DVIN,WEBs Defined Volatility XLI ETF,NASDAQ,ETF,Active,
DVLT,Datavault AI Inc,NASDAQ,Stock,Active,
DVLU,FIRST TRUST DORSEY WRIGHT MOMENTUM & VALUE ETF,NASDAQ,ETF,Active,
DVN,Devon Energy Corp,NYSE,Stock,Active,
DVND,TOUCHSTONE DIVIDEND SELECT ETF,NYSE ARCA,ETF,Active,
DVOL,FIRST TRUST DORSEY WRIGHT MOMENTUM & LOW VOLATILITY ETF,NASDAQ,ETF,Active,
DVQQ,WEBs Defined Volatility QQQ ETF,NASDAQ,ETF,Active,
DVRE,WEBs Defined Volatility XLRE ETF,NASDAQ,ETF,Active,
DVS,Dolly Varden Silver Corporation,AMEX,Stock,Active,
DVSP,WEBs Defined Volatility SPY ETF,NASDAQ,ETF,Active,
DVUT,WEBS Defined Volatility XLU ETF,NASDAQ,ETF,Active,
DVVY,Invesco Diversified Dividend Opportunities,BATS,Stock,Active,
DVXB,WEBs Defined Volatility XLB ETF,NASDAQ,ETF,Active,
DVXC,WEBs Defined Volatility XLC ETF,NASDAQ,ETF,Active,
DVXE,DEVX ENERGY INC,NASDAQ,Stock,Active,
DVXF,WEBs Defined Volatility XLF ETF,NASDAQ,ETF,Active,
DVXK,WEBs Defined Volatility XLK ETF,NASDAQ,ETF,Active,
DVXP,WEBs Defined Volatility XLP ETF,NASDAQ,ETF,Active,
DVXV,WEBs Defined Volatility XLV ETF,NASDAQ,ETF,Active,
DVXY,WEBs Defined Volatility XLY ETF,NASDAQ,ETF,Active,
DVY,ISHARES SELECT DIVIDEND ETF,NASDAQ,ETF,Active,
DVYA,ISHARES ASIA/PACIFIC DIVIDEND ETF,NYSE ARCA,ETF,Active,
DVYA:BAT,iShares AsiaPacific Dividend,NYSE ARCA,Stock,Active,
DVYE,ISHARES EMERGING MARKETS DIVIDEND ETF,NYSE ARCA,ETF,Active,
DVYE:BAT,iShares Emerging Markets Dividend Index Fund,NYSE ARCA,Stock,Active,
DWAS,INVESCO DORSEY WRIGHT SMALLCAP MOMENTUM ETF,NASDAQ,ETF,Active,
DWAW,ADVISORSHARES DORSEY WRIGHT FSM ALL CAP WORLD ETF,NASDAQ,ETF,Active,
DWCR,Arrow DWA Tactical: International ETF,BATS,ETF,Active,
DWLD,DAVIS SELECT WORLDWIDE ETF,BATS,ETF,Active,
DWM,WISDOMTREE INTERNATIONAL EQUITY FUND,NYSE ARCA,ETF,Active,
DWM:BAT,WisdomTree Trust DIEFA Fund,NYSE ARCA,Stock,Active,
DWMF,WISDOMTREE INTERNATIONAL MULTIFACTOR FUND,NYSE ARCA,ETF,Active,
DWSH,ADVISORSHARES DORSEY WRIGHT SHORT ETF,NASDAQ,ETF,Active,
DWSN,Dawson Geophysical Company,NASDAQ,Stock,Active,
DWTX,Virios Therapeutics Inc,NASDAQ,Stock,Active,
DWUS,ADVISORSHARES DORSEY WRIGHT FSM US CORE ETF,NASDAQ,ETF,Active,
DWX,SPDR (R) S&P (R) INTERNATIONAL DIVIDEND ETF,NYSE ARCA,ETF,Active,
DX,Dynex Capital Inc,NYSE,Stock,Active,
DX-P-C,Dynex Capital Inc,NYSE,Stock,Active,
DXC,DXC Technology Company,NYSE,Stock,Active,
DXCM,Dexcom Inc,NASDAQ,Stock,Active,
DXD,PROSHARES ULTRASHORT DOW30,NYSE ARCA,ETF,Active,
DXF,nan,NYSE MKT,Stock,Active,
DXIV,DIMENSIONAL INTERNATIONAL VECTOR EQUITY ETF,NYSE ARCA,ETF,Active,
DXJ,WISDOMTREE JAPAN HEDGED EQUITY FUND,NYSE ARCA,ETF,Active,
DXJ:BAT,WisdomTree Trust Japan Total Dividend Fund,NYSE ARCA,Stock,Active,
DXLG,Destination XL Group Inc,NASDAQ,Stock,Active,
DXPE,DXP Enterprises Inc,NASDAQ,Stock,Active,
DXR,Daxor Corp,NASDAQ,Stock,Active,
DXST,Decent Holding Inc,NASDAQ,Stock,Active,
DXUV,DIMENSIONAL US VECTOR EQUITY ETF,NYSE ARCA,ETF,Active,
DXYZ,Destiny Tech100 Inc,NYSE,Stock,Active,
DY,Dycom Industries Inc,NYSE,Stock,Active,
DYAI,Dyadic International Inc DE,NASDAQ,Stock,Active,
DYCQ,DT Cloud Acquisition Corp,NASDAQ,Stock,Active,
DYCQR,DT Cloud Acquisition Corp,NASDAQ,Stock,Active,
DYCQU,DT Cloud Acquisition Corp - Units (1 Ord & 1 Right),NASDAQ,Stock,Active,
DYFI,IDX DYNAMIC FIXED INCOME ETF,NASDAQ,ETF,Active,
DYLD,LEADERSHARES(R) DYNAMIC YIELD ETF,NYSE ARCA,ETF,Active,
DYLG,GLOBAL X DOW 30 COVERED CALL & GROWTH ETF,NYSE ARCA,ETF,Active,
DYN,Dyne Therapeutics Inc,NASDAQ,Stock,Active,
DYNB,Hartford Dynamic Bond ETF,NASDAQ,ETF,Active,
DYNC,Dynegy Inc 700 Tangible Equity Units,NYSE,Stock,Active,
DYNCU,Dynamix Corp - Unit (1 Ord Class A & 1/2 War),NASDAQ,Stock,Active,
DYNCW,Dynamix Corporation Warrant,NASDAQ,Stock,Active,
DYNF,ISHARES U.S. EQUITY FACTOR ROTATION ACTIVE ETF,NYSE ARCA,ETF,Active,
DYNI,IDX Dynamic Innovation ETF,NASDAQ,ETF,Active,
DYNX,DYNATEC INTERNATIONAL INC,NASDAQ,Stock,Active,
DYNXW,Dynamix Corporation Warrant,NASDAQ,Stock,Active,
DYOR,Insight Digital Partners II,NASDAQ,Stock,Active,
DYORU,Insight Digital Partners II - Units (1 Ord Cls A & 1/2 War),NASDAQ,Stock,Active,
DYORW,Insight Digital Partners II Warrants,NASDAQ,Stock,Active,
DYTA,SGI DYNAMIC TACTICAL ETF,NASDAQ,ETF,Active,
DZZ,PowerShares DB Gold Double Short ETN,NYSE ARCA,ETF,Active,
E,Eni Spa,NYSE,Stock,Active,
EA,Electronic Arts Inc,NASDAQ,Stock,Active,
EAD,Allspring Income Opportunities Fund,NYSE MKT,ETF,Active,
EAF,GrafTech International Ltd,NYSE,Stock,Active,
EAFG,PACER DEVELOPED MARKETS CASH COWS GROWTH LEADERS ETF,NYSE ARCA,ETF,Active,
EAGG,ISHARES ESG AWARE U.S. AGGREGATE BOND ETF,NYSE ARCA,ETF,Active,
EAGL,EAGLE CAPITAL SELECT EQUITY ETF,NYSE ARCA,ETF,Active,
EAI,Entergy Arkansas LLC,NYSE,Stock,Active,
EALT,Innovator U.S. Equity 5 to 15 Buffer ETF - Quarterly,BATS,ETF,Active,
EAOA,ISHARES ESG AWARE AGGRESSIVE ALLOCATION ETF,BATS,ETF,Active,
EAOK,ISHARES ESG AWARE CONSERVATIVE ALLOCATION ETF,BATS,ETF,Active,
EAOM,ISHARES ESG AWARE MODERATE ALLOCATION ETF,BATS,ETF,Active,
EAOR,ISHARES ESG AWARE GROWTH ALLOCATION ETF,BATS,ETF,Active,
EAPR,Innovator Emerging Markets Power Buffer ETF April,NYSE ARCA,ETF,Active,
EARN,Ellington Residential Mortgage REIT,NYSE,Stock,Active,
EART,Global X Disruptive Materials ETF,NASDAQ,ETF,Active,
EASG,XTRACKERS MSCI EAFE ESG LEADERS EQUITY ETF,NYSE ARCA,ETF,Active,
EASY,EASYLINK SERVICES CORP,NASDAQ,Stock,Active,
EAT,Brinker International Inc,NYSE,Stock,Active,
EBAY,EBay Inc,NASDAQ,Stock,Active,
EBC,Eastern Bankshares Inc,NASDAQ,Stock,Active,
EBF,Ennis Inc,NYSE,Stock,Active,
EBIT,HARBOR ALPHAEDGE SMALL CAP EARNERS ETF,NYSE ARCA,ETF,Active,
EBIZ,GLOBAL X E-COMMERCE ETF,NASDAQ,ETF,Active,
EBMT,Eagle Bancorp Montana Inc,NASDAQ,Stock,Active,
EBND,SPDR(R) BLOOMBERG EMERGING MARKETS LOCAL BOND ETF,NYSE ARCA,ETF,Active,
EBND:BAT,SPDR Barclays Emerging Markets,NYSE ARCA,Stock,Active,
EBON,Ebang International Holdings Inc - Class A,NASDAQ,Stock,Active,
EBR-B,Centrais Eletricas Brasileiras S.A.,NYSE,Stock,Active,
EBS,Emergent Biosolutions Inc,NYSE,Stock,Active,
EBTC,Enterprise Bancorp Inc,NASDAQ,Stock,Active,
EBUF,Innovator Emerging Markets 10 Buffer ETF - Quarterly,NYSE ARCA,ETF,Active,
EC,Ecopetrol SA,NYSE,Stock,Active,
ECAT,BlackRock ESG Capital Allocation Term Trust,NYSE,Stock,Active,
ECBK,ECB Bancorp Inc,NASDAQ,Stock,Active,
ECC,Eagle Point Credit Company Inc,NYSE,ETF,Active,
ECC-P-D,Eagle Point Credit Company Inc,NYSE,Stock,Active,
ECCC,Eagle Point Credit Company Inc,NYSE,Stock,Active,
ECCU,Eagle Point Credit Company Inc,NYSE,Stock,Active,
ECCV,Eagle Point Credit Company Inc,NYSE,Stock,Active,
ECF,Ellsworth Growth and Income Fund Ltd,NYSE MKT,ETF,Active,
ECF-P-A,Ellsworth Growth and Income Fund Ltd,NYSE MKT,ETF,Active,
ECG,Everus Construction Group,NYSE,Stock,Active,
ECG-W,Everus Construction Group Inc WhenIssued,NYSE,Stock,Active,
ECH,ISHARES MSCI CHILE ETF,BATS,ETF,Active,
ECL,Ecolab Inc,NYSE,Stock,Active,
ECML,EUCLIDEAN FUNDAMENTAL VALUE ETF,NYSE ARCA,ETF,Active,
ECNS,ISHARES MSCI CHINA SMALL-CAP ETF,NYSE ARCA,ETF,Active,
ECO,ECHO BAY MINES LTD,NYSE,Stock,Active,
ECON,COLUMBIA RESEARCH ENHANCED EMERGING ECONOMIES ETF,NYSE ARCA,ETF,Active,
ECON:BAT,EGShares Emerging Markets,NYSE ARCA,Stock,Active,
ECOR,ElectroCore Inc,NASDAQ,Stock,Active,
ECOW,PACER EMERGING MARKETS CASH COWS 100 ETF,NASDAQ,ETF,Active,
ECPG,Encore Capital Group Inc,NASDAQ,Stock,Active,
ECVT,Ecovyst Inc,NYSE,Stock,Active,
ECX,ECARX Holdings Inc - Class A,NASDAQ,Stock,Active,
ECXWW,ECARX Holdings Inc - Warrants (20/12/2027),NASDAQ,Stock,Active,
ED,Consolidated Edison Inc,NYSE,Stock,Active,
EDAP,EDAP TMS S.A.,NASDAQ,Stock,Active,
EDBL,Edible Garden AG Inc,NASDAQ,Stock,Active,
EDBLW,Edible Garden AG Inc - Warrants(18/04/2027),NASDAQ,Stock,Active,
EDC,Direxion Daily Emerging Markets Bull 3X Shares,NYSE ARCA,ETF,Active,
EDD,Morgan Stanley Emerging Markets Domestic Debt Fund Inc,NYSE,ETF,Active,
EDEN,ISHARES MSCI DENMARK ETF,BATS,ETF,Active,
EDF,Virtus Stone Harbor Emerging Markets Income Fund,NYSE,ETF,Active,
EDGF,3EDGE DYNAMIC FIXED INCOME ETF,NYSE ARCA,ETF,Active,
EDGH,3EDGE DYNAMIC HARD ASSETS ETF,NYSE ARCA,ETF,Active,
EDGI,3EDGE DYNAMIC INTERNATIONAL EQUITY ETF,NYSE ARCA,ETF,Active,
EDGU,3EDGE DYNAMIC US EQUITY ETF,NYSE ARCA,ETF,Active,
EDHL,Everbright Digital Holding Ltd,NASDAQ,Stock,Active,
EDI,Virtus Stone Harbor Emerging Markets Total Income Fund,NYSE,ETF,Active,
EDIT,Editas Medicine Inc,NASDAQ,Stock,Active,
EDIV,SPDR(R) S&P(R) EMERGING MARKETS DIVIDEND ETF,NYSE ARCA,ETF,Active,
EDIV:BAT,SPDR S&P Emerging Markets Dividend ETF,NYSE ARCA,ETF,Active,
EDN,Empresa Distribuidora y Comercial Norte S.A.,NYSE,Stock,Active,
EDOG,ALPS EMERGING SECTOR DIVIDEND DOGS ETF,NYSE ARCA,ETF,Active,
EDOW,FIRST TRUST DOW 30 EQUAL WEIGHT ETF,NYSE ARCA,ETF,Active,
EDRY,EuroDry Ltd,NASDAQ,Stock,Active,
EDSA,Edesa Biotech Inc,NASDAQ,Stock,Active,
EDTK,Skillful Craftsman Education Technology Ltd,NASDAQ,Stock,Active,
EDU,New Oriental Education & Technology Group Inc,NYSE,Stock,Active,
EDUC,Educational Development Corp,NASDAQ,Stock,Active,
EDUT,Global X Education ETF,NASDAQ,ETF,Active,
EDV,VANGUARD EXTENDED DURATION TREASURY INDEX FUND ETF SHARES,NYSE ARCA,ETF,Active,
EDZ,DIREXION DAILY MSCI EMERGING MARKETS BEAR 3X SHARES,NYSE ARCA,ETF,Active,
EDZ:BAT,Direxion Daily Emerging Markets Bear 3x Shares,NYSE ARCA,ETF,Active,
EE,Excelerate Energy Inc - Class A,NYSE,Stock,Active,
EEA,European Equity Fund Inc,NYSE,ETF,Active,
EEE,CYBER HORNET S&P 500 and Ethereum 7525 Strategy ETF,NASDAQ,ETF,Active,
EEFT,Euronet Worldwide Inc,NASDAQ,Stock,Active,
EEIQ,EpicQuest Education Group International Ltd,NASDAQ,Stock,Active,
EELV,INVESCO S&P EMERGING MARKETS LOW VOLATILITY ETF,NYSE ARCA,ETF,Active,
EELV:BAT,PowerShares S&P Emerging Markets Low Volatility Portfolio,NYSE ARCA,Stock,Active,
EEM,ISHARES MSCI EMERGING MARKETS ETF,NYSE ARCA,ETF,Active,
EEMA,ISHARES MSCI EMERGING MARKETS ASIA ETF,NASDAQ,ETF,Active,
EEMO,INVESCO S&P EMERGING MARKETS MOMENTUM ETF,NYSE ARCA,ETF,Active,
EEMO:BAT,PowerShares S&P Emerging Markets High Beta Portfolio,NYSE ARCA,Stock,Active,
EEMS,ISHARES MSCI EMERGING MARKETS SMALL-CAP ETF,NYSE ARCA,ETF,Active,
EEMS:BAT,iShares MSCI Emerging Markets Small Cap Index Fund,NYSE ARCA,Stock,Active,
EEMV,ISHARES MSCI EMERGING MARKETS MIN VOL FACTOR ETF,BATS,ETF,Active,
EEMV:BAT,iShares MSCI Emerging Markets Minimum Volatility Index Fund,BATS,Stock,Active,
EEMX,SPDR MSCI EMERGING MARKETS FOSSIL FUEL RESERVES FREE ETF,NYSE ARCA,ETF,Active,
EES,WISDOMTREE U.S. SMALLCAP FUND,NYSE ARCA,ETF,Active,
EET,PROSHARES ULTRA MSCI EMERGING MARKETS,NYSE ARCA,ETF,Active,
EET:BAT,ProShares Ultra MSCI Emerging Markets,NYSE ARCA,Stock,Active,
EETH,PROSHARES ETHER STRATEGY ETF,NYSE ARCA,ETF,Active,
EEV,ProShares UltraShort MSCI Emerging Markets -2x Shares,NYSE ARCA,ETF,Active,
EEX,Emerald Holding Inc,NYSE,Stock,Active,
EFA,ISHARES MSCI EAFE ETF,NYSE ARCA,ETF,Active,
EFAA,Invesco MSCI EAFE Income Advantage ETF,NYSE ARCA,ETF,Active,
EFAD,PROSHARES MSCI EAFE DIVIDEND GROWERS ETF,BATS,ETF,Active,
EFAS,GLOBAL X MSCI SUPERDIVIDEND EAFE ETF,NASDAQ,ETF,Active,
EFAV,ISHARES MSCI EAFE MIN VOL FACTOR ETF,BATS,ETF,Active,
EFAV:BAT,iShares MSCI EAFE Minimum Volatility Index Fund,BATS,Stock,Active,
EFAX,SPDR MSCI EAFE FOSSIL FUEL RESERVES FREE ETF,NYSE ARCA,ETF,Active,
EFC,Ellington Financial Inc,NYSE,Stock,Active,
EFC-P-B,Ellington Financial Inc,NYSE,Stock,Active,
EFC-P-C,Ellington Financial Inc,NYSE,Stock,Active,
EFC-P-D,Ellington Financial Inc,NYSE,Stock,Active,
EFFE,HARBOR OSMOSIS EMERGING MARKETS RESOURCE EFFICIENT ETF,NYSE ARCA,ETF,Active,
EFG,ISHARES MSCI EAFE GROWTH ETF,BATS,ETF,Active,
EFIV,SPDR S&P 500 ESG ETF,NYSE ARCA,ETF,Active,
EFNL,ISHARES MSCI FINLAND ETF,BATS,ETF,Active,
EFO,PROSHARES ULTRA MSCI EAFE,NYSE ARCA,ETF,Active,
EFOI,Energy Focus Inc,NASDAQ,Stock,Active,
EFOR,ASGN Inc,NYSE,Stock,Active,
EFR,Eaton Vance Senior Floating-Rate Trust,NYSE,ETF,Active,
EFRA,ISHARES ENVIRONMENTAL INFRASTRUCTURE AND INDUSTRIALS ETF,NASDAQ,ETF,Active,
EFSC,Enterprise Financial Services Corp,NASDAQ,Stock,Active,
EFSCP,Enterprise Financial Services Corp,NASDAQ,Stock,Active,
EFT,Eaton Vance Floating-Rate Income Trust,NYSE,ETF,Active,
EFTR,eFFECTOR Therapeutics Inc,NASDAQ,Stock,Active,
EFTY,Etoiles Capital Group Co Ltd - Class A,NASDAQ,Stock,Active,
EFU,ProShares UltraShort MSCI EAFE -2x Shares,NYSE ARCA,ETF,Active,
EFUT,VANECK ETHEREUM STRATEGY ETF,BATS,ETF,Active,
EFV,ISHARES MSCI EAFE VALUE ETF,BATS,ETF,Active,
EFX,Equifax Inc,NYSE,Stock,Active,
EFXT,Enerflex Ltd,NYSE,Stock,Active,
EFZ,PROSHARES SHORT MSCI EAFE,NYSE ARCA,ETF,Active,
EG,Everest Group Ltd,NYSE,Stock,Active,
EGAN,eGain Corp,NASDAQ,Stock,Active,
EGBN,Eagle Bancorp Inc (MD),NASDAQ,Stock,Active,
EGF,BlackRock Enhanced Government Fund Inc,NYSE,ETF,Active,
EGG,Enigmatig Ltd - Class A,NYSE MKT,Stock,Active,
EGGQ,NESTYIELD VISIONARY ETF,NASDAQ,ETF,Active,
EGHA,EGH Acquisition Corp - Class A,NASDAQ,Stock,Active,
EGHAR,EGH Acquisition Corp,NASDAQ,Stock,Active,
EGHAU,EGH Acquisition Corp - Units (1 Ord Cls A & 1 Rts),NASDAQ,Stock,Active,
EGHT,8X8 Inc,NASDAQ,Stock,Active,
EGIS,2ndVote Society Defended ETF,BATS,ETF,Active,
EGLE,GLOBAL X S&P 500 U.S. REVENUE LEADERS ETF,NYSE ARCA,ETF,Active,
EGO,Eldorado Gold Corp,NYSE,Stock,Active,
EGOV:BAT,NIC Inc,NASDAQ,Stock,Active,
EGP,Eastgroup Properties Inc,NYSE,Stock,Active,
EGUS,ISHARES ESG AWARE MSCI USA GROWTH ETF,BATS,ETF,Active,
EGY,VAALCO Energy Inc,NYSE,Stock,Active,
EH,EHang Holdings Ltd,NASDAQ,Stock,Active,
EHC,Encompass Health Corp,NYSE,Stock,Active,
EHCC,Global X Ethereum Covered Call ETF,BATS,ETF,Active,
EHGO,Eshallgo Inc - Class A,NASDAQ,Stock,Active,
EHI,Western Asset Global High Income Fund Inc,NYSE,ETF,Active,
EHI-R,Western Asset Global High Income Fund Inc Rights expiring October 8 2024 Rights,NYSE,Stock,Active,
EHI-R-W,Western Asset Global High Income Fund Inc Rights expiring October 8 2024 Rights when issued,NYSE,Stock,Active,
EHLD,Euroholdings Ltd,NASDAQ,Stock,Active,
EHLDV,Euroholdings Ltd,NASDAQ,Stock,Active,
EHLS,EVEN HERD LONG SHORT ETF,NASDAQ,ETF,Active,
EHTH,eHealth Inc,NASDAQ,Stock,Active,
EHY,Amplify Ethereum Max Income Covered Call ETF,BATS,ETF,Active,
EIC,Eagle Point Income Company Inc,NYSE,Stock,Active,
EICA,Eagle Point Income Company Inc,NYSE,Stock,Active,
EIDO,ISHARES MSCI INDONESIA ETF,NYSE ARCA,ETF,Active,
EIDO:BAT,iShares MSCI Indonesia ETF,NYSE ARCA,ETF,Active,
EIG,Employers Holdings Inc,NYSE,Stock,Active,
EIKN,Eikon Therapeutics Inc,NASDAQ,Stock,Active,
EIM,Eaton Vance Municipal Bond Fund,NYSE MKT,ETF,Active,
EINC,VANECK ENERGY INCOME ETF,NYSE ARCA,ETF,Active,
EINC:BAT,Yorkville High Income Mlp,NYSE ARCA,Stock,Active,
EIPI,FT ENERGY INCOME PARTNERS ENHANCED INCOME ETF,NYSE ARCA,ETF,Active,
EIPX,FT ENERGY INCOME PARTNERS STRATEGY ETF,NYSE ARCA,ETF,Active,
EIRL,ISHARES MSCI IRELAND ETF,NYSE ARCA,ETF,Active,
EIRL:BAT,iShares MSCI Ireland Capped ET,NYSE ARCA,Stock,Active,
EIS,ISHARES MSCI ISRAEL ETF,NYSE ARCA,ETF,Active,
EIS:BAT,iShares MSCI Israel Capped ETF,NYSE ARCA,ETF,Active,
EIX,Edison International,NYSE,Stock,Active,
EJAN,Innovator Emerging Markets Power Buffer ETF January,NYSE ARCA,ETF,Active,
EJH,E-Home Household Service Holdings Ltd,NASDAQ,Stock,Active,
EJUL,Innovator Emerging Markets Power Buffer ETF July,NYSE ARCA,ETF,Active,
EKG,FIRST TRUST NASDAQ LUX DIGITAL HEALTH SOLUTIONS ETF,NASDAQ,ETF,Active,
EL,Estee Lauder Cos. Inc - Class A,NYSE,Stock,Active,
ELA,Envela Corp,NYSE MKT,Stock,Active,
ELAB,PMGC Holdings Inc,NASDAQ,Stock,Active,
ELAN,Elanco Animal Health Inc,NYSE,Stock,Active,
ELBM,Electra Battery Materials Corp,NASDAQ,Stock,Active,
ELC,Entergy Louisiana LLC,NYSE,Stock,Active,
ELCV,EVENTIDE HIGH DIVIDEND ETF,NYSE ARCA,ETF,Active,
ELD,WisdomTree Emerging Market Local Debt Fund,NYSE ARCA,ETF,Active,
ELD:BAT,Wisdom Tree Emerging Markets Local Debt Fund,NYSE ARCA,Stock,Active,
ELDN,Eledon Pharmaceuticals Inc,NASDAQ,Stock,Active,
ELF,e.l.f. Beauty Inc,NYSE,Stock,Active,
ELFY,ALPS Electrification Infrastructure ETF,NASDAQ,ETF,Active,
ELIL,Direxion Daily LLY Bull 2X Shares,NASDAQ,ETF,Active,
ELIQ-WS,Electriq Power Holdings Inc Warrants,AMEX,Stock,Active,
ELIS,Direxion Daily LLY Bear 1X Shares,NASDAQ,ETF,Active,
ELLA,Ellington Credit Company,NYSE,Stock,Active,
ELLO,Ellomay Capital Ltd,NYSE MKT,Stock,Active,
ELM,ELM MARKET NAVIGATOR ETF,NYSE ARCA,ETF,Active,
ELMD,Electromed Inc,NYSE MKT,Stock,Active,
ELME,Elme Communities,NYSE,Stock,Active,
ELMT,Elmet Group Co. (The),NASDAQ,Stock,Active,
ELOG,Eastern International Ltd,NASDAQ,Stock,Active,
ELON,BATTLESHARES(TM) TSLA VS F ETF,NASDAQ,ETF,Active,
ELPC,Cia Paranaense De Energia Copel ADR (Representing ),NYSE,Stock,Active,
ELPW,Elong Power Holding Ltd,NASDAQ,Stock,Active,
ELS,Equity Lifestyle Properties Inc,NYSE,Stock,Active,
ELSE,Electro-Sensors Inc,NASDAQ,Stock,Active,
ELTK,Eltek Ltd,NASDAQ,Stock,Active,
ELTX,Elicio Therapeutics Inc,NASDAQ,Stock,Active,
ELUT,Elutia Inc - Class A,NASDAQ,Stock,Active,
ELV,Elevance Health Inc,NYSE,Stock,Active,
ELVA,Electrovaya Inc,NASDAQ,Stock,Active,
ELVN,Enliven Therapeutics Inc,NASDAQ,Stock,Active,
ELVR,Sayona Mining Ltd,NASDAQ,Stock,Active,
ELWT,Elauwit Connection Inc,NASDAQ,Stock,Active,
EMA,Emera Incorporated,NYSE,Stock,Active,
EMB,ISHARES J.P. MORGAN USD EMERGING MARKETS BOND ETF,NASDAQ,ETF,Active,
EMBC,Embecta Corp,NASDAQ,Stock,Active,
EMBD,GLOBAL X EMERGING MARKETS BOND ETF,NYSE ARCA,ETF,Active,
EMBJ,Embraer S.A.,NYSE,Stock,Active,
EMBK,Embark Technology Inc - Class A,NASDAQ,Stock,Active,
EMBKW,Embark Technology Inc Warrant,NASDAQ,Stock,Active,
EMBX,VANECK EMERGING MARKETS BOND ETF,NYSE ARCA,ETF,Active,
EMC,GLOBAL X EMERGING MARKETS GREAT CONSUMER ETF,NYSE ARCA,ETF,Active,
EMCA,Emerge EMPWR Sustainable Dividend Equity ETF,BATS,ETF,Active,
EMCB,WISDOMTREE EMERGING MARKETS CORPORATE BOND FUND,NASDAQ,ETF,Active,
EMCH,Emerge EMPWR Sustainable Emerging Markets Equity ETF,BATS,ETF,Active,
EMCR,XTRACKERS EMERGING MARKETS CARBON REDUCTION AND CLIMATE IMPROVERS ETF,NYSE ARCA,ETF,Active,
EMD,Western Asset Emerging Markets Debt Fund Inc,NYSE,ETF,Active,
EMDM,FIRST TRUST BLOOMBERG EMERGING MARKET DEMOCRACIES ETF,NYSE ARCA,ETF,Active,
EMDV,PROSHARES MSCI EMERGING MARKETS DIVIDEND GROWERS ETF,BATS,ETF,Active,
EME,Emcor Group Inc,NYSE,Stock,Active,
EMEM,SOPHUS CAPITAL EMERGING MARKET ETF,NYSE ARCA,ETF,Active,
EMEQ,MACQUARIE FOCUSED EMERGING MARKETS EQUITY ETF,NASDAQ,ETF,Active,
EMET,VANECK COPPER AND ELECTRIFICATION METALS ETF,NYSE ARCA,ETF,Active,
EMF,Templeton Emerging Markets Fund,NYSE,ETF,Active,
EMFI,Pictet Emerging Markets Debt,NYSE ARCA,Stock,Active,
EMGC,Emerge EMPWR Sustainable Select Growth Equity ETF,BATS,ETF,Active,
EMGF,ISHARES EMERGING MARKETS EQUITY FACTOR ETF,BATS,ETF,Active,
EMHC,SPDR BLOOMBERG EMERGING MARKETS USD BOND ETF,NYSE ARCA,ETF,Active,
EMHY,ISHARES J.P. MORGAN EM HIGH YIELD BOND ETF,BATS,ETF,Active,
EMHY:BAT,iShares Emerging Markets High Yield Bond Fund,BATS,Stock,Active,
EMIF,ISHARES EMERGING MARKETS INFRASTRUCTURE ETF,NASDAQ,ETF,Active,
EMIS,Emmis Acquisition Corp - Class A,NASDAQ,Stock,Active,
EMISR,Emmis Acquisition Corp,NASDAQ,Stock,Active,
EML,Eastern Company,NASDAQ,Stock,Active,
EMLC,VANECK J.P. MORGAN EM LOCAL CURRENCY BOND ETF,NYSE ARCA,ETF,Active,
EMLC:BAT,Market Vectors Emerging Markets Local Currency Bond ETF,NYSE ARCA,ETF,Active,
EMLP,FIRST TRUST NORTH AMERICAN ENERGY INFRASTRUCTURE FUND,NYSE ARCA,ETF,Active,
EMLP:BAT,First Trust North American Energy Infrastructure Fund,NYSE ARCA,Stock,Active,
EMM,GLOBAL X EMERGING MARKETS EX-CHINA ETF,NYSE ARCA,ETF,Active,
EMMF,WISDOMTREE EMERGING MARKETS MULTIFACTOR FUND,NYSE ARCA,ETF,Active,
EMMY,Corgi Emerging Markets Equities 15 Structured Buffer ETF May Series,BATS,Stock,Active,
EMN,Eastman Chemical Company,NYSE,Stock,Active,
EMNT,PIMCO ENHANCED SHORT MATURITY ACTIVE ESG EXCHANGE-TRADED FUND,NYSE ARCA,ETF,Active,
EMO,ClearBridge Energy Midstream Opportunity Fund Inc,NYSE,ETF,Active,
EMO-R,ClearBridge Energy Midstream Opportunity Fund Inc Rights expiring October 10 2025 Rights,NYSE,Stock,Active,
EMO-R-W,ClearBridge Energy Midstream Opportunity Fund Inc Rights expiring October 10 2025 Rights when issued,NYSE,Stock,Active,
EMOT,FIRST TRUST S&P 500 ECONOMIC MOAT ETF,NYSE ARCA,ETF,Active,
EMP,Entergy Utility Enterprises Inc,NYSE,Stock,Active,
EMPD,Empery Digital Inc,NASDAQ,Stock,Active,
EMPG,Empro Group Inc,NASDAQ,Stock,Active,
EMPW,Emerge EMPWR Unified Sustainable Equity ETF,BATS,ETF,Active,
EMQQ,EMQQ THE EMERGING MARKETS INTERNET ETF,NYSE ARCA,ETF,Active,
EMR,Emerson Electric Company,NYSE,Stock,Active,
EMSF,MATTHEWS EMERGING MARKETS SUSTAINABLE FUTURE ACTIVE ETF,NYSE ARCA,ETF,Active,
EMTL,SPDR DOUBLELINE EMERGING MARKETS FIXED INCOME ETF,BATS,ETF,Active,
EMTY,PROSHARES DECLINE OF THE RETAIL STORE ETF,NYSE ARCA,ETF,Active,
EMXC,ISHARES MSCI EMERGING MARKETS EX CHINA ETF,NASDAQ,ETF,Active,
EMXF,ISHARES ESG ADVANCED MSCI EM ETF,NASDAQ,ETF,Active,
EMZA,Emerge EMPWR Sustainable Global Core Equity ETF,BATS,ETF,Active,
ENB,Enbridge Inc,NYSE,Stock,Active,
ENFR,ALERIAN ENERGY INFRASTRUCTURE ETF,NYSE ARCA,ETF,Active,
ENGN,enGene Holdings Inc,NASDAQ,Stock,Active,
ENGNW,enGene Holdings Inc - Warrants (31/10/2028),NASDAQ,Stock,Active,
ENGS,Energys Group Ltd,NASDAQ,Stock,Active,
ENHA,Enhanced Group Inc Class A,NYSE,Stock,Active,
ENHI,iShares Enhanced International Active ETF,NASDAQ,ETF,Active,
ENHU,iShares Enhanced Large Cap Core Active ETF,NASDAQ,ETF,Active,
ENIC,Enel Chile S.A.,NYSE,Stock,Active,
ENJ,Entergy New Orleans Inc,NYSE,Stock,Active,
ENLT,Enlight Renewable Energy Ltd,NASDAQ,Stock,Active,
ENLV,Enlivex Therapeutics Ltd,NASDAQ,Stock,Active,
ENO,Entergy New Orleans Inc,NYSE,Stock,Active,
ENOR,ISHARES MSCI NORWAY ETF,BATS,ETF,Active,
ENOV,Enovis Corp,NYSE,Stock,Active,
ENPH,Enphase Energy Inc,NASDAQ,Stock,Active,
ENPX,Tradr 2X Long ENPH Daily ETF,BATS,ETF,Active,
ENR,Energizer Holdings Inc,NYSE,Stock,Active,
ENS,Enersys,NYSE,Stock,Active,
ENSC,Ensysce Biosciences Inc,NASDAQ,Stock,Active,
ENSG,Ensign Group Inc,NASDAQ,Stock,Active,
ENTA,Enanta Pharmaceuticals Inc,NASDAQ,Stock,Active,
ENTG,Entegris Inc,NASDAQ,Stock,Active,
ENTX,Entera Bio Ltd,NASDAQ,Stock,Active,
ENTXW,Entera Bio Ltd - Warrants (02/07/2023),NASDAQ,Stock,Active,
ENVA,Enova International Inc,NYSE,Stock,Active,
ENVB,Enveric Biosciences Inc,NASDAQ,Stock,Active,
ENVX,Enovix Corporation,NASDAQ,Stock,Active,
ENX,Eaton Vance New York Municipal Bond Fund,NYSE MKT,ETF,Active,
ENZL,ISHARES MSCI NEW ZEALAND ETF,NASDAQ,ETF,Active,
EOCT,Innovator Emerging Markets Power Buffer ETF - October,NYSE ARCA,ETF,Active,
EOCW,Elliott Opportunity II Corp - Class A,NYSE,Stock,Active,
EOD,Allspring Global Dividend Opportunity Fund,NYSE,ETF,Active,
EOG,EOG Resources Inc,NYSE,Stock,Active,
EOI,Eaton Vance Enhanced Equity Income Fund,NYSE,ETF,Active,
EOLS,Evolus Inc,NASDAQ,Stock,Active,
EONR,HNR Acquisition Corp,NYSE MKT,Stock,Active,
EONR-WS,EON Resources Inc Wt Exp,AMEX,Stock,Active,
EONRWS,HNR Acquisition Corp - Warrants (04/02/2026),NYSE MKT,Stock,Active,
EOS,Eaton Vance Enhanced Equity Income Fund II,NYSE,ETF,Active,
EOSE,Eos Energy Enterprises Inc - Class A,NASDAQ,Stock,Active,
EOSEW,Eos Energy Enterprises Inc - Warrants (17/11/2025),NASDAQ,Stock,Active,
EOT,Eaton Vance National Municipal Opportunities Trust,NYSE,ETF,Active,
EP,Empire Petroleum Corporation,NYSE MKT,Stock,Active,
EP-P-C,El Paso Corporation Preferred Stock,NYSE,Stock,Active,
EPAC,Enerpac Tool Group Corp - Class A,NYSE,Stock,Active,
EPAI,Harbor AI Inflection Strategy ETF,NYSE ARCA,ETF,Active,
EPAM,EPAM Systems Inc,NYSE,Stock,Active,
EPC,Edgewell Personal Care Company,NYSE,Stock,Active,
EPD,Enterprise Products Partners L P,NYSE,Stock,Active,
EPHE,ISHARES MSCI PHILIPPINES ETF,NYSE ARCA,ETF,Active,
EPHE:BAT,Ishares Msci Philippines Etf,NYSE ARCA,Stock,Active,
EPI,WISDOMTREE INDIA EARNINGS FUND,NYSE ARCA,ETF,Active,
EPM,Evolution Petroleum Corporation,NYSE MKT,Stock,Active,
EPOL,ISHARES MSCI POLAND ETF,NYSE ARCA,ETF,Active,
EPOL:BAT,iShares MSCI Poland Capped ETF,NYSE ARCA,ETF,Active,
EPOW,Sunrise New Energy Co. Ltd,NASDAQ,Stock,Active,
EPP,ISHARES MSCI PACIFIC EX JAPAN ETF,NYSE ARCA,ETF,Active,
EPR,EPR Properties,NYSE,Stock,Active,
EPR-P-C,EPR Properties,NYSE,Stock,Active,
EPR-P-E,EPR Properties,NYSE,Stock,Active,
EPR-P-G,EPR Properties,NYSE,Stock,Active,
EPRF,Innovator S&P Investment Grade Preferred ETF,BATS,ETF,Active,
EPRT,Essential Properties Realty Trust Inc,NYSE,Stock,Active,
EPS,WISDOMTREE U.S. LARGECAP FUND,NYSE ARCA,ETF,Active,
EPSM,Epsium Enterprise Ltd,NASDAQ,Stock,Active,
EPSN,Epsilon Energy Ltd,NASDAQ,Stock,Active,
EPU,ISHARES MSCI PERU AND GLOBAL EXPOSURE ETF,NYSE ARCA,ETF,Active,
EPU:BAT,iShares MSCI All Peru Capped E,NYSE ARCA,Stock,Active,
EPV,ProShares UltraShort FTSE Europe -2X Shares,NYSE ARCA,ETF,Active,
EQ,Equillium Inc,NASDAQ,Stock,Active,
EQAL,INVESCO RUSSELL 1000 EQUAL WEIGHT ETF,NYSE ARCA,ETF,Active,
EQBK,Equity Bancshares Inc - Class A,NYSE,Stock,Active,
EQH,Equitable Holdings Inc,NYSE,Stock,Active,
EQH-P-A,Equitable Holdings Inc,NYSE,Stock,Active,
EQH-P-C,Equitable Holdings Inc,NYSE,Stock,Active,
EQIN,COLUMBIA U.S. EQUITY INCOME ETF,NYSE ARCA,ETF,Active,
EQIX,Equinix Inc,NASDAQ,Stock,Active,
EQL,ALPS EQUAL SECTOR WEIGHT ETF,NYSE ARCA,ETF,Active,
EQL:BAT,ALPS Equal Sector Weight ETF,NYSE ARCA,ETF,Active,
EQLT,ISHARES MSCI EMERGING MARKETS QUALITY FACTOR ETF,BATS,ETF,Active,
EQNR,Equinor ASA,NYSE,Stock,Active,
EQPT,Equipmentshare.Com Inc - Class A,NASDAQ,Stock,Active,
EQR,Equity Residential Properties Trust,NYSE,Stock,Active,
EQRR,PROSHARES EQUITIES FOR RISING RATES ETF,NASDAQ,ETF,Active,
EQS,Equus Total Return Inc,NYSE,Stock,Active,
EQT,EQT Corp,NYSE,Stock,Active,
EQTY,KOVITZ CORE EQUITY ETF,NYSE ARCA,ETF,Active,
EQWL,INVESCO S&P 100 EQUAL WEIGHT ETF,NYSE ARCA,ETF,Active,
EQWL:BAT,PowerShares Fundamental Pure Large Core Portfolio,NYSE ARCA,Stock,Active,
EQX,Equinox Gold Corp,NYSE MKT,Stock,Active,
ERAS,Erasca Inc,NASDAQ,Stock,Active,
ERC,Allspring Multi-Sector Income Fund,NYSE MKT,ETF,Active,
ERET,ISHARES ENVIRONMENTALLY AWARE REAL ESTATE ETF,NASDAQ,ETF,Active,
ERH,Allspring Utilities and High Income Fund,NYSE MKT,ETF,Active,
ERIC,Telefonaktiebolaget L M Ericsson,NASDAQ,Stock,Active,
ERIE,Erie Indemnity Co. - Class A,NASDAQ,Stock,Active,
ERII,Energy Recovery Inc,NASDAQ,Stock,Active,
ERNA,Ernexa Therapeutics Inc,NASDAQ,Stock,Active,
ERNAW,Ernexa Therapeutics Inc Warrants,NASDAQ,Stock,Active,
ERNZ,TRUESHARES ACTIVE YIELD ETF,NASDAQ,ETF,Active,
ERO,Ero Copper Corp,NYSE,Stock,Active,
EROK,EagleRock Land LLC - Class A,NYSE,Stock,Active,
ERTH,INVESCO MSCI SUSTAINABLE FUTURE ETF,NYSE ARCA,ETF,Active,
ERX,DIREXION DAILY ENERGY BULL 2X SHARES,NYSE ARCA,ETF,Active,
ERX:BAT,Direxion Daily Energy Bull 3x Shares,NYSE ARCA,ETF,Active,
ERY,DIREXION DAILY ENERGY BEAR 2X SHARES,NYSE ARCA,ETF,Active,
ERY:BAT,Direxion Daily Energy Bear 3x Shares,NYSE ARCA,ETF,Active,
ES,Eversource Energy,NYSE,Stock,Active,
ESAB,ESAB Corp,NYSE,Stock,Active,
ESBA,Empire State Realty OP LP,NYSE ARCA,Stock,Active,
ESBG,First Trust Enhanced Stocks Bonds & Gold ETF,NYSE ARCA,ETF,Active,
ESCA,Escalade Inc,NASDAQ,Stock,Active,
ESE,Esco Technologies Inc,NYSE,Stock,Active,
ESEA,Euroseas Ltd,NASDAQ,Stock,Active,
ESEAV,Euroseas Ltd ExDistribution When Issued,NASDAQ,Stock,Active,
ESG,FLEXSHARES STOXX US ESG SELECT INDEX FUND,BATS,ETF,Active,
ESGD,ISHARES ESG AWARE MSCI EAFE ETF,NASDAQ,ETF,Active,
ESGE,ISHARES ESG AWARE MSCI EM ETF,NASDAQ,ETF,Active,
ESGG,FLEXSHARES STOXX GLOBAL ESG SELECT INDEX FUND,BATS,ETF,Active,
ESGR,Enstar Group Ltd,NASDAQ,Stock,Active,
ESGU,ISHARES ESG AWARE MSCI USA ETF,NASDAQ,ETF,Active,
ESGV,VANGUARD ESG U.S. STOCK ETF ETF SHARES,BATS,ETF,Active,
ESGX,Tuttle Capital Shareholders First Index ETF,BATS,ETF,Active,
ESHA,ESH Acquisition Corp - Class A,NASDAQ,Stock,Active,
ESHAR,ESH Acquisition Corp,NASDAQ,Stock,Active,
ESI,Element Solutions Inc,NYSE,Stock,Active,
ESLA,Estrella Immunopharma Inc,NASDAQ,Stock,Active,
ESLAW,Estrella Immunopharma Inc - Warrants (29/09/2028),NASDAQ,Stock,Active,
ESLT,Elbit Systems Ltd,NASDAQ,Stock,Active,
ESML,ISHARES ESG AWARE MSCI USA SMALL-CAP ETF,BATS,ETF,Active,
ESMV,ISHARES ESG MSCI USA MIN VOL FACTOR ETF,NASDAQ,ETF,Active,
ESN,ESSENTIAL 40 STOCK ETF,NASDAQ,ETF,Active,
ESNT,Essent Group Ltd,NYSE,Stock,Active,
ESOA,Energy Services of America Corp,NASDAQ,Stock,Active,
ESP,Espey Manufacturing & Electronics Corp,NYSE MKT,Stock,Active,
ESPO,VANECK VIDEO GAMING AND ESPORTS ETF,NASDAQ,ETF,Active,
ESPR,Esperion Therapeutics Inc,NASDAQ,Stock,Active,
ESQ,Esquire Financial Holdings Inc,NASDAQ,Stock,Active,
ESRT,Empire State Realty Trust Inc - Class A,NYSE,Stock,Active,
ESS,Essex Property Trust Inc,NYSE,Stock,Active,
ESSC,EVENTIDE SMALL CAP ETF,NYSE ARCA,ETF,Active,
ESTA,Establishment Labs Holdings Inc,NASDAQ,Stock,Active,
ESTC,Elastic N.V,NYSE,Stock,Active,
ESUM,Eventide US Market ETF,NYSE ARCA,ETF,Active,
ET,Energy Transfer LP,NYSE,Stock,Active,
ET-P-I,Energy Transfer LP,NYSE,Stock,Active,
ETB,Eaton Vance Tax-Managed Buy-Write Income Fund,NYSE,ETF,Active,
ETCO,GRAYSCALE ETHEREUM COVERED CALL ETF,NYSE ARCA,Stock,Active,
ETD,Ethan Allen Interiors Inc,NYSE,Stock,Active,
ETEC,ISHARES BREAKTHROUGH ENVIRONMENTAL SOLUTIONS ETF,NASDAQ,ETF,Active,
ETFC:BAT,ETRADE Financial Corporation,NASDAQ,Stock,Active,
ETFT,Fundsmith Equity ETF,NYSE ARCA,ETF,Active,
ETG,Eaton Vance Tax-Advantaged Global Dividend Income Fund,NYSE,ETF,Active,
ETH,Grayscale Investments LLC,NYSE ARCA,Stock,Active,
ETHA,iShares Ethereum Trust (The),NASDAQ,ETF,Active,
ETHB,iShares Staked Ethereum Trust ETF,NASDAQ,ETF,Active,
ETHD,ProShares UltraShort Ether ETF,NYSE ARCA,ETF,Active,
ETHI,Defiance Leveraged Long Income Ethereum ETF,NASDAQ,ETF,Active,
ETHM,Dynamix Corporation,NASDAQ,Stock,Active,
ETHMW,Dynamix Corporation Warrant,NASDAQ,Stock,Active,
ETHO,Amplify Etho Climate Leadership U.S. ETF,NYSE ARCA,ETF,Active,
ETHT,ProShares Ultra Ether ETF,NYSE ARCA,ETF,Active,
ETHU,2X ETHER ETF,BATS,ETF,Active,
ETHV,VanEck Ethereum ETF,BATS,ETF,Active,
ETHW,Bitwise Ethereum ETF (The),NYSE ARCA,ETF,Active,
ETI-P,Entergy Texas Inc,NYSE,Stock,Active,
ETJ,Eaton Vance Risk-Managed Diversified Equity Income Fund,NYSE,ETF,Active,
ETN,Eaton Corporation plc,NYSE,Stock,Active,
ETNG,Leverage Shares 2X Long ETN Daily,BATS,Stock,Active,
ETO,Eaton Vance Tax-Advantaged Global Dividend Opportunities Fund,NYSE,ETF,Active,
ETON,Eton Pharmaceuticals Inc,NASDAQ,Stock,Active,
ETOR,Etoro Group Ltd - Class A,NASDAQ,Stock,Active,
ETR,Entergy Corp,NYSE,Stock,Active,
ETRL,GraniteShares 2x Long ETOR Daily ETF,NASDAQ,ETF,Active,
ETS,Elite Express Holding Inc - Class A,NASDAQ,Stock,Active,
ETSS-U,Energy Transition Special Opportunities - Units (1 Ord Cls A & 1/2 War),NYSE,Stock,Active,
ETSY,Etsy Inc,NYSE,Stock,Active,
ETTY,Amplify Ethereum 3 Monthly Option Income ETF,BATS,ETF,Active,
ETU,T-REX 2X LONG ETHER DAILY TARGET ETF,BATS,ETF,Active,
ETV,Eaton Vance Tax-Managed Buy-Write Opportunities Fund,NYSE,ETF,Active,
ETW,Eaton Vance Tax-Managed Global Buy-Write Opportunities Fund,NYSE,ETF,Active,
ETX,Eaton Vance Municipal Income 2028 Term Trust,NYSE,ETF,Active,
ETY,Eaton Vance Tax-Managed Diversified Equity Income Fund,NYSE,ETF,Active,
EU,enCore Energy Corp,NYSE MKT,Stock,Active,
EUAD,SELECT STOXX EUROPE AEROSPACE & DEFENSE ETF,BATS,ETF,Active,
EUDA,Euda Health Holdings Ltd,NASDAQ,Stock,Active,
EUDAW,Euda Health Holdings Ltd - Warrants (17/11/2027),NASDAQ,Stock,Active,
EUDG,WISDOMTREE EUROPE QUALITY DIVIDEND GROWTH FUND,NYSE ARCA,ETF,Active,
EUDV,PROSHARES MSCI EUROPE DIVIDEND GROWERS,BATS,ETF,Active,
EUFN,ISHARES MSCI EUROPE FINANCIALS ETF,NASDAQ,ETF,Active,
EUHY,iShares International High Yield Bond ETF,BATS,ETF,Active,
EUIG,iShares Euro Investment Grade Corporate Bond USD Hedged ETF,BATS,ETF,Active,
EUM,ProShares Short MSCI Emerging Markets -1x Shares,NYSE ARCA,ETF,Active,
EUO,ProShares UltraShort Euro -2X Shares,NYSE ARCA,ETF,Active,
EUO:BAT,ProShares UltraShort Euro,NYSE ARCA,Stock,Active,
EURK,Eureka Acquisition Corp - Class A,NASDAQ,Stock,Active,
EURKR,Eureka Acquisition Corp,NASDAQ,Stock,Active,
EURKU,Eureka Acquisition Corp - Units (1 Ord Class A & 1 Rts),NASDAQ,Stock,Active,
EURL,DIREXION DAILY FTSE EUROPE BULL 3X SHARES,NYSE ARCA,ETF,Active,
EUSA,ISHARES MSCI USA EQUAL WEIGHTED ETF,NYSE ARCA,ETF,Active,
EUSA:BAT,iShares MSCI USA ETF,NYSE ARCA,ETF,Active,
EUSB,ISHARES ESG ADVANCED TOTAL USD BOND MARKET ETF,NYSE ARCA,ETF,Active,
EUV,Corgi Lithography & Semiconductor Photonics,BATS,Stock,Active,
EVAC,EDWARDS GROUP LTD Foreign,NYSE,Stock,Active,
EVAC-U,Eqv Ventures Acquisition Corp II - Units (1 Ord Cls A & 1 War),NYSE,Stock,Active,
EVAC-WS,EQV Ventures Acquisition Corp II Redeemable Warrants each whole warrant exercisable for one Class A ordinary share at an exercise price of 11.50 per share,NYSE,Stock,Active,
EVAX,Evaxion Biotech A/S,NASDAQ,Stock,Active,
EVC,Entravision Communications Corp - Class A,NYSE,Stock,Active,
EVCM,EverCommerce Inc,NASDAQ,Stock,Active,
EVER,EverQuote Inc - Class A,NASDAQ,Stock,Active,
EVEX,Eve Holding Inc,NYSE,Stock,Active,
EVEX-WS,Eve Holding Inc Warrants each exercisable for one share of Common Stock at an exercise price of 11.50 per share,NYSE,Stock,Active,
EVF,Eaton Vance Senior Income Trust,NYSE,ETF,Active,
EVG,Eaton Vance Short Duration Diversified Income Fund,NYSE,ETF,Active,
EVGN,Evogene Ltd,NASDAQ,Stock,Active,
EVGO,EVgo Inc - Class A,NASDAQ,Stock,Active,
EVGOW,EVgo Inc - Warrants (28/06/2026),NASDAQ,Stock,Active,
EVH,Evolent Health Inc - Class A,NYSE,Stock,Active,
EVHY,EATON VANCE HIGH YIELD ETF,NYSE ARCA,ETF,Active,
EVI,EVI Industries Inc,NYSE MKT,Stock,Active,
EVIM,EATON VANCE INTERMEDIATE MUNICIPAL INCOME ETF,NYSE ARCA,ETF,Active,
EVIX,VelocityShares 1x Long VSTOXX Futures ETN,BATS,ETF,Active,
EVLN,Eaton Vance Floating-Rate ETF,NYSE ARCA,ETF,Active,
EVLU,ISHARES MSCI EMERGING MARKETS VALUE FACTOR ETF,BATS,ETF,Active,
EVLV,Evolv Technologies Holdings Inc - Class A,NASDAQ,Stock,Active,
EVLVW,Evolv Technologies Holdings Inc - Warrants (16/07/2026),NASDAQ,Stock,Active,
EVM,Eaton Vance California Municipal Bond Fund,NYSE MKT,ETF,Active,
EVMN,Evommune Inc,NYSE,Stock,Active,
EVMO,EATON VANCE MORTGAGE OPPORTUNITIES ETF,BATS,ETF,Active,
EVMT,Invesco Electric Vehicle Metals Commodity Strategy No K-1 ETF,NASDAQ,ETF,Active,
EVN,Eaton Vance Municipal Income Trust,NYSE,ETF,Active,
EVNT,ALTSHARES EVENT-DRIVEN ETF,NYSE ARCA,ETF,Active,
EVO,Evotec SE,NASDAQ,Stock,Active,
EVOX,Evolution Global Acquisition Corp - Class A,NASDAQ,Stock,Active,
EVOXU,Evolution Global Acquisition Corp - Units (1 Ord Cls A & 1/2 War),NASDAQ,Stock,Active,
EVOXW,Evolution Global Acquisition Corp - Warrants (22/10/2030),NASDAQ,Stock,Active,
EVPF,Eaton Vance Preferred Securities and Income ETF,NASDAQ,ETF,Active,
EVR,Evercore Inc - Class A,NYSE,Stock,Active,
EVRG,Evergy Inc,NASDAQ,Stock,Active,
EVSB,EATON VANCE ULTRA-SHORT INCOME ETF,NYSE ARCA,ETF,Active,
EVSD,Eaton Vance Short Duration Income ETF,NASDAQ,ETF,Active,
EVSM,EATON VANCE SHORT DURATION MUNICIPAL INCOME ETF,NYSE ARCA,ETF,Active,
EVT,Eaton Vance Tax Advantaged Dividend Income Fund,NYSE,ETF,Active,
EVTC,Evertec Inc,NYSE,Stock,Active,
EVTL,Vertical Aerospace Ltd,NYSE,Stock,Active,
EVTL-WS,Vertical Aerospace Ltd Warrants each whole warrant exercisable for one ordinary share at an exercise price of 11.50 per share,NYSE,Stock,Active,
EVTR,EATON VANCE TOTAL RETURN BOND ETF,NASDAQ,ETF,Active,
EVTV,Envirotech Vehicles Inc,NASDAQ,Stock,Active,
EVUS,ISHARES ESG AWARE MSCI USA VALUE ETF,BATS,ETF,Active,
EVV,Eaton Vance Ltd Duration Income Fund,NYSE MKT,ETF,Active,
EVX,VANECK ENVIRONMENTAL SERVICES ETF,NYSE ARCA,ETF,Active,
EVYM,EATON VANCE HIGH INCOME MUNICIPAL ETF,NASDAQ,ETF,Active,
EW,Edwards Lifesciences Corp,NYSE,Stock,Active,
EWA,ISHARES MSCI AUSTRALIA ETF,NYSE ARCA,ETF,Active,
EWBC,East West Bancorp Inc,NASDAQ,Stock,Active,
EWC,iShares MSCI Canada ETF,NYSE ARCA,ETF,Active,
EWD,ISHARES MSCI SWEDEN ETF,NYSE ARCA,ETF,Active,
EWEB,Global X Emerging Markets Internet & E-commerce ETF,NASDAQ,ETF,Active,
EWG,ISHARES MSCI GERMANY ETF,NYSE ARCA,ETF,Active,
EWGS,iShares MSCI Germany Small-Cap ETF,BATS,ETF,Active,
EWH,ISHARES MSCI HONG KONG ETF,NYSE ARCA,ETF,Active,
EWI,ISHARES MSCI ITALY ETF,NYSE ARCA,ETF,Active,
EWJ,ISHARES MSCI JAPAN ETF,NYSE ARCA,ETF,Active,
EWJV,ISHARES MSCI JAPAN VALUE ETF,NASDAQ,ETF,Active,
EWK,ISHARES MSCI BELGIUM ETF,NYSE ARCA,ETF,Active,
EWL,ISHARES MSCI SWITZERLAND ETF,NYSE ARCA,ETF,Active,
EWM,ISHARES MSCI MALAYSIA ETF,NYSE ARCA,ETF,Active,
EWN,ISHARES MSCI NETHERLANDS ETF,NYSE ARCA,ETF,Active,
EWO,ISHARES MSCI AUSTRIA ETF,NYSE ARCA,ETF,Active,
EWP,ISHARES MSCI SPAIN ETF,NYSE ARCA,ETF,Active,
EWQ,ISHARES MSCI FRANCE ETF,NYSE ARCA,ETF,Active,
EWS,ISHARES MSCI SINGAPORE ETF,NYSE ARCA,ETF,Active,
EWT,ISHARES MSCI TAIWAN ETF,NYSE ARCA,ETF,Active,
EWTX,Edgewise Therapeutics Inc,NASDAQ,Stock,Active,
EWU,ISHARES MSCI UNITED KINGDOM ETF,NYSE ARCA,ETF,Active,
EWUS,ISHARES MSCI UNITED KINGDOM SMALL-CAP ETF,BATS,ETF,Active,
EWUS:BAT,iShares MSCI United Kingdom Small Cap Index Fund,BATS,Stock,Active,
EWV,ProShares UltraShort MSCI Japan -2x Shares,NYSE ARCA,ETF,Active,
EWW,ISHARES MSCI MEXICO ETF,NYSE ARCA,ETF,Active,
EWX,SPDR(R) S&P(R) EMERGING MARKETS SMALL CAP ETF,NYSE ARCA,ETF,Active,
EWY,ISHARES MSCI SOUTH KOREA ETF,NYSE ARCA,ETF,Active,
EWZ,ISHARES MSCI BRAZIL ETF,NYSE ARCA,ETF,Active,
EWZS,ISHARES MSCI BRAZIL SMALL-CAP ETF,NASDAQ,ETF,Active,
EXC,Exelon Corp,NASDAQ,Stock,Active,
EXE,Chesapeake Energy Corp - New,NASDAQ,Stock,Active,
EXEEL,Expand Energy Corp - Warrants - Class C (09/02/2026),NASDAQ,Stock,Active,
EXEEW,Expand Energy Corp - Warrants - Class A (09/02/2026),NASDAQ,Stock,Active,
EXEEZ,Expand Energy Corp - Warrants - Class B (09/02/2026),NASDAQ,Stock,Active,
EXEL,Exelixis Inc,NASDAQ,Stock,Active,
EXEQ,Wedbush ReturnOnLeadership U.S. LargeCap,NYSE ARCA,Stock,Active,
EXFY,Expensify Inc - Class A,NASDAQ,Stock,Active,
EXG,Eaton Vance Tax-Managed Global Diversified Equity Income Fund,NYSE,ETF,Active,
EXI,ISHARES GLOBAL INDUSTRIALS ETF,NYSE ARCA,ETF,Active,
EXI:BAT,iShares Global Industrials ETF,NYSE ARCA,ETF,Active,
EXK,Endeavour Silver Corp,NYSE,Stock,Active,
EXLS,ExlService Holdings Inc,NASDAQ,Stock,Active,
EXOZ,Invizyne Technologies Inc,NASDAQ,Stock,Active,
EXP,Eagle Materials Inc,NYSE,Stock,Active,
EXPD,Expeditors International Of Washington Inc,NYSE,Stock,Active,
EXPE,Expedia Group Inc,NASDAQ,Stock,Active,
EXPO,Exponent Inc,NASDAQ,Stock,Active,
EXR,Extra Space Storage Inc,NYSE,Stock,Active,
EXTO-W,Almacenes Exito S.A. American Depositary Share each representing eight 8 WhenIssued,NYSE,Stock,Active,
EXTR,Extreme Networks Inc,NASDAQ,Stock,Active,
EXUS,MACQUARIE FOCUSED INTERNATIONAL CORE ETF,NASDAQ,ETF,Active,
EXYN,Exyn Technologies Inc,NASDAQ,Stock,Active,
EXYNW,Exyn Technologies Inc Warrant,NASDAQ,Stock,Active,
EYE,National Vision Holdings Inc,NASDAQ,Stock,Active,
EYEG,AB CORPORATE BOND ETF,NASDAQ,ETF,Active,
EYES,nan,NASDAQ,Stock,Active,
EYLD,CAMBRIA EMERGING SHAREHOLDER YIELD ETF,BATS,ETF,Active,
EYPT,EyePoint Pharmaceuticals Inc,NASDAQ,Stock,Active,
EZA,ISHARES MSCI SOUTH AFRICA ETF,NYSE ARCA,ETF,Active,
EZBC,Franklin Templeton Digital Holdings Trust,BATS,Stock,Active,
EZET,Franklin Ethereum Trust,BATS,ETF,Active,
EZGO,EZGO Technologies Ltd,NASDAQ,Stock,Active,
EZJ,PROSHARES ULTRA MSCI JAPAN,NYSE ARCA,ETF,Active,
EZM,WISDOMTREE U.S. MIDCAP FUND,NYSE ARCA,ETF,Active,
EZPW,EZCorp Inc - Class A,NASDAQ,Stock,Active,
EZPZ,Franklin Crypto Index ETF,BATS,ETF,Active,
EZRA,Reliance Global Group Inc,NASDAQ,Stock,Active,
EZRAW,Reliance Global Group Inc Series A Warrants,NASDAQ,Stock,Active,
EZU,ISHARES MSCI EUROZONE ETF,BATS,ETF,Active,
F,Ford Motor Company,NYSE,Stock,Active,
F-P-B,Ford Motor Company 620 Notes due June 1 2059,NYSE,Stock,Active,
F-P-C,Ford Motor Company 6% Note,NYSE,Stock,Active,
F-P-D,Ford Motor Company 6.500 Notes due August 15 2062,NYSE,Stock,Active,
FA,First Advantage Corp,NASDAQ,Stock,Active,
FAAR,FIRST TRUST ALTERNATIVE ABSOLUTE RETURN STRATEGY ETF,NASDAQ,ETF,Active,
FAAS,DigiAsia Corp,NASDAQ,Stock,Active,
FAASW,DigiAsia Corp - Warrants (02/04/2029),NASDAQ,Stock,Active,
FAB,FIRST TRUST MULTI CAP VALUE ALPHADEX FUND,NASDAQ,ETF,Active,
FABC,Fabric.AI Inc,NASDAQ,Stock,Active,
FACT,FACT II Acquisition Corp - Class A,NASDAQ,Stock,Active,
FACTU,FACT II Acquisition Corp - Units (1 Ord Class A & 1/2 War),NASDAQ,Stock,Active,
FACTW,FACT II Acquisition Corp - Warrants (01/01/9999),NASDAQ,Stock,Active,
FAD,FIRST TRUST MULTI CAP GROWTH ALPHADEX FUND,NASDAQ,ETF,Active,
FAF,First American Financial Corp,NYSE,Stock,Active,
FALN,ISHARES FALLEN ANGELS USD BOND ETF,NASDAQ,ETF,Active,
FAM,First Trust-abrdn Global Opportunity Income Fund,NYSE,ETF,Active,
FAMI,Farmmi Inc,NASDAQ,Stock,Active,
FAN,FIRST TRUST GLOBAL WIND ENERGY ETF,NYSE ARCA,ETF,Active,
FANG,Diamondback Energy Inc,NASDAQ,Stock,Active,
FAPR,FT VEST U.S. EQUITY BUFFER ETF - APRIL,BATS,ETF,Active,
FARO,Faro Technologies Inc,NASDAQ,Stock,Active,
FAS,DIREXION DAILY FINANCIAL BULL 3X SHARES,NYSE ARCA,ETF,Active,
FAST,Fastenal Company,NASDAQ,Stock,Active,
FATAV,FAT Brands Inc,NASDAQ,Stock,Active,
FATBV,FAT Brands Inc,NASDAQ,Stock,Active,
FATBW,FAT Brands Inc - Warrants (16/07/2025),NASDAQ,Stock,Active,
FATE,Fate Therapeutics Inc,NASDAQ,Stock,Active,
FATN,Fatpipe Inc,NASDAQ,Stock,Active,
FAUG,FT VEST U.S. EQUITY BUFFER ETF - AUGUST,BATS,ETF,Active,
FAX,abrdn Asia-Pacific Income Fund Inc,NYSE MKT,ETF,Active,
FAZ,DIREXION DAILY FINANCIAL BEAR 3X SHARES,NYSE ARCA,ETF,Active,
FAZ:BAT,Direxion Daily Financial Bear 3x Shares,NYSE ARCA,ETF,Active,
FB,ProShares S&P 500 Dynamic Buffer ETF,BATS,ETF,Active,
FBCG,FIDELITY BLUE CHIP GROWTH ETF,BATS,ETF,Active,
FBCV,FIDELITY BLUE CHIP VALUE ETF,BATS,ETF,Active,
FBDC,First Trust ExchangeTraded Fund VIII FT Confluence BDC & Specialty Finance Income,NYSE ARCA,Stock,Active,
FBGL,FBS Global Ltd,NASDAQ,Stock,Active,
FBIN,Fortune Brands Innovations Inc,NYSE,Stock,Active,
FBIO,Fortress Biotech Inc,NASDAQ,Stock,Active,
FBIOP,Fortress Biotech Inc,NASDAQ,Stock,Active,
FBIZ,First Business Financial Services Inc,NASDAQ,Stock,Active,
FBK,FB Financial Corp,NYSE,Stock,Active,
FBL,GRANITESHARES 2X LONG META DAILY ETF,NASDAQ,ETF,Active,
FBLA,FB Bancorp Inc,NASDAQ,Stock,Active,
FBLG,FibroBiologics Inc,NASDAQ,Stock,Active,
FBNC,First Bancorp,NASDAQ,Stock,Active,
FBND,FIDELITY TOTAL BOND ETF,NYSE ARCA,ETF,Active,
FBOT,FIDELITY DISRUPTIVE AUTOMATION ETF,NASDAQ,ETF,Active,
FBP,First Bancorp PR,NYSE,Stock,Active,
FBRT,Franklin BSP Realty Trust Inc,NYSE,Stock,Active,
FBRT-P-E,Franklin BSP Realty Trust Inc,NYSE,Stock,Active,
FBRX,Forte Biosciences Inc,NASDAQ,Stock,Active,
FBSS:BAT,Fauquier Bankshares Inc,NASDAQ,Stock,Active,
FBT,FIRST TRUST NYSE ARCA BIOTECHNOLOGY INDEX FUND,NYSE ARCA,ETF,Active,
FBTC,Fidelity Wise Origin Bitcoin Fund,BATS,ETF,Active,
FBUF,Fidelity Dynamic Buffered Equity ETF,BATS,ETF,Active,
FBY,YIELDMAX(R) META OPTION INCOME STRATEGY ETF,NYSE ARCA,ETF,Active,
FBYD,Falcon`s Beyond Global Inc - Class A,NASDAQ,Stock,Active,
FBYDW,Falcon`s Beyond Global Inc - Warrants (16/03/2026),NASDAQ,Stock,Active,
FBYY,GRANITESHARES YIELDBOOST META ETF,NASDAQ,ETF,Active,
FC,Franklin Covey Company,NYSE,Stock,Active,
FCA,FIRST TRUST CHINA ALPHADEX FUND,NASDAQ,ETF,Active,
FCAL,FIRST TRUST CALIFORNIA MUNICIPAL HIGH INCOME ETF,NASDAQ,ETF,Active,
FCAP,First Capital Inc,NASDAQ,Stock,Active,
FCBC,First Community Bankshares Inc,NASDAQ,Stock,Active,
FCCO,First Community Corp,NASDAQ,Stock,Active,
FCEF,FIRST TRUST INCOME OPPORTUNITIES ETF,NASDAQ,ETF,Active,
FCEL,Fuelcell Energy Inc,NASDAQ,Stock,Active,
FCF,First Commonwealth Financial Corp,NYSE,Stock,Active,
FCFS,FirstCash Holdings Inc,NASDAQ,Stock,Active,
FCFY,FIRST TRUST S&P 500 DIVERSIFIED FREE CASH FLOW ETF,NYSE ARCA,ETF,Active,
FCG,FIRST TRUST NATURAL GAS ETF,NYSE ARCA,ETF,Active,
FCHL,Fitness Champs Holdings Ltd,NASDAQ,Stock,Active,
FCLD,Fidelity Cloud Computing ETF,BATS,ETF,Active,
FCN,FTI Consulting Inc,NYSE,Stock,Active,
FCNCA,First Citizens Bancshares Inc (NC) - Class A,NASDAQ,Stock,Active,
FCNCO,First Citizens Bancshares Inc (NC),NASDAQ,Stock,Active,
FCNCP,First Citizens Bancshares Inc (NC),NASDAQ,Stock,Active,
FCO,abrdn Global Income Fund Inc,NYSE MKT,ETF,Active,
FCOM,FIDELITY MSCI COMMUNICATION SERVICES INDEX ETF,NYSE ARCA,ETF,Active,
FCOR,FIDELITY CORPORATE BOND ETF,NYSE ARCA,ETF,Active,
FCPI,FIDELITY STOCKS FOR INFLATION ETF,BATS,ETF,Active,
FCPT,Four Corners Property Trust Inc,NYSE,Stock,Active,
FCRS,FutureCrest Acquisition Corp Class A,NYSE,Stock,Active,
FCRS-U,FutureCrest Acquisition Corp Units each consisting of one Class A ordinary share and onequarter of one redeemable warrant,NYSE,Stock,Active,
FCRS-WS,FutureCrest Acquisition Corp Redeemable warrants each whole warrant exercisable for one Class A ordinary share at an exercise price of 11.50,NYSE,Stock,Active,
FCRX,Crescent Capital BDC Inc,NYSE,Stock,Active,
FCSH,FEDERATED HERMES SHORT DURATION CORPORATE ETF,NYSE ARCA,ETF,Active,
FCT,First Trust Senior Floting Rate Income Fund II,NASDAQ,ETF,Active,
FCTE,SMI 3FOURTEEN FULL-CYCLE TREND ETF,NASDAQ,ETF,Active,
FCTR,FIRST TRUST LUNT U.S. FACTOR ROTATION ETF,BATS,ETF,Active,
FCUS,PINNACLE FOCUSED OPPORTUNITIES ETF,NYSE ARCA,ETF,Active,
FCUV,Focus Universal Inc,NASDAQ,Stock,Active,
FCVT,FIRST TRUST SSI STRATEGIC CONVERTIBLE SECURITIES ETF,NASDAQ,ETF,Active,
FCX,Freeport-McMoRan Inc,NYSE,Stock,Active,
FCXG,Leverage Shares 2x Long FCX Daily ETF,NASDAQ,ETF,Active,
FDAT,Tactical Advantage ETF,NYSE ARCA,ETF,Active,
FDBC,Fidelity D&D Bancorp Inc,NASDAQ,Stock,Active,
FDCF,FIDELITY DISRUPTIVE COMMUNICATIONS ETF,NASDAQ,ETF,Active,
FDD,FIRST TRUST STOXX EUROPEAN SELECT DIVIDEND INDEX FUND,NYSE ARCA,ETF,Active,
FDEC,FT VEST U.S. EQUITY BUFFER ETF - DECEMBER,BATS,ETF,Active,
FDEM,FIDELITY EMERGING MARKETS MULTIFACTOR ETF,BATS,ETF,Active,
FDEU,First Trust Dynamic Europe Equity Income Fund,NYSE,ETF,Active,
FDEV,FIDELITY INTERNATIONAL MULTIFACTOR ETF,BATS,ETF,Active,
FDFF,FIDELITY DISRUPTIVE FINANCE ETF,NASDAQ,ETF,Active,
FDG,AMERICAN CENTURY FOCUSED DYNAMIC GROWTH ETF,NYSE ARCA,ETF,Active,
FDHY,FIDELITY ENHANCED HIGH YIELD ETF,NYSE ARCA,ETF,Active,
FDIF,FIDELITY DISRUPTORS ETF,NASDAQ,ETF,Active,
FDIG,Fidelity Crypto Industry and Digital Payments ETF,NASDAQ,ETF,Active,
FDIQ,Invesco KBW Regional Banking ETF,NASDAQ,ETF,Active,
FDIS,FIDELITY MSCI CONSUMER DISCRETIONARY INDEX ETF,NYSE ARCA,ETF,Active,
FDIV,MARKETDESK FOCUSED U.S. DIVIDEND ETF,NASDAQ,ETF,Active,
FDL,FIRST TRUST MORNINGSTAR DIVIDEND LEADERS INDEX FUND,NYSE ARCA,ETF,Active,
FDLO,FIDELITY LOW VOLATILITY FACTOR ETF,NYSE ARCA,ETF,Active,
FDLS,INSPIRE FIDELIS MULTI FACTOR ETF,NYSE ARCA,ETF,Active,
FDM,FIRST TRUST DOW JONES SELECT MICROCAP INDEX FUND,NYSE ARCA,ETF,Active,
FDMO,FIDELITY MOMENTUM FACTOR ETF,NYSE ARCA,ETF,Active,
FDMT,4D Molecular Therapeutics Inc,NASDAQ,Stock,Active,
FDN,FIRST TRUST DOW JONES INTERNET INDEX FUND,NYSE ARCA,ETF,Active,
FDND,FT VEST DOW JONES INTERNET & TARGET INCOME ETF,BATS,ETF,Active,
FDNI,FIRST TRUST DOW JONES INTERNATIONAL INTERNET ETF,NASDAQ,ETF,Active,
FDP,Fresh Del Monte Produce Inc,NYSE,Stock,Active,
FDRR,FIDELITY DIVIDEND ETF FOR RISING RATES,NYSE ARCA,ETF,Active,
FDRS,FounderLed ETF,NASDAQ,ETF,Active,
FDRV,Fidelity Electric Vehicles and Future Transportation ETF,BATS,ETF,Active,
FDRX,FounderLed 2X Daily ETF,NASDAQ,ETF,Active,
FDS,Factset Research Systems Inc,NYSE,Stock,Active,
FDSB,Fifth District Bancorp Inc,NASDAQ,Stock,Active,
FDT,FIRST TRUST DEVELOPED MARKETS EX-US ALPHADEX FUND,NASDAQ,ETF,Active,
FDTS,FIRST TRUST DEVELOPED MARKETS EX-US SMALL CAP ALPHADEX FUND,NASDAQ,ETF,Active,
FDTX,FIDELITY DISRUPTIVE TECHNOLOGY ETF,NASDAQ,ETF,Active,
FDUS,Fidus Investment Corp,NASDAQ,Stock,Active,
FDV,FEDERATED HERMES U.S. STRATEGIC DIVIDEND ETF,NYSE ARCA,ETF,Active,
FDVV,FIDELITY HIGH DIVIDEND ETF,NYSE ARCA,ETF,Active,
FDX,Fedex Corp,NYSE,Stock,Active,
FE,Firstenergy Corp,NYSE,Stock,Active,
FEAM,5E Advanced Materials Inc,NASDAQ,Stock,Active,
FEAT,YieldMax Dorsey Wright Featured 5 Income ETF,NASDAQ,ETF,Active,
FEBO,Fenbo Holdings Ltd,NASDAQ,Stock,Active,
FEBP,PGIM S&P 500 BUFFER 12 ETF - FEBRUARY,BATS,ETF,Active,
FEBT,ALLIANZIM U.S. EQUITY BUFFER10 FEB ETF,NYSE ARCA,ETF,Active,
FEBU,ALLIANZIM U.S. EQUITY BUFFER15 UNCAPPED FEB ETF,BATS,ETF,Active,
FEBW,ALLIANZIM U.S. EQUITY BUFFER20 FEB ETF,NYSE ARCA,ETF,Active,
FEBZ,TRUESHARES STRUCTURED OUTCOME (FEBRUARY) ETF,BATS,ETF,Active,
FEDM,FLEXSHARES ESG & CLIMATE DEVELOPED MARKETS EX-US CORE INDEX FUND,NYSE ARCA,ETF,Active,
FEDU,Four Seasons Education (Cayman) Inc,NYSE,Stock,Active,
FEED,ENvue Medical Inc,NASDAQ,Stock,Active,
FEI,First Trust MLP and Energy Income Fund,NYSE,ETF,Active,
FEIG,FLEXSHARES ESG & CLIMATE INVESTMENT GRADE CORPORATE CORE INDEX FUND,NYSE ARCA,ETF,Active,
FEIM,Frequency Electronics Inc,NASDAQ,Stock,Active,
FELE,Franklin Electric Co. Inc,NASDAQ,Stock,Active,
FEM,FIRST TRUST EMERGING MARKETS ALPHADEX FUND,NASDAQ,ETF,Active,
FEMB,FIRST TRUST EMERGING MARKETS LOCAL CURRENCY BOND ETF,NASDAQ,ETF,Active,
FEMD,First Eagle Mid Cap Equity,NYSE ARCA,Stock,Active,
FEMS,FIRST TRUST EMERGING MARKETS SMALL CAP ALPHADEX FUND,NASDAQ,ETF,Active,
FEMY,Femasys Inc,NASDAQ,Stock,Active,
FEN,First Trust Energy Income and Growth Fund,NYSE MKT,ETF,Active,
FENC,Fennec Pharmaceuticals Inc,NASDAQ,Stock,Active,
FENG,Phoenix New Media Ltd,NYSE,Stock,Active,
FENY,FIDELITY MSCI ENERGY INDEX ETF,NYSE ARCA,ETF,Active,
FEO,First Trust-abrdn Emerging Opportunity Fund,NYSE,ETF,Active,
FEP,FIRST TRUST EUROPE ALPHADEX FUND,NASDAQ,ETF,Active,
FEPI,REX FANG & INNOVATION EQUITY PREMIUM INCOME ETF,NASDAQ,ETF,Active,
FER,Ferrovial S.E.,NASDAQ,Stock,Active,
FERA,Fifth Era Acquisition Corp I - Class A,NASDAQ,Stock,Active,
FERAR,Fifth Era Acquisition Corp I,NASDAQ,Stock,Active,
FERAU,Fifth Era Acquisition Corp I - Units (1 Ord Cls A & 1 Rts),NASDAQ,Stock,Active,
FERG,Ferguson Plc.,NYSE,Stock,Active,
FET,Forum Energy Technologies Inc,NYSE,Stock,Active,
FETH,Fidelity Ethereum Fund,BATS,ETF,Active,
FEUS,FLEXSHARES ESG & CLIMATE US LARGE CAP CORE INDEX FUND,NYSE ARCA,ETF,Active,
FEUZ,FIRST TRUST EUROZONE ALPHADEX ETF,NASDAQ,ETF,Active,
FEVR,Inspire Faithward Large Cap Momentum ETF,NYSE ARCA,ETF,Active,
FEX,First Trust Large Cap Core AlphaDEX Fund,NASDAQ,ETF,Active,
FEZ,SPDR(R) EURO STOXX 50(R) ETF,NYSE ARCA,ETF,Active,
FF,Futurefuel Corp,NYSE,Stock,Active,
FFA,First Trust Enhanced Equity Income Fund,NYSE,ETF,Active,
FFAI,Faraday Future Intelligent Electric Inc - Class A,NASDAQ,Stock,Active,
FFAIW,Faraday Future Intelligent Electric Inc - Warrants (21/07/2026),NASDAQ,Stock,Active,
FFBC,First Financial Bancorp,NASDAQ,Stock,Active,
FFC,Flaherty & Crumrine Preferred and Income Securities Fund Inc,NYSE,ETF,Active,
FFEB,FT VEST U.S. EQUITY BUFFER ETF - FEBRUARY,BATS,ETF,Active,
FFIC,Flushing Financial Corp,NASDAQ,Stock,Active,
FFIN,First Financial Bankshares Inc,NASDAQ,Stock,Active,
FFIU,UVA UNCONSTRAINED MEDIUM-TERM FIXED INCOME ETF,NYSE ARCA,ETF,Active,
FFIV,F5 Inc,NASDAQ,Stock,Active,
FFLC,FIDELITY FUNDAMENTAL LARGE CAP CORE ETF,BATS,ETF,Active,
FFLG,FIDELITY FUNDAMENTAL LARGE CAP GROWTH ETF,BATS,ETF,Active,
FFLS,The Future Fund Long/Short ETF,NYSE ARCA,ETF,Active,
FFLV,FIDELITY FUNDAMENTAL LARGE CAP VALUE ETF,BATS,ETF,Active,
FFND,ONE GLOBAL ETF,NYSE ARCA,ETF,Active,
FFNW,First Financial Northwest Inc,NASDAQ,Stock,Active,
FFOG,Franklin Focused Growth ETF,BATS,ETF,Active,
FFSM,FIDELITY FUNDAMENTAL SMALL-MID CAP ETF,BATS,ETF,Active,
FFTY,INNOVATOR IBD(R) 50 ETF,NYSE ARCA,ETF,Active,
FG,F&G Annuities & Life Inc,NYSE,Stock,Active,
FG-W,F&G Annuities & Life Inc WhenIssued,NYSE,Stock,Active,
FGB,First Trust Specialty Finance & Financial Opportunities Fund,NYSE,ETF,Active,
FGBI,First Guaranty Bancshares Inc,NASDAQ,Stock,Active,
FGBIP,First Guaranty Bancshares Inc,NASDAQ,Stock,Active,
FGD,FIRST TRUST DOW JONES GLOBAL SELECT DIVIDEND INDEX FUND,NYSE ARCA,ETF,Active,
FGDL,Franklin Responsibly Sourced Gold ETF,NYSE ARCA,ETF,Active,
FGI,FGI Industries Ltd,NASDAQ,Stock,Active,
FGII,FG Imperii Acquisition Corp - Class A,NASDAQ,Stock,Active,
FGIIU,FG Imperii Acquisition Corp - Units (1 Ord Cls A & 1/2 War),NASDAQ,Stock,Active,
FGIIW,FG Imperii Acquisition Corp - Warrants (14/10/2030),NASDAQ,Stock,Active,
FGIWW,FGI Industries Ltd - Warrants (21/01/2027),NASDAQ,Stock,Active,
FGL,Founder Group Ltd,NASDAQ,Stock,Active,
FGM,FIRST TRUST GERMANY ALPHADEX FUND,NASDAQ,ETF,Active,
FGMC,FG Merger II Corp,NASDAQ,Stock,Active,
FGMCR,FG Merger II Corp,NASDAQ,Stock,Active,
FGMCU,FG Merger II Corp - Units (1 Ord & 1/2 War),NASDAQ,Stock,Active,
FGN,F&G Annuities & Life Inc,NYSE,Stock,Active,
FGNX,FG Nexus Inc,NASDAQ,Stock,Active,
FGNXP,Fundamental Global Inc,NASDAQ,Stock,Active,
FGRU,TREX 2X Long FIGR Daily Target,BATS,Stock,Active,
FGSI,FT Vest Growth Strength & Target Income ETF,NASDAQ,ETF,Active,
FGSN,F&G Annuities & Life Inc,NYSE,Stock,Active,
FHB,First Hawaiian Inc,NASDAQ,Stock,Active,
FHEQ,Fidelity Hedged Equity ETF,BATS,ETF,Active,
FHI,Federated Hermes Inc - Class B,NYSE,Stock,Active,
FHLC,FIDELITY MSCI HEALTH CARE INDEX ETF,NYSE ARCA,ETF,Active,
FHN,First Horizon Corporation,NYSE,Stock,Active,
FHN-P-E,First Horizon Corporation,NYSE,Stock,Active,
FHN-P-F,First Horizon Corporation,NYSE,Stock,Active,
FHN-P-H,First Horizon Corporation Depositary Shares Series H,NYSE,Stock,Active,
FHTX,Foghorn Therapeutics Inc,NASDAQ,Stock,Active,
FHYS,FEDERATED HERMES SHORT DURATION HIGH YIELD ETF,NYSE ARCA,ETF,Active,
FIAT,YIELDMAX(R) SHORT COIN OPTION INCOME STRATEGY ETF,NYSE ARCA,ETF,Active,
FIAX,NICHOLAS FIXED INCOME ALTERNATIVE ETF,NYSE ARCA,ETF,Active,
FIBK,First Interstate BancSystem Inc,NASDAQ,Stock,Active,
FICO,Fair Isaac Corp,NYSE,Stock,Active,
FICS,FIRST TRUST INTERNATIONAL DEVELOPED CAPITAL STRENGTH ETF,NASDAQ,ETF,Active,
FICV,Frontier Investment Corp - Class A,NASDAQ,Stock,Active,
FICVU,Frontier Investment Corp - Units (1 Ord Share Class A & 1/3 War),NASDAQ,Stock,Active,
FICVW,Frontier Investment Corp - Warrants (29/06/2026),NASDAQ,Stock,Active,
FID,First Trust S&P International Dividend Aristocrats ETF,NASDAQ,ETF,Active,
FIDI,FIDELITY INTERNATIONAL HIGH DIVIDEND ETF,NYSE ARCA,ETF,Active,
FIDU,FIDELITY MSCI INDUSTRIALS INDEX ETF,NYSE ARCA,ETF,Active,
FIEE,UBS AG London Branch,NASDAQ,ETF,Active,
FIF,First Trust Energy Infrastructure Fund,NYSE,ETF,Active,
FIG,Figma Inc - Class A,NYSE,Stock,Active,
FIGB,FIDELITY INVESTMENT GRADE BOND ETF,NYSE ARCA,ETF,Active,
FIGG,LEVERAGE SHARES 2X LONG FIG DAILY ETF,NASDAQ,ETF,Active,
FIGR,Figure Technology Solutions Inc - Class A,NASDAQ,Stock,Active,
FIGS,Figs Inc - Class A,NYSE,Stock,Active,
FIGX,FIGX Capital Acquisition Corp - Class A,NASDAQ,Stock,Active,
FIGXU,FIGX Capital Acquisition Corp - Units (1 Ord Cls A & 1/2 War),NASDAQ,Stock,Active,
FIGXW,FIGX Capital Acquisition Corp - Warrants (17/06/2030),NASDAQ,Stock,Active,
FIIG,FIRST TRUST INTERMEDIATE DURATION INVESTMENT GRADE CORPORATE ETF,NYSE ARCA,ETF,Active,
FILL:BAT,Ishares Msci Global Energy Producers Etf,NYSE ARCA,Stock,Active,
FINS,Angel Oak Financial Strategies Income Term Trust,NYSE,Stock,Active,
FINV,FinVolution Group,NYSE,Stock,Active,
FINW,FinWise Bancorp,NASDAQ,Stock,Active,
FINX,GLOBAL X FINTECH ETF,NASDAQ,ETF,Active,
FIP,FTAI Infrastructure Inc,NASDAQ,Stock,Active,
FIRI,FIRE Funds Income Target ETF,NYSE ARCA,ETF,Active,
FIRS,FIRE Funds Wealth Builder ETF,NYSE ARCA,ETF,Active,
FIS,Fidelity National Information Services Inc,NYSE,Stock,Active,
FISI,Financial Institutions Inc,NASDAQ,Stock,Active,
FISK,Empire State Realty OP LP,NYSE ARCA,Stock,Active,
FISR,SPDR SSGA FIXED INCOME SECTOR ROTATION ETF,NYSE ARCA,ETF,Active,
FISV,Fiserv Inc,NASDAQ,Stock,Active,
FITB,Fifth Third Bancorp,NASDAQ,Stock,Active,
FITBI,Fifth Third Bancorp,NASDAQ,Stock,Active,
FITBM,Fifth Third Bancorp Depositary Shares Representing a 140th Ownership Interest in a Share of 6.875 FixedRate Reset NonCumulative Perpetual Preferred Stock Se,NASDAQ,Stock,Active,
FITBO,Fifth Third Bancorp,NASDAQ,Stock,Active,
FITBP,Fifth Third Bancorp,NASDAQ,Stock,Active,
FITE,SPDR S&P KENSHO FUTURE SECURITY ETF,NYSE ARCA,ETF,Active,
FIVA,FIDELITY INTERNATIONAL VALUE FACTOR ETF,NYSE ARCA,ETF,Active,
FIVE,Five Below Inc,NASDAQ,Stock,Active,
FIVN,Five9 Inc,NASDAQ,Stock,Active,
FIVR,Strategy Shares Nasdaq 5HANDL Index ETF,NASDAQ,ETF,Active,
FIVY,YieldMax Dorsey Wright Hybrid 5 Income ETF,NASDAQ,ETF,Active,
FIW,FIRST TRUST WATER ETF,NYSE ARCA,ETF,Active,
FIW:BAT,First Trust ISE Water Index Fund,NYSE ARCA,Stock,Active,
FIX,Comfort Systems USA Inc,NYSE,Stock,Active,
FIXD,FIRST TRUST TCW OPPORTUNISTIC FIXED INCOME ETF,NASDAQ,ETF,Active,
FIXP,FOLIOBEYOND ENHANCED FIXED INCOME PREMIUM ETF,NYSE ARCA,ETF,Active,
FIXT,Procure Disaster Recovery Strategy ETF,NYSE,ETF,Active,
FIYY,GRANITESHARES YIELDBOOST 20Y+ TREASURIES ETF,NYSE ARCA,ETF,Active,
FIZZ,National Beverage Corp,NASDAQ,Stock,Active,
FJAN,FT VEST U.S. EQUITY BUFFER ETF - JANUARY,BATS,ETF,Active,
FJET,Starfighters Space Inc,AMEX,Stock,Active,
FJP,FIRST TRUST JAPAN ALPHADEX FUND,NASDAQ,ETF,Active,
FJUL,FT VEST U.S. EQUITY BUFFER ETF - JULY,BATS,ETF,Active,
FJUN,FT VEST U.S. EQUITY BUFFER ETF - JUNE,BATS,ETF,Active,
FKU,FIRST TRUST UNITED KINGDOM ALPHADEX FUND,NASDAQ,ETF,Active,
FKWL,Franklin Wireless Corp,NASDAQ,Stock,Active,
FLAC,Frazier Lifesciences Acquisition Corp - Class A,NASDAQ,Stock,Active,
FLACW,Frazier Lifesciences Acquisition Corp - Warrants (09/12/2025),NASDAQ,Stock,Active,
FLAG,GLOBAL X S&P 500 U.S. MARKET LEADERS TOP 50 ETF,NYSE ARCA,ETF,Active,
FLAG-WS,First Light Acquisition Group Inc Redeemable Warrants each whole warrant exercisable for one share of Class A common stock at an exercise price of 11.50 per s,NYSE,Stock,Active,
FLAO,ALLIANZIM U.S. EQUITY 6 MONTH FLOOR5 APR/OCT ETF,NYSE ARCA,ETF,Active,
FLAU,FRANKLIN FTSE AUSTRALIA ETF,NYSE ARCA,ETF,Active,
FLAX,FRANKLIN FTSE ASIA EX JAPAN ETF,NYSE ARCA,ETF,Active,
FLBL,FRANKLIN SENIOR LOAN ETF,BATS,ETF,Active,
FLBR,FRANKLIN FTSE BRAZIL ETF,NYSE ARCA,ETF,Active,
FLC,Flaherty & Crumrine Total Return Fund Inc,NYSE,ETF,Active,
FLCA,FRANKLIN FTSE CANADA ETF,NYSE ARCA,ETF,Active,
FLCB,FRANKLIN U.S. CORE BOND ETF,NYSE ARCA,ETF,Active,
FLCC,FEDERATED HERMES MDT LARGE CAP CORE ETF,NYSE ARCA,ETF,Active,
FLCG,FEDERATED HERMES MDT LARGE CAP GROWTH ETF,NYSE ARCA,ETF,Active,
FLCH,FRANKLIN FTSE CHINA ETF,NYSE ARCA,ETF,Active,
FLCO,FRANKLIN INVESTMENT GRADE CORPORATE ETF,NYSE ARCA,ETF,Active,
FLCV,FEDERATED HERMES MDT LARGE CAP VALUE ETF,NYSE ARCA,ETF,Active,
FLD,Fold Holdings Inc - Class A,NASDAQ,Stock,Active,
FLDB,FIDELITY LOW DURATION BOND ETF,NASDAQ,ETF,Active,
FLDD,FTAC Emerald Acquisition Corp,NASDAQ,Stock,Active,
FLDDW,Fold Holdings Inc - Warrants (14/02/2030),NASDAQ,Stock,Active,
FLDR,FIDELITY LOW DURATION BOND FACTOR ETF,BATS,ETF,Active,
FLDZ,RIVERNORTH PATRIOT ETF,BATS,ETF,Active,
FLEE,FRANKLIN FTSE EUROPE ETF,NYSE ARCA,ETF,Active,
FLEU,FRANKLIN FTSE EUROZONE ETF,NYSE ARCA,ETF,Active,
FLEX,Flex Ltd,NASDAQ,Stock,Active,
FLFR,FRANKLIN FTSE FRANCE ETF,NYSE ARCA,ETF,Active,
FLG,New York Community Bancorp Inc,NYSE,Stock,Active,
FLG-P-A,New York Community Bancorp Inc,NYSE,Stock,Active,
FLG-P-U,Flagstar Financial Inc Bifurcated Option Note Unit SecuritiES,NYSE,Stock,Active,
FLGB,Franklin FTSE United Kingdom ETF,NYSE ARCA,ETF,Active,
FLGR,FRANKLIN FTSE GERMANY ETF,NYSE ARCA,ETF,Active,
FLGT,Fulgent Genetics Inc,NASDAQ,Stock,Active,
FLGV,FRANKLIN U.S. TREASURY BOND ETF,NYSE ARCA,ETF,Active,
FLHY,FRANKLIN HIGH YIELD CORPORATE ETF,BATS,ETF,Active,
FLIA,FRANKLIN INTERNATIONAL AGGREGATE BOND ETF,BATS,ETF,Active,
FLIN,FRANKLIN FTSE INDIA ETF,NYSE ARCA,ETF,Active,
FLIR:BAT,FLIR Systems Inc,NASDAQ,Stock,Active,
FLIY,FRANKLIN FTSE ITALY ETF,NYSE ARCA,ETF,Active,
FLJ,FLJ Group Limited,NASDAQ,Stock,Active,
FLJH,FRANKLIN FTSE JAPAN HEDGED ETF,NYSE ARCA,ETF,Active,
FLJJ,ALLIANZIM U.S. EQUITY 6 MONTH FLOOR5 JAN/JUL ETF,NYSE ARCA,ETF,Active,
FLJP,FRANKLIN FTSE JAPAN ETF,NYSE ARCA,ETF,Active,
FLKR,FRANKLIN FTSE SOUTH KOREA ETF,NYSE ARCA,ETF,Active,
FLL,Full House Resorts Inc,NASDAQ,Stock,Active,
FLLA,FRANKLIN FTSE LATIN AMERICA ETF,NYSE ARCA,ETF,Active,
FLMB,FRANKLIN MUNICIPAL GREEN BOND ETF,NYSE ARCA,ETF,Active,
FLMI,FRANKLIN DYNAMIC MUNICIPAL BOND ETF,NYSE ARCA,ETF,Active,
FLMX,FRANKLIN FTSE MEXICO ETF,NYSE ARCA,ETF,Active,
FLN,First Trust Latin America AlphaDEX Fund,NASDAQ,ETF,Active,
FLNA,Cassava Sciences Inc,NASDAQ,Stock,Active,
FLNC,Fluence Energy Inc - Class A,NASDAQ,Stock,Active,
FLNG,Flex Lng Ltd,NYSE,Stock,Active,
FLNT,Fluent Inc,NASDAQ,Stock,Active,
FLO,Flowers Foods Inc,NYSE,Stock,Active,
FLOC,Flowco Holdings Inc - Class A,NYSE,Stock,Active,
FLOT,ISHARES FLOATING RATE BOND ETF,BATS,ETF,Active,
FLOW,GLOBAL X U.S. CASH FLOW KINGS 100 ETF,NYSE ARCA,ETF,Active,
FLQL,FRANKLIN U.S. LARGE CAP MULTIFACTOR INDEX ETF,BATS,ETF,Active,
FLQM,FRANKLIN U.S. MID CAP MULTIFACTOR INDEX ETF,BATS,ETF,Active,
FLQS,FRANKLIN U.S. SMALL CAP MULTIFACTOR INDEX ETF,BATS,ETF,Active,
FLR,Fluor Corporation,NYSE,Stock,Active,
FLRG,FIDELITY U.S. MULTIFACTOR ETF,NYSE ARCA,ETF,Active,
FLRN,SPDR BLOOMBERG INVESTMENT GRADE FLOATING RATE ETF,NYSE ARCA,ETF,Active,
FLRN:BAT,SPDR Barclays Investment Grade,NYSE ARCA,Stock,Active,
FLRT,PACER ARISTOTLE PACIFIC FLOATING RATE HIGH INCOME ETF,NYSE ARCA,ETF,Active,
FLS,Flowserve Corp,NYSE,Stock,Active,
FLSA,FRANKLIN FTSE SAUDI ARABIA ETF,NYSE ARCA,ETF,Active,
FLSP,FRANKLIN SYSTEMATIC STYLE PREMIA ETF,NYSE ARCA,ETF,Active,
FLSW,FRANKLIN FTSE SWITZERLAND ETF,NYSE ARCA,ETF,Active,
FLTB,FIDELITY LIMITED TERM BOND ETF,NYSE ARCA,ETF,Active,
FLTR,VANECK IG FLOATING RATE ETF,NYSE ARCA,ETF,Active,
FLTR:BAT,Market Vectors Investment Grade Floating Rate ETF,NYSE ARCA,ETF,Active,
FLTW,FRANKLIN FTSE TAIWAN ETF,NYSE ARCA,ETF,Active,
FLUD,FRANKLIN ULTRA SHORT BOND ETF,NYSE ARCA,ETF,Active,
FLUT,Flutter Entertainment Plc,NYSE,Stock,Active,
FLUX,Flux Power Holdings Inc,NASDAQ,Stock,Active,
FLV,AMERICAN CENTURY FOCUSED LARGE CAP VALUE ETF,NYSE ARCA,ETF,Active,
FLWS,1-800 Flowers.com Inc - Class A,NASDAQ,Stock,Active,
FLX,BingEx Ltd,NASDAQ,Stock,Active,
FLXN,HORIZON FLEXIBLE INCOME ETF,BATS,ETF,Active,
FLXR,TCW Flexible Income ETF,NYSE,ETF,Active,
FLXS,Flexsteel Industries Inc,NASDAQ,Stock,Active,
FLY,Firefly Aerospace Inc,NASDAQ,Stock,Active,
FLYD,Bank of Montreal,NYSE ARCA,Stock,Active,
FLYE,Fly-E Group Inc,NASDAQ,Stock,Active,
FLYT,DIREXION FLIGHT TO SAFETY STRATEGY ETF,BATS,ETF,Active,
FLYU,MicroSectors Travel 3X Leveraged ETNs,NYSE ARCA,Stock,Active,
FLYW,Flywire Corp,NASDAQ,Stock,Active,
FLYX,flyExclusive Inc - Class A,NYSE MKT,Stock,Active,
FLYX-WS,flyExclusive Inc Redeemable warrants each whole warrant exercisable for one Class A common stock at an exercise price of 11.50 per share,AMEX,Stock,Active,
FLZA,FRANKLIN FTSE SOUTH AFRICA ETF,NYSE ARCA,ETF,Active,
FMAC,Future Money Acquisition Corp,NASDAQ,Stock,Active,
FMACR,Future Money Acquisition Corp,NASDAQ,Stock,Active,
FMACU,Future Money Acquisition Corporation Units,NASDAQ,Stock,Active,
FMAG,FIDELITY MAGELLAN ETF,BATS,ETF,Active,
FMAO,Farmers & Merchants Bancorp Inc,NASDAQ,Stock,Active,
FMAR,FT VEST U.S. EQUITY BUFFER ETF - MARCH,BATS,ETF,Active,
FMAT,FIDELITY MSCI MATERIALS INDEX ETF,NYSE ARCA,ETF,Active,
FMAY,FT VEST U.S. EQUITY BUFFER ETF - MAY,BATS,ETF,Active,
FMB,FIRST TRUST MANAGED MUNICIPAL ETF,NASDAQ,ETF,Active,
FMBH,First Mid Bancshares Inc,NASDAQ,Stock,Active,
FMC,FMC Corp,NYSE,Stock,Active,
FMCX,FM FOCUS EQUITY ETF,NYSE ARCA,ETF,Active,
FMED,FIDELITY DISRUPTIVE MEDICINE ETF,NASDAQ,ETF,Active,
FMET,Fidelity Metaverse ETF,NASDAQ,ETF,Active,
FMF,FIRST TRUST MANAGED FUTURES STRATEGY FUND,NYSE ARCA,ETF,Active,
FMFC,Kandal M Venture Ltd - Class A,NASDAQ,Stock,Active,
FMHI,FIRST TRUST MUNICIPAL HIGH INCOME ETF,NASDAQ,ETF,Active,
FMKT,FREEMARKETS INC,NYSE ARCA,Stock,Active,
FMN,Federated Hermes Premier Municipal Income Fund,NYSE,ETF,Active,
FMNB,Farmers National Banc Corp,NASDAQ,Stock,Active,
FMNY,FIRST TRUST NEW YORK MUNICIPAL HIGH INCOME ETF,NYSE ARCA,ETF,Active,
FMQQ,FMQQ THE NEXT FRONTIER INTERNET ETF,NYSE ARCA,ETF,Active,
FMS,Fresenius Medical Care AG & Co. KGaA,NYSE,Stock,Active,
FMST,FINISHMASTER INC,NASDAQ,Stock,Active,
FMSTW,Foremost Clean Energy Ltd - Warrants (22/08/2028),NASDAQ,Stock,Active,
FMTL,First Trust Indxx Critical Metals ETF,NYSE ARCA,ETF,Active,
FMX,Fomento Economico Mexicano S.A.B. de C.V.,NYSE,Stock,Active,
FMY,First Trust Mortgage Income Fund,NYSE,ETF,Active,
FN,Fabrinet,NYSE,Stock,Active,
FNB,F.N.B. Corp,NYSE,Stock,Active,
FNCL,FIDELITY MSCI FINANCIALS INDEX ETF,NYSE ARCA,ETF,Active,
FND,Floor & Decor Holdings Inc - Class A,NYSE,Stock,Active,
FNDA,SCHWAB FUNDAMENTAL U.S. SMALL COMPANY ETF,NYSE ARCA,ETF,Active,
FNDB,SCHWAB FUNDAMENTAL U.S. BROAD MARKET ETF,NYSE ARCA,ETF,Active,
FNDC,SCHWAB FUNDAMENTAL INTERNATIONAL SMALL EQUITY ETF,NYSE ARCA,ETF,Active,
FNDE,SCHWAB FUNDAMENTAL EMERGING MARKETS EQUITY ETF,NYSE ARCA,ETF,Active,
FNDF,SCHWAB FUNDAMENTAL INTERNATIONAL EQUITY ETF,NYSE ARCA,ETF,Active,
FNDX,SCHWAB FUNDAMENTAL U.S. LARGE COMPANY ETF,NYSE ARCA,ETF,Active,
FNF,Fidelity National Financial Inc,NYSE,Stock,Active,
FNGD,Bank of Montreal,NYSE ARCA,ETF,Active,
FNGG,DIREXION DAILY NYSE FANG+ BULL 2X SHARES,NYSE ARCA,ETF,Active,
FNGO,Bank of Montreal,NYSE ARCA,ETF,Active,
FNGR,FingerMotion Inc,NASDAQ,Stock,Active,
FNGS,Bank of Montreal,NYSE ARCA,Stock,Active,
FNGU,MicroSectors FANG 3X Leveraged ETNs,NYSE ARCA,Stock,Active,
FNK,FIRST TRUST MID CAP VALUE ALPHADEX FUND,NASDAQ,ETF,Active,
FNKO,Funko Inc - Class A,NASDAQ,Stock,Active,
FNLC,First Bancorp Inc (ME),NASDAQ,Stock,Active,
FNOV,FT VEST U.S. EQUITY BUFFER ETF - NOVEMBER,BATS,ETF,Active,
FNUC,Frontier Nuclear and Minerals Inc Com,NASDAQ,Stock,Active,
FNV,Franco-Nevada Corporation,NYSE,Stock,Active,
FNWB,First Northwest Bancorp,NASDAQ,Stock,Active,
FNWD,Finward Bancorp,NASDAQ,Stock,Active,
FNX,FIRST TRUST MID CAP CORE ALPHADEX FUND,NASDAQ,ETF,Active,
FNY,FIRST TRUST MID CAP GROWTH ALPHADEX FUND,NASDAQ,ETF,Active,
FOA,Finance of America Companies Inc - Class A,NYSE,Stock,Active,
FOCT,FT VEST U.S. EQUITY BUFFER ETF - OCTOBER,BATS,ETF,Active,
FOF,Cohen & Steers Closed-End Opportunity Fund Inc,NYSE,ETF,Active,
FOFO,Hang Feng Technology Innovation Co Ltd,NASDAQ,Stock,Active,
FONR,Fonar Corp,NASDAQ,Stock,Active,
FOR,Forestar Group Inc New,NYSE,Stock,Active,
FORA,Forian Inc,NASDAQ,Stock,Active,
FORH,Formidable ETF,NYSE ARCA,ETF,Active,
FORM,FormFactor Inc,NASDAQ,Stock,Active,
FORR,Forrester Research Inc,NASDAQ,Stock,Active,
FORTY,Formula Systems (1985) Ltd,NASDAQ,Stock,Active,
FOSL,Fossil Group Inc,NASDAQ,Stock,Active,
FOUR,Shift4 Payments Inc - Class A,NYSE,Stock,Active,
FOX,Fox Corporation - Class B,NASDAQ,Stock,Active,
FOXA,Fox Corporation - Class A,NASDAQ,Stock,Active,
FOXF,Fox Factory Holding Corp,NASDAQ,Stock,Active,
FOXX,Foxx Development Holdings Inc,NASDAQ,Stock,Active,
FOXXW,Foxx Development Holdings Inc - Warrants(26/09/2029),NASDAQ,Stock,Active,
FOXY,Simplify Exchange Traded Funds Currency Strategy,NYSE ARCA,Stock,Active,
FPA,FIRST TRUST ASIA PACIFIC EX-JAPAN ALPHADEX FUND,NASDAQ,ETF,Active,
FPAG,FPA GLOBAL EQUITY ETF,BATS,ETF,Active,
FPAS,FPA SHORT DURATION GOVERNMENT ETF,BATS,ETF,Active,
FPE,FIRST TRUST PREFERRED SECURITIES AND INCOME ETF,NYSE ARCA,ETF,Active,
FPE:BAT,First Trust Preferred Securities and Income ETF,NYSE ARCA,ETF,Active,
FPEI,FIRST TRUST INSTITUTIONAL PREFERRED SECURITIES AND INCOME ETF,NYSE ARCA,ETF,Active,
FPF,First Trust Intermediate Duration Preferred & Income Fund,NYSE,ETF,Active,
FPFD,FIDELITY PREFERRED SECURITIES & INCOME ETF,BATS,ETF,Active,
FPH,Five Point Holdings LLC - Class A,NYSE,Stock,Active,
FPI,Farmland Partners Inc,NYSE,Stock,Active,
FPL,First Trust New Opportunities MLP & Energy Fund,NYSE,ETF,Active,
FPRO,FIDELITY REAL ESTATE INVESTMENT ETF,BATS,ETF,Active,
FPS,Forgent Power Solutions Inc - Class A,NYSE,Stock,Active,
FPWR,First Trust EIP Carbon Impact ETF,NYSE ARCA,ETF,Active,
FPX,FIRST TRUST US EQUITY OPPORTUNITIES ETF,NYSE ARCA,ETF,Active,
FPXE,FIRST TRUST IPOX EUROPE EQUITY OPPORTUNITIES ETF,NASDAQ,ETF,Active,
FPXI,FIRST TRUST INTERNATIONAL EQUITY OPPORTUNITIES ETF,NASDAQ,ETF,Active,
FQAL,FIDELITY QUALITY FACTOR ETF,NYSE ARCA,ETF,Active,
FR,First Industrial Realty Trust Inc,NYSE,Stock,Active,
FRA,Blackrock Floating Rate Income Strategies Fund Inc,NYSE,ETF,Active,
FRAF,Franklin Financial Services Corp,NASDAQ,Stock,Active,
FRBA,First Bank (NJ),NASDAQ,Stock,Active,
FRBN,Forbion European Acquisition Corp - Class A,NASDAQ,Stock,Active,
FRBNU,Forbion European Acquisition Corp - Units (1 Ord Share Class A & 1/3 War),NASDAQ,Stock,Active,
FRBNW,Forbion European Acquisition Corp - Warrants (10/12/2026),NASDAQ,Stock,Active,
FRD,Friedman Industries Inc,NASDAQ,Stock,Active,
FRDD,Direxion Daily F Bear 1X ETF,NASDAQ,ETF,Active,
FRDM,FREEDOM 100 EMERGING MARKETS ETF,BATS,ETF,Active,
FRDU,Direxion Daily F Bull 2X ETF,NASDAQ,ETF,Active,
FREL,FIDELITY MSCI REAL ESTATE INDEX ETF,NYSE ARCA,ETF,Active,
FREQ,Frequency Therapeutics Inc,NASDAQ,Stock,Active,
FRES,Fresh2 Group Limited,NASDAQ,Stock,Active,
FREY-WS,FREYR Battery Warrants each whole warrant exercisable to purchase one Ordinary Share at an exercise price of 11.50 per share,NYSE,Stock,Active,
FRGAP,Franchise Group Inc,NASDAQ,Stock,Active,
FRGN,Horizon International Equity ETF,NYSE ARCA,ETF,Active,
FRGT,Freight Technologies Inc,NASDAQ,Stock,Active,
FRHC,Freedom Holding Corp,NASDAQ,Stock,Active,
FRI,FIRST TRUST S&P REIT INDEX FUND,NYSE ARCA,ETF,Active,
FRIZ,FRISBY TECHNOLOGIES INC,NYSE ARCA,Stock,Active,
FRLA,Fortune Rise Acquisition Corp - Class A,NASDAQ,Stock,Active,
FRLAU,Fortune Rise Acquisition Corp - Units (1 Ord Share Class A & 1/2 War),NASDAQ,Stock,Active,
FRLAW,Fortune Rise Acquisition Corp - Warrants (06/12/2027),NASDAQ,Stock,Active,
FRME,First Merchants Corp,NASDAQ,Stock,Active,
FRMEP,First Merchants Corp,NASDAQ,Stock,Active,
FRMI,Fermi Inc,NASDAQ,Stock,Active,
FRMM,Forum Markets Inc,NASDAQ,Stock,Active,
FRNW,Fidelity Clean Energy ETF,BATS,ETF,Active,
FRO,Frontline Plc,NYSE,Stock,Active,
FROG,JFrog Ltd,NASDAQ,Stock,Active,
FRPH,FRP Holdings Inc,NASDAQ,Stock,Active,
FRPT,Freshpet Inc,NASDAQ,Stock,Active,
FRRSF,Foremost Lithium Resource & Technology Ltd,NASDAQ,Stock,Active,
FRSH,Freshworks Inc Class A,NASDAQ,Stock,Active,
FRST,Primis Financial Corp,NASDAQ,Stock,Active,
FRSX,Foresight Autonomous Holdings Ltd,NASDAQ,Stock,Active,
FRT,Federal Realty Investment Trust.,NYSE,Stock,Active,
FRT-P-C,Federal Realty Investment Trust.,NYSE,Stock,Active,
FRTY,ALGER MID CAP 40 ETF,NYSE ARCA,ETF,Active,
FRVO,Fervo Energy Co. - Class A,NASDAQ,Stock,Active,
FRWD,Nomura Transformational Technologies ETF,NASDAQ,ETF,Active,
FSBC,Five Star Bancorp,NASDAQ,Stock,Active,
FSBW,FS Bancorp Inc,NASDAQ,Stock,Active,
FSCC,FEDERATED HERMES MDT SMALL CAP CORE ETF,NYSE ARCA,ETF,Active,
FSCO,FS Credit Opportunities Corp,NYSE,Stock,Active,
FSCS,First Trust Mid Cap US Equity Select ETF,NASDAQ,ETF,Active,
FSD,First Trust High Income Long Short Fund,NYSE,ETF,Active,
FSEA,First Seacoast Bancorp Inc,NASDAQ,Stock,Active,
FSEC,FIDELITY INVESTMENT GRADE SECURITIZED ETF,NYSE ARCA,ETF,Active,
FSEP,FT VEST U.S. EQUITY BUFFER ETF - SEPTEMBER,BATS,ETF,Active,
FSGS,First Trust Small Cap US Equity Select ETF,NASDAQ,ETF,Active,
FSHP,Flag Ship Acquisition Corp,NASDAQ,Stock,Active,
FSHPR,Flag Ship Acquisition Corp,NASDAQ,Stock,Active,
FSHPU,Flag Ship Acquisition Corp - Units (1 & 1 Rights),NASDAQ,Stock,Active,
FSI,Flexible Solutions International Inc,NYSE MKT,Stock,Active,
FSIG,FIRST TRUST LIMITED DURATION INVESTMENT GRADE CORPORATE ETF,NYSE ARCA,ETF,Active,
FSK,FS KKR Capital Corp,NYSE,Stock,Active,
FSLR,First Solar Inc,NASDAQ,Stock,Active,
FSLY,Fastly Inc - Class A,NYSE,Stock,Active,
FSM,Fortuna Silver Mines Inc,NYSE,Stock,Active,
FSMB,FIRST TRUST SHORT DURATION MANAGED MUNICIPAL ETF,NYSE ARCA,ETF,Active,
FSMD,FIDELITY SMALL-MID MULTIFACTOR ETF,NYSE ARCA,ETF,Active,
FSML,Franklin Small Cap Enhanced,NYSE ARCA,Stock,Active,
FSNB,Fusion Acquisition Corp II - Class A,NYSE,Stock,Active,
FSNB-U,Fusion Acquisition Corp II - Units (1 Ord Share Class A & 1/3 War),NYSE,Stock,Active,
FSOL,Fidelity Solana Fund,NYSE ARCA,Stock,Active,
FSP,Franklin Street Properties Corp,NYSE MKT,Stock,Active,
FSS,Federal Signal Corp,NYSE,Stock,Active,
FSSL,FS Specialty Lending Fund of Beneficial Interest,NYSE,Stock,Active,
FSTA,FIDELITY MSCI CONSUMER STAPLES INDEX ETF,NYSE ARCA,ETF,Active,
FSTR,L.B. Foster Co. - Class A,NASDAQ,Stock,Active,
FSV,FirstService Corp,NASDAQ,Stock,Active,
FSYD,FIDELITY SUSTAINABLE HIGH YIELD ETF,NYSE ARCA,ETF,Active,
FSZ,FIRST TRUST SWITZERLAND ALPHADEX FUND,NASDAQ,ETF,Active,
FT,Franklin Universal Trust,NYSE,ETF,Active,
FTA,FIRST TRUST LARGE CAP VALUE ALPHADEX FUND,NASDAQ,ETF,Active,
FTAA,FTAC Athena Acquisition Corp - Class A,NASDAQ,Stock,Active,
FTAAW,FTAC Athena Acquisition Corp - Warrants (01/03/2026),NASDAQ,Stock,Active,
FTAG,FIRST TRUST INDXX GLOBAL AGRICULTURE ETF,NASDAQ,ETF,Active,
FTAI,FTAI Aviation Ltd - Class A,NASDAQ,Stock,Active,
FTAIM,FTAI Aviation Ltd,NASDAQ,Stock,Active,
FTAIN,FTAI Aviation Ltd,NASDAQ,Stock,Active,
FTBD,FIDELITY TACTICAL BOND ETF,NYSE ARCA,ETF,Active,
FTC,First Trust Large Capital Growth AlphaDEX Fund,NASDAQ,ETF,Active,
FTCA,Franklin California Municipal Income ETF,NYSE ARCA,ETF,Active,
FTCB,FIRST TRUST CORE INVESTMENT GRADE ETF,NYSE ARCA,ETF,Active,
FTCE,First Trust New Constructs Core Earnings Leaders ETF,NYSE ARCA,ETF,Active,
FTCI,FTC Solar Inc,NASDAQ,Stock,Active,
FTCS,FIRST TRUST CAPITAL STRENGTH ETF,NASDAQ,ETF,Active,
FTDR,Frontdoor Inc,NASDAQ,Stock,Active,
FTDS,FIRST TRUST DIVIDEND STRENGTH ETF,NASDAQ,ETF,Active,
FTEC,FIDELITY MSCI INFORMATION TECHNOLOGY INDEX ETF,NYSE ARCA,ETF,Active,
FTEK,Fuel Tech Inc,NASDAQ,Stock,Active,
FTEL,Fitell Corp,NASDAQ,Stock,Active,
FTF,Franklin Ltd Duration Income Trust,NYSE MKT,ETF,Active,
FTFT,Future FinTech Group Inc,NASDAQ,Stock,Active,
FTGC,FIRST TRUST GLOBAL TACTICAL COMMODITY STRATEGY FUND,NASDAQ,ETF,Active,
FTGS,FIRST TRUST GROWTH STRENGTH ETF,NASDAQ,ETF,Active,
FTHAU,Forefront Tech Holdings Acquisition Corp - Units (1 Ord Cls A & 1/2 War),NASDAQ,Stock,Active,
FTHB,FIS Faith Income,NYSE ARCA,Stock,Active,
FTHI,FIRST TRUST BUYWRITE INCOME ETF,NASDAQ,ETF,Active,
FTHM,Fathom Holdings Inc,NASDAQ,Stock,Active,
FTHY,First Trust High Yield Opportunities 2027 Term Fund,NYSE,Stock,Active,
FTI,TechnipFMC plc,NYSE,Stock,Active,
FTIF,FIRST TRUST BLOOMBERG INFLATION SENSITIVE EQUITY ETF,NYSE ARCA,ETF,Active,
FTK,Flotek Industries Inc,NYSE,Stock,Active,
FTLF,FitLife Brands Inc,NASDAQ,Stock,Active,
FTLS,FIRST TRUST LONG/SHORT EQUITY ETF,NYSE ARCA,ETF,Active,
FTMA,Franklin Massachusetts Municipal Income ETF,NYSE ARCA,ETF,Active,
FTMH,Franklin Municipal High Yield ETF,NYSE ARCA,ETF,Active,
FTMN,Franklin Minnesota Municipal Income ETF,NYSE ARCA,ETF,Active,
FTMS,Franklin ShortTerm Municipal Income ETF,NYSE ARCA,ETF,Active,
FTMU,Franklin Municipal Income ETF,NYSE ARCA,ETF,Active,
FTNJ,Franklin New Jersey Municipal Income ETF,NYSE ARCA,ETF,Active,
FTNT,Fortinet Inc,NASDAQ,Stock,Active,
FTNY,Putnam ETF Trust Franklin New York Municipal Income,NYSE ARCA,ETF,Active,
FTOH,Franklin Ohio Municipal Income ETF,NYSE ARCA,ETF,Active,
FTPA,FTAC Parnassus Acquisition Corp - Class A,NYSE ARCA,Stock,Active,
FTPAW,FTAC Parnassus Acquisition Corp - Warrants (10/03/2026),NASDAQ,Stock,Active,
FTQI,FIRST TRUST NASDAQ BUYWRITE INCOME ETF,NASDAQ,ETF,Active,
FTRB,FEDERATED HERMES TOTAL RETURN BOND ETF,NYSE ARCA,ETF,Active,
FTRE,FORTE SOFTWARE INC,NASDAQ,Stock,Active,
FTRI,FIRST TRUST INDXX GLOBAL NATURAL RESOURCES INCOME ETF,NASDAQ,ETF,Active,
FTRK,Fast Track Group.,NASDAQ,Stock,Active,
FTS,Fortis Inc,NYSE,Stock,Active,
FTSD,FRANKLIN SHORT DURATION U.S. GOVERNMENT ETF,NYSE ARCA,ETF,Active,
FTSL,FIRST TRUST SENIOR LOAN FUND,NASDAQ,ETF,Active,
FTSM,FIRST TRUST ENHANCED SHORT MATURITY ETF,NASDAQ,ETF,Active,
FTV,Fortive Corp,NYSE,Stock,Active,
FTW,FIRST TRUST TAIWAN ALPHADEX FUND,NYSE ARCA,ETF,Active,
FTW-U,EQV Ventures Acquisition Corp Units each consisting of one Class A ordinary share and onethird of one redeemable warrant,NYSE,Stock,Active,
FTW-WS,EQV Ventures Acquisition Corp Redeemable warrants each whole warrant exercisable for one Class A ordinary share at an exercise price of 11.50 per share,NYSE,Stock,Active,
FTWO,STRIVE NATURAL RESOURCES AND SECURITY ETF,NYSE,ETF,Active,
FTWWS,EQV Ventures Acquisition Corp - Warrants (01/07/2031),NYSE,Stock,Active,
FTXG,FIRST TRUST NASDAQ FOOD & BEVERAGE ETF,NASDAQ,ETF,Active,
FTXH,FIRST TRUST NASDAQ PHARMACEUTICALS ETF,NASDAQ,ETF,Active,
FTXL,FIRST TRUST NASDAQ SEMICONDUCTOR ETF,NASDAQ,ETF,Active,
FTXN,FIRST TRUST NASDAQ OIL & GAS ETF,NASDAQ,ETF,Active,
FTXO,FIRST TRUST NASDAQ BANK ETF,NASDAQ,ETF,Active,
FTXR,FIRST TRUST NASDAQ TRANSPORTATION ETF,NASDAQ,ETF,Active,
FUBO,fuboTV Inc - Class A,NYSE,Stock,Active,
FUFU,BitFuFu Inc - Class A,NASDAQ,Stock,Active,
FUFUW,BitFuFu Inc - Warrants (01/03/2029),NASDAQ,Stock,Active,
FUL,H.B. Fuller Company,NYSE,Stock,Active,
FULC,Fulcrum Therapeutics Inc,NASDAQ,Stock,Active,
FULT,Fulton Financial Corp,NASDAQ,Stock,Active,
FULTP,Fulton Financial Corp,NASDAQ,Stock,Active,
FUMB,FIRST TRUST ULTRA SHORT DURATION MUNICIPAL ETF,NYSE ARCA,ETF,Active,
FUN,Six Flags Entertainment Corp,NYSE,Stock,Active,
FUNC,First United Corporation,NASDAQ,Stock,Active,
FUND,Sprott Focus Trust Inc,NASDAQ,Stock,Active,
FUNL,CORNERCAP FUNDAMETRICS LARGE-CAP ETF,BATS,ETF,Active,
FURY,Fury Gold Mines Ltd,NYSE MKT,Stock,Active,
FUSB,First US Bancshares Inc,NASDAQ,Stock,Active,
FUSE,Fuisz Technologies Ltd,NASDAQ,Stock,Active,
FUSEW,Fusemachines Inc Warrants,NASDAQ,Stock,Active,
FUSI,AMERICAN CENTURY MULTISECTOR FLOATING INCOME ETF,NYSE ARCA,ETF,Active,
FUTG,LEVERAGE SHARES 2X LONG FUTU DAILY ETF,NASDAQ,ETF,Active,
FUTU,Futu Holdings Ltd,NASDAQ,Stock,Active,
FUTY,FIDELITY MSCI UTILITIES INDEX ETF,NYSE ARCA,ETF,Active,
FV,FIRST TRUST DORSEY WRIGHT FOCUS 5 ETF,NASDAQ,ETF,Active,
FVAL,FIDELITY VALUE FACTOR ETF,NYSE ARCA,ETF,Active,
FVAV,Fortress Value Acquisition Corp V - Class A,NASDAQ,Stock,Active,
FVC,FIRST TRUST DORSEY WRIGHT DYNAMIC FOCUS 5 ETF,NASDAQ,ETF,Active,
FVCB,FVCBankcorp Inc,NASDAQ,Stock,Active,
FVD,FIRST TRUST VALUE LINE DIVIDEND INDEX FUND,NYSE ARCA,ETF,Active,
FVN,Future Vision II Acquisition Corporation,NASDAQ,Stock,Active,
FVNNR,Future Vision II Acquisition Corporation Right,NASDAQ,Stock,Active,
FVNNU,Future Vision II Acquisition Corp - Units (1 Ord Shs & 1 Rts),NASDAQ,Stock,Active,
FVR,FrontView REIT Inc,NYSE,Stock,Active,
FVRR,Fiverr International Ltd,NYSE,Stock,Active,
FWD,AB DISRUPTORS ETF,NYSE ARCA,ETF,Active,
FWDI,Forward Industries Inc,NASDAQ,Stock,Active,
FWONA,Liberty Media Corp (New Liberty Formula One) Series A,NASDAQ,Stock,Active,
FWONK,Liberty Media Corp (New Liberty Formula One) Series C,NASDAQ,Stock,Active,
FWP,nan,NASDAQ,Stock,Active,
FWRD,Forward Air Corp,NASDAQ,Stock,Active,
FWRG,First Watch Restaurant Group Inc,NASDAQ,Stock,Active,
FXA,Invesco CurrencyShares Australian Dollar Trust,NYSE ARCA,ETF,Active,
FXA:BAT,CurrencyShares Australian Dollar Trust,NYSE ARCA,Stock,Active,
FXACU,FortuneX Acquisition Corp - Units (1 Ord Cls & 1/2 War),NASDAQ,Stock,Active,
FXB,Invesco CurrencyShares British Pound Sterling Trust,NYSE ARCA,ETF,Active,
FXB:BAT,CurrencyShares British Pound Sterling Trust,NYSE ARCA,Stock,Active,
FXC,Invesco CurrencyShares Canadian Dollar Trust,NYSE ARCA,ETF,Active,
FXCO,Financial Strategies Acquisition Corp - Class A,NASDAQ,Stock,Active,
FXCOR,Financial Strategies Acquisition Corp,NASDAQ,Stock,Active,
FXCOW,Financial Strategies Acquisition Corp - Warrants (31/03/2028),NASDAQ,Stock,Active,
FXD,FIRST TRUST CONSUMER DISCRETIONARY ALPHADEX FUND,NYSE ARCA,ETF,Active,
FXE,Invesco CurrencyShares Euro Trust,NYSE ARCA,ETF,Active,
FXED,SOUND ENHANCED FIXED INCOME ETF,NYSE,ETF,Active,
FXF,Invesco CurrencyShares Swiss Franc Trust,NYSE ARCA,ETF,Active,
FXF:BAT,CurrencyShares Swiss Franc Trust,NYSE ARCA,Stock,Active,
FXG,First Trust Consumer Staples AlphaDEX Fund,NYSE ARCA,ETF,Active,
FXH,FIRST TRUST HEALTH CARE ALPHADEX FUND,NYSE ARCA,ETF,Active,
FXI,ISHARES CHINA LARGE-CAP ETF,NYSE ARCA,ETF,Active,
FXL,FIRST TRUST TECHNOLOGY ALPHADEX FUND,NYSE ARCA,ETF,Active,
FXN,FIRST TRUST ENERGY ALPHADEX FUND,NYSE ARCA,ETF,Active,
FXNC,First National Corp (Strasburg VA),NASDAQ,Stock,Active,
FXO,FIRST TRUST FINANCIALS ALPHADEX FUND,NYSE ARCA,ETF,Active,
FXP,ProShares UltraShort FTSE China 50 -2x Shares,NYSE ARCA,ETF,Active,
FXR,FIRST TRUST INDUSTRIALS/PRODUCER DURABLES ALPHADEX FUND,NYSE ARCA,ETF,Active,
FXU,FIRST TRUST UTILITIES ALPHADEX FUND,NYSE ARCA,ETF,Active,
FXY,Invesco CurrencyShares Japanese Yen Trust,NYSE ARCA,ETF,Active,
FXZ,FIRST TRUST MATERIALS ALPHADEX FUND,NYSE ARCA,ETF,Active,
FYC,FIRST TRUST SMALL CAP GROWTH ALPHADEX FUND,NASDAQ,ETF,Active,
FYEE,FIDELITY YIELD ENHANCED EQUITY ETF,BATS,ETF,Active,
FYLD,CAMBRIA FOREIGN SHAREHOLDER YIELD ETF,BATS,ETF,Active,
FYT,FIRST TRUST SMALL CAP VALUE ALPHADEX FUND,NASDAQ,ETF,Active,
FYX,FIRST TRUST SMALL CAP CORE ALPHADEX FUND,NASDAQ,ETF,Active,
G,Genpact Ltd,NYSE,Stock,Active,
GAA,CAMBRIA GLOBAL ASSET ALLOCATION ETF,BATS,ETF,Active,
GAB,Gabelli Equity Trust Inc,NYSE,ETF,Active,
GAB-P-G,Gabelli Equity Trust Inc,NYSE,Stock,Active,
GAB-P-G:BAT,The Gabelli Equity Trust Inc,NYSE,Stock,Active,
GAB-P-H,Gabelli Equity Trust Inc,NYSE,Stock,Active,
GAB-P-H:BAT,Gabelli Equity Trust Inc Pfd.,NYSE,Stock,Active,
GAB-P-K,Gabelli Equity Trust Inc,NYSE,Stock,Active,
GAB-R-W,Gabelli Equity Trust Inc The Rights expiring April 14 2026 Rights when issued,NYSE,Stock,Active,
GABC,German American Bancorp Inc,NASDAQ,Stock,Active,
GABF,GABELLI FINANCIAL SERVICES OPPORTUNITIES ETF,NYSE ARCA,ETF,Active,
GAEM,Simplify Gamma Emerging Market Bond ETF,NYSE ARCA,ETF,Active,
GAIA,Gaia Inc - Class A,NASDAQ,Stock,Active,
GAIN,Gladstone Investment Corporation,NASDAQ,Stock,Active,
GAING,Gladstone Investment Corporation,NASDAQ,Stock,Active,
GAINI,Gladstone Investment Corporation,NASDAQ,Stock,Active,
GAINZ,Gladstone Investment Corporation,NASDAQ,Stock,Active,
GAL,SPDR SSGA GLOBAL ALLOCATION ETF,NYSE ARCA,ETF,Active,
GAL:BAT,Spdr Ssga Global Allocation Etf,NYSE ARCA,Stock,Active,
GALT,Galectin Therapeutics Inc,NASDAQ,Stock,Active,
GAM,General American Investors Co. Inc,NYSE,ETF,Active,
GAM-P-B,General American Investors Co. Inc,NYSE,Stock,Active,
GAM-P-B:BAT,General American Investors Co. Inc 5.95 Cum. Pfd. Series B,NYSE,Stock,Active,
GAMB,Gambling.com Group Ltd,NASDAQ,Stock,Active,
GAME,GameSquare Holdings Inc,NASDAQ,Stock,Active,
GAMR,Amplify Video Game Tech ETF,NYSE ARCA,ETF,Active,
GANX,Gain Therapeutics Inc,NASDAQ,Stock,Active,
GAP,Gap Inc,NYSE,Stock,Active,
GAPR,FT VEST U.S. EQUITY MODERATE BUFFER ETF - APRIL,BATS,ETF,Active,
GARP,ISHARES MSCI USA QUALITY GARP ETF,BATS,ETF,Active,
GARS:BAT,Garrison Capital Inc,NASDAQ,Stock,Active,
GASL,DIREXION DAILY NATURAL GAS RELATED BULL 3X SHARES,NYSE ARCA,ETF,Active,
GASS,StealthGas Inc,NASDAQ,Stock,Active,
GATE,VISTASHARES TARGET 15 GATE ENDOWMENT DISTRIBUTION ETF,NASDAQ,ETF,Active,
GATEU,Marblegate Acquisition Corp - Units (1 Ord Share Class A & 1/2 War),NASDAQ,Stock,Active,
GATEW,Marblegate Acquisition Corp - Warrants (31/08/2026),NASDAQ,Stock,Active,
GATX,GATX Corp,NYSE,Stock,Active,
GAU,Galiano Gold Inc,NYSE MKT,Stock,Active,
GAUG,FT VEST U.S. EQUITY MODERATE BUFFER ETF - AUGUST,BATS,ETF,Active,
GAUZ,Gauzy Ltd,NASDAQ,Stock,Active,
GAVA,Grayscale Avalanche Trust ETF,NASDAQ,ETF,Active,
GBAB,Guggenheim Taxbl Muni Bnd & Invtmnt Grd Debt Trst Com Shrs Of benf Int,NYSE,ETF,Active,
GBBKW,Global Blockchain Acquisition Corp - Warrants (09/05/2027),NASDAQ,Stock,Active,
GBCI,Glacier Bancorp Inc,NYSE,Stock,Active,
GBDC,Golub Capital BDC Inc,NASDAQ,Stock,Active,
GBF,ISHARES GOVERNMENT/CREDIT BOND ETF,NYSE ARCA,ETF,Active,
GBF:BAT,iShares GovernmentCredit Bond,NYSE ARCA,Stock,Active,
GBHI,GABELLI HIGH INCOME ETF,NYSE ARCA,ETF,Active,
GBIL,GOLDMAN SACHS ACCESS TREASURY 0-1 YEAR ETF,NYSE ARCA,ETF,Active,
GBLI,Global Indemnity Group LLC - Class A,NASDAQ,Stock,Active,
GBR,New Concept Energy Inc,NYSE MKT,Stock,Active,
GBRG,SunCar Technology Group Inc,NASDAQ,Stock,Active,
GBTC,Grayscale Investments LLC,NYSE ARCA,ETF,Active,
GBTG,Global Business Travel Group Inc - Class A,NYSE,Stock,Active,
GBUG,Sprott Active Gold & Silver Miners,NASDAQ,ETF,Active,
GBX,Greenbrier Cos. Inc,NYSE,Stock,Active,
GBXA,Goldman Sachs U.S. Large Cap Buffer 1 ETF,BATS,ETF,Active,
GBXB,Goldman Sachs U.S. Large Cap Buffer 2 ETF,BATS,ETF,Active,
GBXC,Goldman Sachs U.S. Large Cap Buffer 3 ETF,BATS,ETF,Active,
GCAD,GABELLI COMMERCIAL AEROSPACE AND DEFENSE ETF,NYSE ARCA,ETF,Active,
GCAL,GOLDMAN SACHS DYNAMIC CALIFORNIA MUNICIPAL INCOME ETF,NYSE ARCA,ETF,Active,
GCBC,Greene County Bancorp Inc,NASDAQ,Stock,Active,
GCC,WISDOMTREE ENHANCED COMMODITY STRATEGY FUND,NYSE ARCA,ETF,Active,
GCDT,Green Circle Decarbonize Technology Ltd,NYSE MKT,Stock,Active,
GCGRU,General Catalyst Global Resilience Merger Corp - Units (1 Ord Cls A & 1/4 War),NASDAQ,Stock,Active,
GCL,GCL Global Holdings Ltd,NASDAQ,Stock,Active,
GCLWW,GCL Global Holdings Ltd Warrants,NASDAQ,Stock,Active,
GCMG,GCM Grosvenor Inc - Class A,NASDAQ,Stock,Active,
GCMGW,GCM Grosvenor Inc - Warrants (17/11/2025),NASDAQ,Stock,Active,
GCO,Genesco Inc,NYSE,Stock,Active,
GCOR,GOLDMAN SACHS ACCESS U.S. AGGREGATE BOND ETF,NYSE ARCA,ETF,Active,
GCOW,PACER GLOBAL CASH COWS DIVIDEND ETF,BATS,ETF,Active,
GCT,GigaCloud Technology Inc - Class A,NASDAQ,Stock,Active,
GCTK,GlucoTrack Inc,NASDAQ,Stock,Active,
GCTS,GCT Semiconductor Holding Inc,NYSE,Stock,Active,
GCTS-WS,GCT Semiconductor Holding Inc Wt Exp,NYSE,Stock,Active,
GCTSW,GCT Semiconductor Holding Inc - Warrants (03/01/2029),NYSE,Stock,Active,
GCV,Gabelli Convertible and Income Securities Fund Inc,NYSE,ETF,Active,
GD,General Dynamics Corp,NYSE,Stock,Active,
GDC,GD Culture Group Ltd,NASDAQ,Stock,Active,
GDDY,Godaddy Inc - Class A,NYSE,Stock,Active,
GDE,WISDOMTREE EFFICIENT GOLD PLUS EQUITY STRATEGY FUND,BATS,ETF,Active,
GDEC,FT VEST U.S. EQUITY MODERATE BUFFER ETF - DECEMBER,BATS,ETF,Active,
GDEV,Nexters Inc,NASDAQ,Stock,Active,
GDEVW,Nexters Inc - Warrants (26/08/2026),NASDAQ,Stock,Active,
GDFN,Tema International Defense Innovation ETF,NASDAQ,ETF,Active,
GDHG,Golden Heaven Group Holdings Ltd - Class A,NASDAQ,Stock,Active,
GDIV,HARBOR DIVIDEND GROWTH LEADERS ETF,NYSE,ETF,Active,
GDL,GDL Fund,NYSE,ETF,Active,
GDMA,GADSDEN DYNAMIC MULTI-ASSET ETF,BATS,ETF,Active,
GDMN,WISDOMTREE EFFICIENT GOLD PLUS GOLD MINERS STRATEGY FUND,BATS,ETF,Active,
GDO,Western Asset Global Corporate Defined Opportunity Fund Inc,NYSE,ETF,Active,
GDOC,GOLDMAN SACHS FUTURE HEALTH CARE EQUITY ETF,NYSE ARCA,ETF,Active,
GDOG,Grayscale Dogecoin Trust ETF.,NYSE ARCA,ETF,Active,
GDOT,Green Dot Corp - Class A,NYSE,Stock,Active,
GDRX,GoodRx Holdings Inc - Class A,NASDAQ,Stock,Active,
GDS,GDS Holdings Ltd,NASDAQ,Stock,Active,
GDSTR,Goldenstone Acquisition Ltd,NASDAQ,Stock,Active,
GDSTW,Goldenstone Acquisition Ltd - Warrants (15/07/2026),NASDAQ,Stock,Active,
GDT,WISDOMTREE EFFICIENT TIPS PLUS GOLD FUND,NYSE,Stock,Active,
GDTC,CytoMed Therapeutics Ltd,NASDAQ,Stock,Active,
GDV,Gabelli Dividend & Income Trust,NYSE,ETF,Active,
GDV-P-H,Gabelli Dividend & Income Trust,NYSE,Stock,Active,
GDV-P-K,Gabelli Dividend & Income Trust,NYSE,Stock,Active,
GDVD,COPPER PLACE GLOBAL DIVIDEND GROWTH ETF,NYSE ARCA,ETF,Active,
GDX,VANECK GOLD MINERS ETF,NYSE ARCA,ETF,Active,
GDXD,Bank of Montreal,NYSE ARCA,Stock,Active,
GDXJ,VANECK JUNIOR GOLD MINERS ETF,NYSE ARCA,ETF,Active,
GDXJ:BAT,Market Vectors Junior Gold Miners ETF,NYSE ARCA,ETF,Active,
GDXU,Bank of Montreal,NYSE ARCA,Stock,Active,
GDXW,ROUNDHILL GOLD MINERS WEEKLYPAY ETF,BATS,ETF,Active,
GDXY,YIELDMAX(R) GOLD MINERS OPTION INCOME STRATEGY ETF,NYSE ARCA,ETF,Active,
GDYN,Grid Dynamics Holdings Inc - Class A,NASDAQ,Stock,Active,
GE,General Electric Company,NYSE,Stock,Active,
GECC,Great Elm Capital Corp,NASDAQ,Stock,Active,
GECCG,Great Elm Capital Corp,NASDAQ,Stock,Active,
GECCH,Great Elm Capital Corp,NASDAQ,Stock,Active,
GECCI,Great Elm Capital Corp,NASDAQ,Stock,Active,
GECCO,Great Elm Capital Corp,NASDAQ,Stock,Active,
GEF,Greif Inc - Class A,NYSE,Stock,Active,
GEF-B,Greif Inc - Class B,NYSE,Stock,Active,
GEG,Great Elm Group Inc,NASDAQ,Stock,Active,
GEGGL,Great Elm Group Inc,NASDAQ,Stock,Active,
GEHC,GE HealthCare Technologies Inc,NASDAQ,Stock,Active,
GEHCV,GE HealthCare Technologies Inc,NASDAQ,Stock,Active,
GEL,Genesis Energy L.P.,NYSE,Stock,Active,
GELS,Gelteq Ltd,NASDAQ,Stock,Active,
GEM,Goldman Sachs ActiveBeta Emerging Markets Equity ETF,NYSE ARCA,ETF,Active,
GEMD,GOLDMAN SACHS ACCESS EMERGING MARKETS USD BOND ETF,BATS,ETF,Active,
GEMG,Leverage Shares 2X Long GEMI Daily ETF,NASDAQ,ETF,Active,
GEMI,Gemini Space Station Inc - Class A,NASDAQ,Stock,Active,
GEN,Gen Digital Inc,NASDAQ,Stock,Active,
GENB,Generate Biomedicines Inc,NASDAQ,Stock,Active,
GENC,Gencor Industries Inc,NYSE MKT,Stock,Active,
GENI,Genius Sports Ltd,NYSE,Stock,Active,
GENK,GEN Restaurant Group Inc - Class A,NASDAQ,Stock,Active,
GENM,GENTER CAPITAL MUNICIPAL QUALITY INTERMEDIATE ETF,NYSE ARCA,ETF,Active,
GENQU,ESGL Holdings Ltd - Units (1 Ord Share Class A & 1 War),NASDAQ,Stock,Active,
GENT,GENTER CAPITAL TAXABLE QUALITY INTERMEDIATE ETF,NYSE ARCA,ETF,Active,
GENVR,Gen Digital Inc,NASDAQ,Stock,Active,
GENY,Principal Millennial GlobalGrowth ETF,NASDAQ,ETF,Active,
GENZ,VanEck Digital Native Economy ETF,NASDAQ,ETF,Active,
GEO,Geo Group Inc,NYSE,Stock,Active,
GEOS,Geospace Technologies Corp,NASDAQ,Stock,Active,
GER,Goldman Sachs MLP and Energy Renaissance Fund,NYSE,ETF,Active,
GERM,ETFMG Treatments Testing and Advancements ETF,NYSE ARCA,ETF,Active,
GERN,Geron Corp,NASDAQ,Stock,Active,
GET,GetnetAdquirencia e Servicos para Meios de Pagamento S.A. - Instituica,NASDAQ,Stock,Active,
GETR-WS,Getaround Inc Warrants each whole warrant exercisable for one share of Common Stock at an exercise price of 11.50 per share,NYSE,Stock,Active,
GETY,Getty Images Holdings Inc - Class A,NYSE,Stock,Active,
GEV,GE Vernova LLC,NYSE,Stock,Active,
GEV-W,GE Vernova Inc WhenIssued,NYSE,Stock,Active,
GEVG,Leverage Shares 2X Long GEV Daily ETF,NASDAQ,ETF,Active,
GEVO,Gevo Inc,NASDAQ,Stock,Active,
GEVX,Tradr 2X Long GEV Daily ETF,BATS,ETF,Active,
GF,New Germany Fund Inc,NYSE,ETF,Active,
GFAI,Guardforce AI Co Ltd,NASDAQ,Stock,Active,
GFAIW,Guardforce AI Co Ltd - Warrants (01/09/2026),NASDAQ,Stock,Active,
GFEB,FT VEST U.S. EQUITY MODERATE BUFFER ETF - FEBRUARY,BATS,ETF,Active,
GFF,Griffon Corp,NYSE,Stock,Active,
GFGF,GURU FAVORITE STOCKS ETF,NASDAQ,ETF,Active,
GFI,Gold Fields Ltd,NYSE,Stock,Active,
GFL,GFL Environmental Inc (Sub Voting),NYSE,Stock,Active,
GFN:BAT,General Finance Corporation General Finance Corporation,NASDAQ,Stock,Active,
GFR,Greenfire Resources Ltd,NYSE,Stock,Active,
GFR-R,Greenfire Resources Ltd Rights expiring December 16 2025 Rights,NYSE,Stock,Active,
GFR-R-W,Greenfire Resources Ltd Rights expiring December 16 2025 Rights when issued,NYSE,Stock,Active,
GFS,GlobalFoundries Inc,NASDAQ,Stock,Active,
GGAL,Grupo Financiero Galicia,NASDAQ,Stock,Active,
GGB,Gerdau S.A.,NYSE,Stock,Active,
GGG,Graco Inc,NYSE,Stock,Active,
GGLL,DIREXION DAILY GOOGL BULL 2X SHARES,NASDAQ,ETF,Active,
GGLS,DIREXION DAILY GOOGL BEAR 1X SHARES,NASDAQ,ETF,Active,
GGM,GGM MACRO ALIGNMENT ETF,NYSE ARCA,ETF,Active,
GGME,INVESCO NEXT GEN MEDIA AND GAMING ETF,NYSE ARCA,ETF,Active,
GGN,GAMCO Global Gold Natural Resources & Income Trust,NYSE MKT,ETF,Active,
GGN-P-B,GAMCO Global Gold Natural Resources & Income Trust,NYSE MKT,Stock,Active,
GGOV,iShares Global Government Bond USD Hedged Active,NYSE ARCA,ETF,Active,
GGR,Gogoro Inc - Class A,NASDAQ,Stock,Active,
GGROW,Gogoro Inc - Warrants (04/04/2027),NASDAQ,Stock,Active,
GGRP,Glimpse Group Inc (The),NASDAQ,Stock,Active,
GGRW,GABELLI GROWTH INNOVATORS ETF,NYSE ARCA,ETF,Active,
GGT,Gabelli Multimedia Trust Inc,NYSE,ETF,Active,
GGT-P-E,Gabelli Multimedia Trust Inc,NYSE,Stock,Active,
GGT-P-G,Gabelli Multimedia Trust Inc,NYSE,Stock,Active,
GGT-R-W,Gabelli MultiMedia Trust Inc The Rights expiring July 22 2024 Rights when issued,NYSE,Stock,Active,
GGTL,GABELLI GLOBAL TECHNOLOGY LEADERS ETF,NYSE ARCA,ETF,Active,
GGUS,GOLDMAN SACHS MARKETBETA(R) RUSSELL 1000 GROWTH EQUITY ETF,NYSE ARCA,ETF,Active,
GGZ,Gabelli Global Small and Mid Cap Value Trust,NYSE,ETF,Active,
GH,Guardant Health Inc,NASDAQ,Stock,Active,
GHC,Graham Holdings Co. - Class B,NYSE,Stock,Active,
GHG,GreenTree Hospitality Group Ltd,NYSE,Stock,Active,
GHI,Greystone Housing Impact Investors LP,NYSE,Stock,Active,
GHM,Graham Corp,NYSE,Stock,Active,
GHRS,GH Research PLC,NASDAQ,Stock,Active,
GHTA,GOOSE HOLLOW TACTICAL ALLOCATION ETF,BATS,ETF,Active,
GHY,PGIM Global High Yield Fund Inc,NYSE,ETF,Active,
GHYB,GOLDMAN SACHS ACCESS HIGH YIELD CORPORATE BOND ETF,NYSE ARCA,ETF,Active,
GHYG,ISHARES US & INTL HIGH YIELD CORP BOND ETF,BATS,ETF,Active,
GHYG:BAT,iShares Global High Yield Corporate Bond Fund,BATS,Stock,Active,
GIACU,Gesher I Acquisition Corp - Units (1 Ord Share & 1/2 War),NASDAQ,Stock,Active,
GIAX,NICHOLAS GLOBAL EQUITY AND INCOME ETF,NYSE ARCA,ETF,Active,
GIB,CGI Inc - Class A,NYSE,Stock,Active,
GIBO,GIBO Holdings Ltd,NASDAQ,Stock,Active,
GIBOW,GIBO Holdings Ltd Warrants,NASDAQ,Stock,Active,
GIC,Global Industrial Company,NYSE,Stock,Active,
GIEQ,Goldman Sachs Data Enhanced International Equity ETF,NASDAQ,Stock,Active,
GIFI,Gulf Island Fabrication Inc,NASDAQ,Stock,Active,
GIFT,RDE Inc,NASDAQ,Stock,Active,
GIG,GigCapital7 Corp - Class A,NASDAQ,Stock,Active,
GIGB,GOLDMAN SACHS ACCESS INVESTMENT GRADE CORPORATE BOND ETF,NYSE ARCA,ETF,Active,
GIGGU,GigCapital7 Corp - Units (1 Ord Class A & 1 War),NASDAQ,Stock,Active,
GIGGW,GigCapital7 Corp - Warrants (29/08/2029),NASDAQ,Stock,Active,
GIGM,Gigamedia,NASDAQ,Stock,Active,
GII,SPDR(R) S&P GLOBAL INFRASTRUCTURE ETF,NYSE ARCA,ETF,Active,
GIII,G-III Apparel Group Ltd,NASDAQ,Stock,Active,
GIL,Gildan Activewear Inc,NYSE,Stock,Active,
GILD,Gilead Sciences Inc,NASDAQ,Stock,Active,
GILT,Gilat Satellite Networks,NASDAQ,Stock,Active,
GIND,Goldman Sachs India Equity ETF,NASDAQ,ETF,Active,
GINN,GOLDMAN SACHS INNOVATE EQUITY ETF,NYSE ARCA,ETF,Active,
GINX,SGI ENHANCED GLOBAL INCOME ETF,NASDAQ,ETF,Active,
GIPR,Generation Income Properties Inc,NASDAQ,Stock,Active,
GIPRW,Generation Income Properties Inc - Warrants (03/09/2026),NASDAQ,Stock,Active,
GIS,General Mills Inc,NYSE,Stock,Active,
GITS,Global Interactive Technologies Inc Common Stock,NASDAQ,Stock,Active,
GIW,GigInternational1 Inc,NASDAQ,Stock,Active,
GIWWR,GigCapital8 Corp Rights,NASDAQ,Stock,Active,
GIWWU,GigCapital8 Corp - Units (1 Ord Cls A & 1 Rts),NASDAQ,Stock,Active,
GIWWW,GigInternational1 Inc - Warrants (19/04/2026),NASDAQ,Stock,Active,
GIX,GigCapital9 Corp,NASDAQ,Stock,Active,
GIXXR,GigCapital9 Corp Rights,NASDAQ,Stock,Active,
GIXXU,GigCapital9 Corp - Units (1 Ord Class A & 1 Rts),NASDAQ,Stock,Active,
GJAN,FT VEST U.S. EQUITY MODERATE BUFFER ETF - JANUARY,BATS,ETF,Active,
GJH,Synthetic FixedIncome Securities Inc 6375 STRATS Cl A1,NYSE,Stock,Active,
GJO,Synthetic FixedIncome Securities Inc Synthetic FixedIncome Securities Inc on behalf of STRATSSM Trust for WalMart Stores Inc Securities Series 2004,NYSE,Stock,Active,
GJP,Synthetic FixedIncome Securities Inc Synthetic FixedIncome Securities Inc on behalf of STRATS SM Trust for Dominion Resources Inc Securities Series 2,NYSE,Stock,Active,
GJR,Synthetic FixedIncome Securities Inc STRATS Trust for ProcterGamble Securities Series 20061,NYSE,Stock,Active,
GJS,Synthetic Fixed-Income Securities Inc,NYSE,Stock,Active,
GJS:BAT,Synthetic FixedIncome Securities Floating Rate STRATS Series 20062 for Goldman,NYSE,Stock,Active,
GJT,Synthetic FixedIncome Securities Inc Synthetic FixedIncome Securities Inc Floating Rate Structured Repackaged AssetBacked Trust Securities Certificates,NYSE,Stock,Active,
GJUL,FT VEST U.S. EQUITY MODERATE BUFFER ETF - JULY,BATS,ETF,Active,
GJUN,FT VEST U.S. EQUITY MODERATE BUFFER ETF - JUNE,BATS,ETF,Active,
GK,ADVISORSHARES GERBER KAWASAKI ETF,NYSE ARCA,ETF,Active,
GKOS,Glaukos Corporation,NYSE,Stock,Active,
GL,Globe Life Inc,NYSE,Stock,Active,
GL-P-D,Globe Life Inc,NYSE,Stock,Active,
GLAD,Gladstone Capital Corp,NASDAQ,Stock,Active,
GLAM,Corgi Beauty Skincare & Aesthetics,BATS,Stock,Active,
GLBAV,GCI Liberty Inc,NASDAQ,Stock,Active,
GLBE,Global E Online Ltd,NASDAQ,Stock,Active,
GLBKV,GCI Liberty Inc,NASDAQ,Stock,Active,
GLBL,PACER MSCI WORLD INDUSTRY ADVANTAGE ETF,BATS,ETF,Active,
GLBLW,Cartesian Growth Corp - Warrants (26/02/2028),NASDAQ,Stock,Active,
GLBS,Globus Maritime Ltd,NASDAQ,Stock,Active,
GLD,SPDR Gold Shares ETF,NYSE ARCA,ETF,Active,
GLDB,IDX ALTERNATIVE FIAT ETF,NASDAQ,ETF,Active,
GLDG,GoldMining Inc,NYSE MKT,Stock,Active,
GLDI,Credit Suisse AG Nassau Branch,NASDAQ,ETF,Active,
GLDM,SPDR Gold MiniShares Trust,NYSE ARCA,ETF,Active,
GLDW,ROUNDHILL GOLD WEEKLYPAY ETF,BATS,ETF,Active,
GLDY,DEFIANCE GOLD ENHANCED OPTIONS INCOME ETF,NASDAQ,ETF,Active,
GLE,Global Engine Group Holding Ltd,NASDAQ,Stock,Active,
GLED,GalaxyEdge Acquisition Corp,NYSE,Stock,Active,
GLED-R,GalaxyEdge Acquisition Corporation Rights to receive onefourth 14 of one ordinary share,NYSE,Stock,Active,
GLED-U,GalaxyEdge Acquisition Corp - Units (1 Ord Shs & 1 Rts),NYSE,Stock,Active,
GLGG,LEVERAGE SHARES 2X LONG GLXY DAILY ETF,NASDAQ,ETF,Active,
GLIBA,GCI Liberty Inc - Class A,NASDAQ,Stock,Active,
GLIBK,GCI Liberty Inc,NASDAQ,Stock,Active,
GLIBR,GCI Liberty Inc,NASDAQ,Stock,Active,
GLIN,VANECK INDIA GROWTH LEADERS ETF,NYSE ARCA,ETF,Active,
GLIN:BAT,Market Vectors India SmallCap Index ETF,NYSE ARCA,ETF,Active,
GLIX,LAZARD LISTED INFRASTRUCTURE ETF,NYSE ARCA,ETF,Active,
GLL,ProShares UltraShort Gold -2x Shares,NYSE ARCA,ETF,Active,
GLL:BAT,ProShares UltraShort Gold,NYSE ARCA,Stock,Active,
GLMD,Galmed Pharmaceuticals Ltd,NASDAQ,Stock,Active,
GLND,Greenland Energy Company,NASDAQ,Stock,Active,
GLNDW,Greenland Energy Company Warrant,NASDAQ,Stock,Active,
GLNG,Golar Lng,NASDAQ,Stock,Active,
GLO,Clough Global Opportunities Fund.,NYSE MKT,ETF,Active,
GLOB,Globant S.A.,NYSE,Stock,Active,
GLOF,ISHARES GLOBAL EQUITY FACTOR ETF,NYSE ARCA,ETF,Active,
GLOO,Gloo Holdings Inc - Class A,NASDAQ,Stock,Active,
GLOP-P-A,Gaslog Partners LP,NYSE,Stock,Active,
GLOP-P-B,Gaslog Partners LP,NYSE,Stock,Active,
GLOP-P-C,Gaslog Partners LP,NYSE,Stock,Active,
GLOW,VICTORYSHARES WESTEND GLOBAL EQUITY ETF,NASDAQ,ETF,Active,
GLP,Global Partners LP,NYSE,Stock,Active,
GLP-P-B,Global Partners LP,NYSE,Stock,Active,
GLPI,Gaming and Leisure Properties Inc,NASDAQ,Stock,Active,
GLQ,Clough Global Equity Fund,NYSE MKT,ETF,Active,
GLRE,Greenlight Capital Re Ltd - Class A,NASDAQ,Stock,Active,
GLRY,INSPIRE GROWTH ETF,NYSE ARCA,ETF,Active,
GLSI,Greenwich LifeSciences Inc,NASDAQ,Stock,Active,
GLT,nan,NYSE,Stock,Active,
GLT:BAT,Glatfelter,NYSE,Stock,Active,
GLTA,Galata Acquisition Corp - Class A,NYSE MKT,Stock,Active,
GLTA-U,Galata Acquisition Corp - Units (1 Ord Class A & 1/2 War),NYSE MKT,Stock,Active,
GLTR,abrdn Physical Precious Metals Basket Shares ETF,NYSE ARCA,ETF,Active,
GLTR:BAT,ETFS Physical Precious Metal Basket Shares,NYSE ARCA,Stock,Active,
GLU,Gabelli Global Utility & Income Trust.,NYSE MKT,ETF,Active,
GLU-P-A,Gabelli Global Utility & Income Trust.,NYSE MKT,Stock,Active,
GLU-P-B,Gabelli Global Utility & Income Trust.,NYSE MKT,Stock,Active,
GLUE,Monte Rosa Therapeutics Inc,NASDAQ,Stock,Active,
GLUU:BAT,Glu Mobile Inc,NASDAQ,Stock,Active,
GLV,Clough Global Dividend and Income Fund,NYSE MKT,ETF,Active,
GLW,Corning Inc,NYSE,Stock,Active,
GLWG,Leverage Shares 2X Long GLW Daily ETF,NASDAQ,ETF,Active,
GLXG,Galaxy Payroll Group Ltd,NASDAQ,Stock,Active,
GLXU,T-REX 2X LONG GLXY DAILY TARGET ETF,BATS,ETF,Active,
GLXY,Galaxy Digital,NASDAQ,Stock,Active,
GLYC,nan,NASDAQ,Stock,Active,
GM,General Motors Company,NYSE,Stock,Active,
GMAB,Genmab,NASDAQ,Stock,Active,
GMAR,FT VEST U.S. EQUITY MODERATE BUFFER ETF - MARCH,BATS,ETF,Active,
GMAY,FT VEST U.S. EQUITY MODERATE BUFFER ETF - MAY,BATS,ETF,Active,
GME,Gamestop Corporation - Class A,NYSE,Stock,Active,
GME-WS,Gamestop Corporation - Warrants (30/10/2026),NYSE,Stock,Active,
GMED,Globus Medical Inc - Class A,NYSE,Stock,Active,
GMEX,GMEX ROBOTICS Corp Cl A Ord,NASDAQ,Stock,Active,
GMEY,YieldMax GME Option Income Strategy ETF,NYSE ARCA,ETF,Active,
GMF,SPDR(R) S&P(R) EMERGING ASIA PACIFIC ETF,NYSE ARCA,ETF,Active,
GMGT,Gaming Technologies Inc,NASDAQ,Stock,Active,
GMHS,Gamehaus Holdings Inc,NASDAQ,Stock,Active,
GMLP:BAT,Golar LNG Partners LP,NASDAQ,Stock,Active,
GMM,Global Mofy Metaverse Ltd,NASDAQ,Stock,Active,
GMMA,GAMMAROAD MARKET NAVIGATION ETF,NYSE ARCA,ETF,Active,
GMMF,iShares Government Money Market ETF,NYSE ARCA,ETF,Active,
GMNY,GOLDMAN SACHS DYNAMIC NEW YORK MUNICIPAL INCOME ETF,NYSE ARCA,ETF,Active,
GMOC,GMO ULTRA-SHORT INCOME ETF,NYSE ARCA,ETF,Active,
GMOI,GMO INTERNATIONAL VALUE ETF,NYSE ARCA,ETF,Active,
GMOM,CAMBRIA GLOBAL MOMENTUM ETF,BATS,ETF,Active,
GMOV,GMO U.S. VALUE ETF,NYSE ARCA,ETF,Active,
GMRS,GMR Solutions Inc - Class A,NYSE,Stock,Active,
GMTL,Guardian Metal Resources PLC ADS,AMEX,Stock,Active,
GMUB,GOLDMAN SACHS MUNICIPAL INCOME ETF,NYSE ARCA,ETF,Active,
GMUN,GOLDMAN SACHS COMMUNITY MUNICIPAL BOND ETF,NYSE ARCA,ETF,Active,
GNE,Genie Energy Ltd - Class B,NYSE,Stock,Active,
GNK,Genco Shipping & Trading Ltd,NYSE,Stock,Active,
GNL,Global Net Lease Inc,NYSE,Stock,Active,
GNL-P-A,Global Net Lease Inc,NYSE,Stock,Active,
GNL-P-B,Global Net Lease Inc,NYSE,Stock,Active,
GNL-P-D,Global Net Lease Inc,NYSE,Stock,Active,
GNL-P-E,Global Net Lease Inc,NYSE,Stock,Active,
GNLN,Greenlane Holdings Inc - Class A,NASDAQ,Stock,Active,
GNLX,Genelux Corp,NASDAQ,Stock,Active,
GNMA,ISHARES GNMA BOND ETF,NASDAQ,ETF,Active,
GNMK:BAT,GenMark Diagnostics Inc,NASDAQ,Stock,Active,
GNMX,Medgenics Inc,NASDAQ,Stock,Active,
GNOM,GLOBAL X GENOMICS & BIOTECHNOLOGY ETF,NASDAQ,ETF,Active,
GNPX,Genprex Inc,NASDAQ,Stock,Active,
GNR,SPDR(R) S&P(R) GLOBAL NATURAL RESOURCES ETF,NYSE ARCA,ETF,Active,
GNR:BAT,SPDR S&P Global Natural Resources ETF,NYSE ARCA,ETF,Active,
GNRC,Generac Holdings Inc,NYSE,Stock,Active,
GNS,Genius Group Ltd,NYSE MKT,Stock,Active,
GNS-R,Genius Group Ltd Rights expiring February 14 2025 Rights,AMEX,Stock,Active,
GNS-R-W,Genius Group Ltd Rights expiring February 14 2025 Rights when issued,AMEX,Stock,Active,
GNSS,Genasys Inc,NASDAQ,Stock,Active,
GNT,GAMCO Natural Resources Gold & Income Trust,NYSE,ETF,Active,
GNT-P-A,GAMCO Natural Resources Gold & Income Trust,NYSE,Stock,Active,
GNTA,Genenta Science SpA,NASDAQ,Stock,Active,
GNTX,Gentex Corp,NASDAQ,Stock,Active,
GNW,Genworth Financial Inc - Class A,NYSE,Stock,Active,
GO,Grocery Outlet Holding Corp,NASDAQ,Stock,Active,
GOAU,U.S. GLOBAL GO GOLD AND PRECIOUS METAL MINERS ETF,NYSE ARCA,ETF,Active,
GOCO,GoHealth Inc - Class A,NASDAQ,Stock,Active,
GOCT,FT VEST U.S. EQUITY MODERATE BUFFER ETF - OCTOBER,BATS,ETF,Active,
GODN,Golden Star Acquisition Corp,NASDAQ,Stock,Active,
GODNR,Golden Star Acquisition Corp,NASDAQ,Stock,Active,
GODNU,Golden Star Acquisition Corp - Units (1 Ord & 1 Right ),NASDAQ,Stock,Active,
GOEX,GLOBAL X GOLD EXPLORERS ETF,NYSE ARCA,ETF,Active,
GOEX:BAT,Global X Gold Explorers ETF,NYSE ARCA,ETF,Active,
GOF,Guggenheim Strategic Opportunities Fund,NYSE,ETF,Active,
GOGL,Golden Ocean Group Ltd,NASDAQ,Stock,Active,
GOGO,Gogo Inc,NASDAQ,Stock,Active,
GOLD,Gold.com Inc,NASDAQ,Stock,Active,
GOLF,Acushnet Holdings Corp,NYSE,Stock,Active,
GOLS,GABELLI OPPORTUNITIES IN LIVE AND SPORTS ETF,NYSE ARCA,ETF,Active,
GOLY,STRATEGY SHARES GOLD ENHANCED YIELD ETF,BATS,ETF,Active,
GOOD,Gladstone Commercial Corp,NASDAQ,Stock,Active,
GOODN,Gladstone Commercial Corp,NASDAQ,Stock,Active,
GOODO,Gladstone Commercial Corp,NASDAQ,Stock,Active,
GOOG,Alphabet Inc - Class C,NASDAQ,Stock,Active,
GOOGL,Alphabet Inc - Class A,NASDAQ,Stock,Active,
GOOP,Kurv Yield Premium Strategy Google (GOOGL) ETF,BATS,ETF,Active,
GOOS,Canada Goose Holdings Inc (Subord Vot Shs),NYSE,Stock,Active,
GOOW,ROUNDHILL GOOGL WEEKLYPAY ETF,BATS,ETF,Active,
GOOX,T-REX 2X LONG ALPHABET DAILY TARGET ETF,BATS,ETF,Active,
GOOY,YIELDMAX(R) GOOGL OPTION INCOME STRATEGY ETF,NYSE ARCA,ETF,Active,
GOP,UNUSUAL WHALES SUBVERSIVE REPUBLICAN TRADING ETF,BATS,ETF,Active,
GORO,Gold Resource Corp,NYSE MKT,Stock,Active,
GOSS,Gossamer Bio Inc,NASDAQ,Stock,Active,
GOTU,Gaotu Techedu Inc,NYSE,Stock,Active,
GOVI,INVESCO EQUAL WEIGHT 0-30 YEAR TREASURY ETF,NASDAQ,ETF,Active,
GOVM,iShares 110 Year Treasury Bond,BATS,Stock,Active,
GOVT,ISHARES U.S. TREASURY BOND ETF,BATS,ETF,Active,
GOVT:BAT,Ishares U.S. Treasury Bond Etf,BATS,Stock,Active,
GOVX,Geovax Labs Inc,NASDAQ,Stock,Active,
GOVZ,iShares 25+ Year Treasury STRIPS Bond ETF,BATS,ETF,Active,
GP,GreenPower Motor Company Inc,NASDAQ,Stock,Active,
GPACU,General Purpose Acquisition Corp - Units (1 Ord Cls A & 1/2 War),NASDAQ,Stock,Active,
GPACW,Global Partner Acquisition Corp Wt Exp 07012020,NASDAQ,Stock,Active,
GPAT,GP-Act III Acquisition Corp - Class A,NASDAQ,Stock,Active,
GPATU,GP-Act III Acquisition Corp - Units (1 Ord Share Class A & 1/2 War),NASDAQ,Stock,Active,
GPATW,GP-Act III Acquisition Corp - Warrants (09/05/2029),NASDAQ,Stock,Active,
GPC,Genuine Parts Company,NYSE,Stock,Active,
GPCR,Structure Therapeutics Inc,NASDAQ,Stock,Active,
GPGI,CompoSecure Inc - Class A,NYSE,Stock,Active,
GPI,Group 1 Automotive Inc,NYSE,Stock,Active,
GPIQ,GOLDMAN SACHS NASDAQ-100 PREMIUM INCOME ETF,NASDAQ,ETF,Active,
GPIX,GOLDMAN SACHS S&P 500 PREMIUM INCOME ETF,NASDAQ,ETF,Active,
GPJA,Georgia Power Company,NYSE,Stock,Active,
GPK,Graphic Packaging Holding Company,NYSE,Stock,Active,
GPMT,Granite Point Mortgage Trust Inc,NYSE,Stock,Active,
GPMT-P-A,Granite Point Mortgage Trust Inc,NYSE,Stock,Active,
GPN,Global Payments Inc,NYSE,Stock,Active,
GPOR,Gulfport Energy Corp (New),NYSE,Stock,Active,
GPRE,Green Plains Inc,NASDAQ,Stock,Active,
GPRF,GOLDMAN SACHS ACCESS U.S. PREFERRED STOCK AND HYBRID SECURITIES ETF,NASDAQ,ETF,Active,
GPRK,Geopark Ltd,NYSE,Stock,Active,
GPRO,GoPro Inc - Class A,NASDAQ,Stock,Active,
GPT,INTELLIGENT ALPHA ATLAS ETF,NASDAQ,ETF,Active,
GPUS,Hyperscale Data Inc Com Par,AMEX,Stock,Active,
GPUS-P-D,Hyperscale Data Inc Pfd Ser D 13.00,AMEX,Stock,Active,
GQGU,The Advisors Inner Circle Fund III GQG US Equity,NYSE ARCA,Stock,Active,
GQI,Natixis Gateway Quality Income ETF,NYSE ARCA,ETF,Active,
GQQQ,ASTORIA US QUALITY GROWTH KINGS ETF,NASDAQ,ETF,Active,
GQRE,FLEXSHARES GLOBAL QUALITY REAL ESTATE INDEX FUND,NYSE ARCA,ETF,Active,
GRAB,Grab Holdings Ltd - Class A,NASDAQ,Stock,Active,
GRABW,Grab Holdings Ltd - Warrants (01/12/2026),NASDAQ,Stock,Active,
GRAF,Graf Global Corp - Class A,NYSE MKT,Stock,Active,
GRAF-U,Graf Global Corp - Unit (1 Ord Class A & 1/2 War),NYSE MKT,Stock,Active,
GRAF-WS,Graf Global Corp - Warrants (31/05/2032),NYSE MKT,Stock,Active,
GRAG,Leverage Shares 2X Long GRAB Daily ETF,NASDAQ,ETF,Active,
GRAL,GRAIL Inc,NASDAQ,Stock,Active,
GRALV,GRAIL Inc,NASDAQ,Stock,Active,
GRAN,Grande Group Ltd - Class A,NASDAQ,Stock,Active,
GRBK,Green Brick Partners Inc,NYSE,Stock,Active,
GRBK-P-A,Green Brick Partners Inc,NYSE,Stock,Active,
GRC,Gorman-Rupp Company,NYSE,Stock,Active,
GRCE,Acasti Pharma Inc,NASDAQ,Stock,Active,
GRCL,Gracell Biotechnologies Inc,NASDAQ,Stock,Active,
GRDN,Guardian Pharmacy Services Inc,NYSE,Stock,Active,
GRDX,Entero Therapeutics Inc,NASDAQ,Stock,Active,
GREE,Greenidge Generation Holdings Inc - Class A,NASDAQ,Stock,Active,
GREEL,Greenidge Generation Holdings Inc,NASDAQ,Stock,Active,
GREK,GLOBAL X MSCI GREECE ETF,NYSE ARCA,ETF,Active,
GREK:BAT,Global X FTSE Greece 20 ETF,NYSE ARCA,ETF,Active,
GRF,Eagle Capital Growth Fund Inc,NYSE MKT,ETF,Active,
GRFS,Grifols SA,NASDAQ,Stock,Active,
GRFX,Graphex Group Ltd American Depositary Shares each American Depositary Share representing 20,NYSE MKT,Stock,Active,
GRI,GRI Bio Inc,NASDAQ,Stock,Active,
GRID,FIRST TRUST NASDAQ CLEAN EDGE SMART GRID INFRASTRUCTURE INDEX FUND,NASDAQ,ETF,Active,
GRIN,Grindrod Shipping Holdings Ltd,NASDAQ,Stock,Active,
GRML,Klotho Neurosciences Inc,NASDAQ,Stock,Active,
GRMLW,Greenland Mines Ltd - Warrants(21/06/2029),NASDAQ,Stock,Active,
GRMN,Garmin Ltd,NYSE,Stock,Active,
GRN,iPath Series B Carbon ETN,NYSE ARCA,ETF,Active,
GRNA,GreenLight Biosciences Inc,NASDAQ,Stock,Active,
GRNAW,GreenLight Biosciences Holdings PBC - Warrants (30/09/2027),NASDAQ,Stock,Active,
GRNB,VANECK GREEN BOND ETF,NYSE ARCA,ETF,Active,
GRND,Grindr Inc - Class A,NYSE,Stock,Active,
GRND-WS,Grindr Inc Warrants each exercisable for one share of Common Stock at an exercise price of 11.50 per share,NYSE,Stock,Active,
GRNI,Fundstrat Granny Shots US Large Cap & Income ETF,NYSE ARCA,ETF,Active,
GRNJ,Fundstrat Granny Shots US Small & Mid-Cap ETF,NYSE ARCA,ETF,Active,
GRNQ,Greenpro Capital Corp,NASDAQ,Stock,Active,
GRNT,Granite Ridge Resources Inc - Class A,NYSE,Stock,Active,
GRNT-WS,Granite Ridge Resources Inc Warrants to purchase Common Stock each whole warrant exercisable for one share of common stock at an exercise price of 11.50 per s,NYSE,Stock,Active,
GRNY,FUNDSTRAT GRANNY SHOTS US LARGE CAP ETF,NYSE ARCA,ETF,Active,
GRO,Brazil Potash Corp,NYSE,Stock,Active,
GROV,Grove Collaborative Holdings Inc - Class A,NYSE,Stock,Active,
GROW,U.S. Global Investors Inc - Class A,NASDAQ,Stock,Active,
GROY,Gold Royalty Corp,NYSE MKT,Stock,Active,
GROZ,ZACKS FOCUS GROWTH ETF,AMEX,ETF,Active,
GRP-U,Granite Real Estate Investment Trust - Units,NYSE,Stock,Active,
GRPM,INVESCO S&P MIDCAP 400 GARP ETF,NYSE ARCA,ETF,Active,
GRPM:BAT,Guggenheim Russell MidCap Equal Weight,NYSE ARCA,Stock,Active,
GRPN,Groupon Inc,NASDAQ,Stock,Active,
GRPZ,Invesco S&P SmallCap 600 GARP ETF,NYSE ARCA,ETF,Active,
GRRR,Gorilla Technology Group Inc,NASDAQ,Stock,Active,
GRRRW,Gorilla Technology Group Inc - Warrants (13/07/2027),NASDAQ,Stock,Active,
GRTS,nan,NASDAQ,Stock,Active,
GRTUF,Granite Real Estate Investment Trust,NYSE,Stock,Active,
GRVY,Gravity Co Ltd,NASDAQ,Stock,Active,
GRWG,GrowGeneration Corp,NASDAQ,Stock,Active,
GRX,Gabelli Healthcare & WellnessRx Trust,NYSE,ETF,Active,
GRYP,Akerna Corp,NASDAQ,Stock,Active,
GS,Goldman Sachs Group Inc,NYSE,Stock,Active,
GS-P-A,Goldman Sachs Group Inc,NYSE,Stock,Active,
GS-P-C,Goldman Sachs Group Inc,NYSE,Stock,Active,
GS-P-D,Goldman Sachs Group Inc,NYSE,Stock,Active,
GSAT,Globalstar Inc,NASDAQ,Stock,Active,
GSBC,Great Southern Bancorp Inc,NASDAQ,Stock,Active,
GSBD,Goldman Sachs BDC Inc,NYSE,Stock,Active,
GSC,GOLDMAN SACHS SMALL CAP CORE EQUITY ETF,NYSE ARCA,ETF,Active,
GSDWW,Global Systems Dynamics Inc Wt Exp,NASDAQ,Stock,Active,
GSEE,GOLDMAN SACHS MARKETBETA EMERGING MARKETS EQUITY ETF,BATS,ETF,Active,
GSEP,FT VEST U.S. EQUITY MODERATE BUFFER ETF - SEPTEMBER,BATS,ETF,Active,
GSEU,GOLDMAN SACHS ACTIVEBETA(R) EUROPE EQUITY ETF,NYSE ARCA,ETF,Active,
GSEW,GOLDMAN SACHS EQUAL WEIGHT U.S. LARGE CAP EQUITY ETF,BATS,ETF,Active,
GSG,iShares S&P GSCI Commodity-Indexed Trust,NYSE ARCA,ETF,Active,
GSG:BAT,iShares S&P GSCI CommodityIndexed Trust,NYSE ARCA,Stock,Active,
GSGO,Goldman Sachs Growth Opportunities ETF,NASDAQ,ETF,Active,
GSHD,Goosehead Insurance Inc - Class A,NASDAQ,Stock,Active,
GSHR,Gesher Acquisition Corp II - Class A,NASDAQ,Stock,Active,
GSHRU,Gesher Acquisition Corp II - Units (1 Ord Cls A & 1/2 War),NASDAQ,Stock,Active,
GSHRW,Gesher Acquisition Corp II - Warrants (11/03/2030),NASDAQ,Stock,Active,
GSIB,THEMES GLOBAL SYSTEMICALLY IMPORTANT BANKS ETF,NASDAQ,ETF,Active,
GSID,GOLDMAN SACHS MARKETBETA INTERNATIONAL EQUITY ETF,BATS,ETF,Active,
GSIE,GOLDMAN SACHS ACTIVEBETA(R) INTERNATIONAL EQUITY ETF,NYSE ARCA,ETF,Active,
GSIG,GOLDMAN SACHS ACCESS INVESTMENT GRADE CORPORATE 1-5 YEAR BOND ETF,NYSE ARCA,ETF,Active,
GSIT,GSI Technology Inc,NASDAQ,Stock,Active,
GSIW,Garden Stage Ltd,NASDAQ,Stock,Active,
GSJY,GOLDMAN SACHS ACTIVEBETA(R) JAPAN EQUITY ETF,NYSE ARCA,ETF,Active,
GSK,GSK Plc,NYSE,Stock,Active,
GSL,Global Ship Lease Inc - Class A,NYSE,Stock,Active,
GSL-P-B,Global Ship Lease Inc,NYSE,Stock,Active,
GSLC,GOLDMAN SACHS ACTIVEBETA(R) U.S. LARGE CAP EQUITY ETF,NYSE ARCA,ETF,Active,
GSM,Ferroglobe Plc,NASDAQ,Stock,Active,
GSPY,GOTHAM ENHANCED 500 ETF,NYSE ARCA,ETF,Active,
GSRF,GSR IV Acquisition Corp - Class A,NASDAQ,Stock,Active,
GSRFR,GSR IV Acquisition Corp,NASDAQ,Stock,Active,
GSRFU,GSR IV Acquisition Corp - Units (1 Ord Cls A & 1 Rts),NASDAQ,Stock,Active,
GSRM,Bitcoin Depot Inc - Class A,NASDAQ,Stock,Active,
GSRMW,GSR II Meteora Acquisition Corp - Warrants (24/02/2027),NASDAQ,Stock,Active,
GSRT,GSR III Acquisition Corp - Class A,NASDAQ,Stock,Active,
GSRTR,GSR III Acquisition Corp Right,NASDAQ,Stock,Active,
GSRTU,GSR III Acquisition Corp - Units (1 Ord Class A & 1/7 Rts),NASDAQ,Stock,Active,
GSRVU,GSR V Acquisition Corp - Units (1 Ord Cls A & 1 Rts),NASDAQ,Stock,Active,
GSSC,GOLDMAN SACHS ACTIVEBETA(R) U.S. SMALL CAP EQUITY ETF,NYSE ARCA,ETF,Active,
GSST,GOLDMAN SACHS ACCESS ULTRA SHORT BOND ETF,BATS,ETF,Active,
GSUN,Golden Sun Health Technology Group Ltd - Class A,NASDAQ,Stock,Active,
GSUS,GOLDMAN SACHS MARKETBETA U.S. EQUITY ETF,BATS,ETF,Active,
GSWO,Goldman Sachs ActiveBeta World Low Vol Plus Equity ETF,BATS,ETF,Active,
GSY,INVESCO ULTRA SHORT DURATION ETF,NYSE ARCA,ETF,Active,
GSY:BAT,Guggenheim Enhanced UltraShort Bond ETF,NYSE ARCA,ETF,Active,
GT,Goodyear Tire & Rubber Company,NASDAQ,Stock,Active,
GTBP,GT Biopharma Inc,NASDAQ,Stock,Active,
GTE,Gran Tierra Energy Inc,NYSE MKT,Stock,Active,
GTEC,Greenland Technologies Holding Corp,NASDAQ,Stock,Active,
GTEK,GOLDMAN SACHS FUTURE TECH LEADERS EQUITY ETF,NYSE ARCA,ETF,Active,
GTEN,Gores Holdings X Inc - Class A,NASDAQ,Stock,Active,
GTENU,Gores Holdings X Inc - Units (1 Ord Class A & 1/4 War),NASDAQ,Stock,Active,
GTENW,Gores Holdings X Inc - Warrants(02/05/2030),NASDAQ,Stock,Active,
GTERA,Globa Terra Acquisition Corporation Class A,NASDAQ,Stock,Active,
GTERR,Globa Terra Acquisition Corporation Rights,NASDAQ,Stock,Active,
GTERU,Globa Terra Acquisition Corp - Units (1 Ord Class A 3/4 War & 1 Rts),NASDAQ,Stock,Active,
GTERW,Globa Terra Acquisition Corporation Warrants,NASDAQ,Stock,Active,
GTES,Gates Industrial Corporation plc,NYSE,Stock,Active,
GTIM,Good Times Restaurants Inc,NASDAQ,Stock,Active,
GTIP,GOLDMAN SACHS ACCESS INFLATION PROTECTED USD BOND ETF,BATS,ETF,Active,
GTLB,Gitlab Inc - Class A,NASDAQ,Stock,Active,
GTLS,Chart Industries Inc,NYSE,Stock,Active,
GTM,ZoomInfo Technologies Inc,NASDAQ,Stock,Active,
GTN,Gray Television Inc,NYSE,Stock,Active,
GTN-A,Gray Television Inc - Class A,NYSE,Stock,Active,
GTO,INVESCO TOTAL RETURN BOND ETF,NYSE ARCA,ETF,Active,
GTOC,Invesco Core Fixed Income ETF,BATS,ETF,Active,
GTOH,Invesco High Yield Select ETF,BATS,ETF,Active,
GTOP,Goldman Sachs Technology Opportunities ETF,NASDAQ,ETF,Active,
GTOQ,INVESCO HIGH YIELD SYSTEMATIC BOND ETF,NASDAQ,ETF,Active,
GTOS,INVESCO SHORT DURATION TOTAL RETURN BOND ETF,BATS,ETF,Active,
GTPE,Goldman Sachs MSCI World Private Equity Return Tracker ETF,NASDAQ,ETF,Active,
GTR,WISDOMTREE TARGET RANGE FUND,NASDAQ,ETF,Active,
GTX,Garrett Motion Inc - New,NASDAQ,Stock,Active,
GTY,Getty Realty Corp,NYSE,Stock,Active,
GUACU,Berto Acquisition Corp II - Units (1 Ord & 1/3 War),NASDAQ,Stock,Active,
GUG,Guggenheim Active Allocation Fund,NYSE,Stock,Active,
GUMI,GOLDMAN SACHS ULTRA SHORT MUNICIPAL INCOME ETF,NYSE ARCA,ETF,Active,
GUNR,FLEXSHARES MORNINGSTAR GLOBAL UPSTREAM NATURAL RESOURCES INDEX FUND,NYSE ARCA,ETF,Active,
GUNR:BAT,FlexShares Global Upstream Natural Resources Index Fund,NYSE ARCA,Stock,Active,
GURU,GLOBAL X GURU INDEX ETF,NYSE ARCA,ETF,Active,
GURU:BAT,Global X Top Guru Holdings Index ETF,NYSE ARCA,ETF,Active,
GUSA,GOLDMAN SACHS MARKETBETA(R) U.S. 1000 EQUITY ETF,NYSE ARCA,ETF,Active,
GUSE,Goldman Sachs Enhanced U.S. Equity ETF,NASDAQ,ETF,Active,
GUSH,DIREXION DAILY S&P OIL & GAS EXP. & PROD. BULL 2X SHARES,NYSE ARCA,ETF,Active,
GUT,Gabelli Utility Trust,NYSE,ETF,Active,
GUT-P-C,Gabelli Utility Trust,NYSE,Stock,Active,
GUTS,Fractyl Health Inc,NASDAQ,Stock,Active,
GV,Visionary Holdings Inc,NASDAQ,Stock,Active,
GVA,Granite Construction Inc,NYSE,Stock,Active,
GVAL,CAMBRIA GLOBAL VALUE ETF,BATS,ETF,Active,
GVCI,Green Visor Financial Technology Acquisition Corp I - Class A,NASDAQ,Stock,Active,
GVCIU,Green Visor Financial Technology Acquisition Corp I - Units (1 Ord Class A & 1/2 War),NASDAQ,Stock,Active,
GVCIW,Green Visor Financial Technology Acquisition Corp I - Warrants (27/10/2026),NASDAQ,Stock,Active,
GVH,Globavend Holdings Ltd,NASDAQ,Stock,Active,
GVI,ISHARES INTERMEDIATE GOVERNMENT/CREDIT BOND ETF,BATS,ETF,Active,
GVI:BAT,iShares Intermediate Governmen,BATS,Stock,Active,
GVIP,GOLDMAN SACHS HEDGE INDUSTRY VIP ETF,NYSE ARCA,ETF,Active,
GVLE,Goldman Sachs Value Opportunities ETF,NASDAQ,ETF,Active,
GVLU,GOTHAM 1000 VALUE ETF,NYSE ARCA,ETF,Active,
GVUS,GOLDMAN SACHS MARKETBETA(R) RUSSELL 1000 VALUE EQUITY ETF,NYSE ARCA,ETF,Active,
GWAV,Greenwave Technology Solutions Inc,NASDAQ,Stock,Active,
GWH,ESS Tech Inc,NYSE,Stock,Active,
GWH-WS,ESS Tech Inc Warrant,NYSE,Stock,Active,
GWPH:BAT,GW Pharmaceuticals Plc,NASDAQ,Stock,Active,
GWRE,Guidewire Software Inc,NYSE,Stock,Active,
GWRS,Global Water Resources Inc,NASDAQ,Stock,Active,
GWW,W.W. Grainger Inc,NYSE,Stock,Active,
GWX,SPDR(R) S&P(R) INTERNATIONAL SMALL CAP ETF,NYSE ARCA,ETF,Active,
GXAI,Gaxos.AI Inc,NASDAQ,Stock,Active,
GXC,SPDR(R) S&P(R) CHINA ETF,NYSE ARCA,ETF,Active,
GXDW,GLOBAL X DORSEY WRIGHT THEMATIC ETF,NASDAQ,ETF,Active,
GXG:BAT,Global X FTSE Colombia 20 ETF,NYSE ARCA,ETF,Active,
GXO,GXO Logistics Inc,NYSE,Stock,Active,
GXRP,Common Shares of Beneficial Interest,NYSE ARCA,Stock,Active,
GXUS,GOLDMAN SACHS MARKETBETA(R) TOTAL INTERNATIONAL EQUITY ETF,NYSE ARCA,ETF,Active,
GYLD,ARROW DOW JONES GLOBAL YIELD ETF,NYSE,ETF,Active,
GYRE,Gyre Therapeutics Inc,NASDAQ,Stock,Active,
GYRO,Gyrodyne LLC,NASDAQ,Stock,Active,
H,Hyatt Hotels Corporation - Class A,NYSE,Stock,Active,
HACK,Amplify Cybersecurity ETF,NYSE ARCA,ETF,Active,
HACQ,HCM IV Acquisition Corp,NASDAQ,Stock,Active,
HACQU,HCM IV Acquisition Corp - Units (1 Ord Cls A & 1/4 War),NASDAQ,Stock,Active,
HACQW,HCM IV Acquisition Corp Warrants,NASDAQ,Stock,Active,
HAE,Haemonetics Corp,NYSE,Stock,Active,
HAFC,Hanmi Financial Corp,NASDAQ,Stock,Active,
HAFN,Hafnia Ltd,NYSE,Stock,Active,
HAIL,SPDR S&P KENSHO SMART MOBILITY ETF,NYSE ARCA,ETF,Active,
HAIN,Hain Celestial Group Inc,NASDAQ,Stock,Active,
HAKY,Amplify HACK Cybersecurity Covered Call ETF,NYSE ARCA,ETF,Active,
HAL,Halliburton Company,NYSE,Stock,Active,
HALO,Halozyme Therapeutics Inc,NASDAQ,Stock,Active,
HALX,HALIFAX CORP OF VIRGINIA,NYSE,Stock,Active,
HAO,Haoxi Health Technology Ltd - Class A,NASDAQ,Stock,Active,
HAP,VANECK NATURAL RESOURCES ETF,NYSE ARCA,ETF,Active,
HAPI,HARBOR HUMAN CAPITAL FACTOR US LARGE CAP ETF,NYSE ARCA,ETF,Active,
HAPR,Innovator Premium Income 9 Buffer ETF - April,BATS,ETF,Active,
HAPS,HARBOR HUMAN CAPITAL FACTOR US SMALL CAP ETF,NYSE ARCA,ETF,Active,
HARD,SIMPLIFY COMMODITIES STRATEGY NO K-1 ETF,NYSE ARCA,ETF,Active,
HAS,Hasbro Inc,NASDAQ,Stock,Active,
HASI,Hannon Armstrong Sustainable Infrastructure capital Inc,NYSE,Stock,Active,
HAUS,RESIDENTIAL REIT ETF,BATS,ETF,Active,
HAUZ,XTRACKERS INTERNATIONAL REAL ESTATE ETF,NYSE ARCA,ETF,Active,
HAVA,Harvard Ave Acquisition Corp - Class A,NASDAQ,Stock,Active,
HAVAR,Harvard Ave Acquisition Corp,NASDAQ,Stock,Active,
HAVAU,Harvard Ave Acquisition Corp - Units (1 Ord Cls A & 1 Rts),NASDAQ,Stock,Active,
HAWK,HawkEye 360 Inc,NYSE,Stock,Active,
HAWX,ISHARES CURRENCY HEDGED MSCI ACWI EX U.S. ETF,NYSE ARCA,ETF,Active,
HAYW,Hayward Holdings Inc,NYSE,Stock,Active,
HBAN,Huntington Bancshares Inc,NASDAQ,Stock,Active,
HBANL,Huntington Bancshares Inc,NASDAQ,Stock,Active,
HBANM,Huntington Bancshares Inc,NASDAQ,Stock,Active,
HBANP,Huntington Bancshares Inc,NASDAQ,Stock,Active,
HBANZ,Huntington Bancshares Incorporated Depositary Shares Each Representing a 11000th Interest in a Share of 5.50 Series L NonCumulative Perpetual Preferred Stock,NASDAQ,Stock,Active,
HBB,Hamilton Beach Brands Holding Co - Class A,NYSE,Stock,Active,
HBCP,Home Bancorp Inc,NASDAQ,Stock,Active,
HBDC,Hilton BDC Corporate Bond ETF,NASDAQ,ETF,Active,
HBIO,Harvard Bioscience Inc,NASDAQ,Stock,Active,
HBM,Hudbay Minerals Inc,NYSE,Stock,Active,
HBNB,Hotel101 Global Holdings Corp,NASDAQ,Stock,Active,
HBNC,Horizon Bancorp Inc (IN),NASDAQ,Stock,Active,
HBR,Canary Capital Group LLX,NASDAQ,Stock,Active,
HBRD,Invesco U.S. Hybrid Bond,NYSE ARCA,Stock,Active,
HBT,HBT Financial Inc,NASDAQ,Stock,Active,
HBTA,HORIZON EXPEDITION PLUS ETF,NYSE ARCA,ETF,Active,
HCA,HCA Healthcare Inc,NYSE,Stock,Active,
HCAC,Hall Chadwick Acquisition Corp,NASDAQ,Stock,Active,
HCACR,Hall Chadwick Acquisition Corp Rights,NASDAQ,Stock,Active,
HCACU,Hall Chadwick Acquisition Corp - Units (1 Ord Cls A & 1 Rts),NASDAQ,Stock,Active,
HCAI,Huachen AI Parking Management Technology Holding Co. Ltd,NASDAQ,Stock,Active,
HCAP:BAT,Harvest Capital Credit Corporation,NASDAQ,Stock,Active,
HCAT,Health Catalyst Inc,NASDAQ,Stock,Active,
HCC,Warrior Met Coal Inc,NYSE,Stock,Active,
HCHL,Happy City Holdings Ltd - Class A,NASDAQ,Stock,Active,
HCI,HCI Group Inc,NYSE,Stock,Active,
HCIC,Hennessy Capital Investment Corp V - Class A,NASDAQ,Stock,Active,
HCICR,Hennessy Capital Investment Corp VIII Share Rights,NASDAQ,Stock,Active,
HCICU,Hennessy Capital Investment Corp VIII - Units (1 Ord Class A & 1 Rts),NASDAQ,Stock,Active,
HCKT,Hackett Group Inc (The),NASDAQ,Stock,Active,
HCM,HUTCHMED (China) Ltd,NASDAQ,Stock,Active,
HCMAU,Murano Global Investments PLC - Units (1 Ord Class A & 1/2 War),NASDAQ,Stock,Active,
HCMT,DIREXION HCM TACTICAL ENHANCED US ETF,NYSE ARCA,ETF,Active,
HCOW,Amplify Cash Flow High Income ETF,NASDAQ,ETF,Active,
HCRB,HARTFORD CORE BOND ETF,BATS,ETF,Active,
HCSG,Healthcare Services Group Inc,NASDAQ,Stock,Active,
HCTI,Healthcare Triangle Inc,NASDAQ,Stock,Active,
HCWB,HCW Biologics Inc,NASDAQ,Stock,Active,
HCWC,Healthy Choice Wellness Corp - Class A,NYSE MKT,Stock,Active,
HCXY,Hercules Capital Inc,NYSE,Stock,Active,
HD,Home Depot Inc,NYSE,Stock,Active,
HDB,HDFC Bank Ltd,NYSE,Stock,Active,
HDEF,XTRACKERS MSCI EAFE HIGH DIVIDEND YIELD EQUITY ETF,NYSE ARCA,ETF,Active,
HDG,PROSHARES HEDGE REPLICATION ETF,NYSE ARCA,ETF,Active,
HDG:BAT,ProShares Hedge Replication ETF,NYSE ARCA,ETF,Active,
HDGE,ADVISORSHARES RANGER EQUITY BEAR ETF,NYSE ARCA,ETF,Active,
HDGE:BAT,Ranger Equity Bear ETF,NYSE ARCA,ETF,Active,
HDL,Super Hi International Holding Ltd,NASDAQ,Stock,Active,
HDLB,UBS AG London Branch ETRACS Monthly Pay 2X Leveraged US High Divid Low Volatility ETN Ser B 09302044,NYSE ARCA,ETF,Active,
HDMV,FIRST TRUST HORIZON MANAGED VOLATILITY DEVELOPED INTERNATIONAL ETF,NYSE ARCA,ETF,Active,
HDSN,Hudson Technologies Inc,NASDAQ,Stock,Active,
HDUS,HARTFORD DISCIPLINED US EQUITY ETF,NYSE ARCA,ETF,Active,
HDV,ISHARES CORE HIGH DIVIDEND ETF,NYSE ARCA,ETF,Active,
HDV:BAT,iShares High Dividend ETF,NYSE ARCA,ETF,Active,
HE,Hawaiian Electric Industries Inc,NYSE,Stock,Active,
HEAL,GLOBAL X HEALTHTECH ETF,NASDAQ,ETF,Active,
HECA,HEDGEYE CAPITAL ALLOCATION ETF,NYSE ARCA,ETF,Active,
HECO,SPDR GALAXY HEDGED DIGITAL ASSET ECOSYSTEM ETF,NASDAQ,ETF,Active,
HEDJ,WISDOMTREE EUROPE HEDGED EQUITY FUND,NYSE ARCA,ETF,Active,
HEDJ:BAT,Wisdomtree Europe Hedged Equity Fund,NYSE ARCA,Stock,Active,
HEEM,ISHARES CURRENCY HEDGED MSCI EMERGING MARKETS ETF,BATS,ETF,Active,
HEFA,ISHARES CURRENCY HEDGED MSCI EAFE ETF,BATS,ETF,Active,
HEFT,Hedgeye Fourth Turning,NYSE ARCA,Stock,Active,
HEGD,SWAN HEDGED EQUITY US LARGE CAP ETF,BATS,ETF,Active,
HEI,Heico Corp,NYSE,Stock,Active,
HEI-A,Heico Corp - Class A,NYSE,Stock,Active,
HELE,Helen of Troy Ltd,NASDAQ,Stock,Active,
HELO,JPMORGAN HEDGED EQUITY LADDERED OVERLAY ETF,NYSE ARCA,ETF,Active,
HELP,Cybin Inc,NYSE MKT,Stock,Active,
HELS,Hedgeye 13030 Equity,NYSE ARCA,Stock,Active,
HELX,FRANKLIN GENOMIC ADVANCEMENTS ETF,BATS,ETF,Active,
HEMI,Hartford Equity Premium Income,BATS,Stock,Active,
HEPS,D-MARKET Electronic Services & Trading,NASDAQ,Stock,Active,
HEQ,John Hancock Hedged equity & Income Fund,NYSE,ETF,Active,
HEQT,SIMPLIFY HEDGED EQUITY ETF,NYSE ARCA,ETF,Active,
HERD,PACER CASH COWS FUND OF FUNDS ETF,NASDAQ,ETF,Active,
HERE,Here Group Ltd,NASDAQ,Stock,Active,
HERO,GLOBAL X VIDEO GAMES & ESPORTS ETF,NASDAQ,ETF,Active,
HERZ,Herzfeld Credit Income Fund Inc Com,NASDAQ,Stock,Active,
HES,Hess Corporation,NYSE,Stock,Active,
HESM,Hess Midstream LP - Class A,NYSE,Stock,Active,
HEWC,iShares Currency Hedged MSCI Canada ETF,NYSE ARCA,ETF,Active,
HEWJ,ISHARES CURRENCY HEDGED MSCI JAPAN ETF,NYSE ARCA,ETF,Active,
HEWU,iShares Currency Hedged MSCI United Kingdom ETF,NYSE ARCA,ETF,Active,
HEXO,HEXO Corp,NASDAQ,Stock,Active,
HEZU,ISHARES CURRENCY HEDGED MSCI EUROZONE ETF,NYSE ARCA,ETF,Active,
HFBL,Home Federal Bancorp Inc (Louisiana),NASDAQ,Stock,Active,
HFFG,HF Foods Group Inc,NASDAQ,Stock,Active,
HFGO,HARTFORD LARGE CAP GROWTH ETF,BATS,ETF,Active,
HFND,UNLIMITED HFND MULTI-STRATEGY RETURN TRACKER ETF,NYSE,ETF,Active,
HFRO,Highland Opportunities and Income Fund,NYSE,ETF,Active,
HFRO-P-A,Highland Opportunities and Income Fund,NYSE,Stock,Active,
HFRO-P-B,Highland Opportunities and Income Fund 5.375 Series B Cumulative Preferred Shares,NYSE,Stock,Active,
HFSI,Hartford Strategic Income ETF,BATS,ETF,Active,
HFSP,TRADERSAI LARGE CAP EQUITY & CASH ETF,NASDAQ,ETF,Active,
HFWA,Heritage Financial Corp,NASDAQ,Stock,Active,
HFXI,NYLI FTSE INTERNATIONAL EQUITY CURRENCY NEUTRAL ETF,NYSE ARCA,ETF,Active,
HG,Hamilton Insurance Group Ltd - Class B,NYSE,Stock,Active,
HGBL,Heritage Global Inc,NASDAQ,Stock,Active,
HGER,HARBOR COMMODITY ALL-WEATHER STRATEGY ETF,NYSE,ETF,Active,
HGLB,Highland Global Allocation Fund,NYSE,Stock,Active,
HGRO,HEDGEYE QUALITY GROWTH ETF,NYSE ARCA,ETF,Active,
HGTY,Hagerty Inc - Class A,NYSE,Stock,Active,
HGTY-WS,Hagerty Inc Wt Exp,NYSE,Stock,Active,
HGV,Hilton Grand Vacations Inc,NYSE,Stock,Active,
HHH,Howard Hughes Corporation,NYSE,Stock,Active,
HHH-W,Howard Hughes Holdings Inc WhenIssued,NYSE,Stock,Active,
HHS,Harte-Hanks Inc,NASDAQ,Stock,Active,
HIBL,DIREXION DAILY S&P 500(R) HIGH BETA BULL 3X SHARES,NYSE ARCA,ETF,Active,
HIBS,Direxion Daily S&P 500 High Beta Bear 3X Shares,NYSE ARCA,ETF,Active,
HIDE,ALPHA ARCHITECT HIGH INFLATION AND DEFLATION ETF,BATS,ETF,Active,
HIDV,AB US HIGH DIVIDEND ETF,NYSE ARCA,ETF,Active,
HIE,Miller/Howard High Income Equity Fund,NYSE,ETF,Active,
HIFS,Hingham Institution For Savings,NASDAQ,Stock,Active,
HIG,Hartford Financial Services Group Inc,NYSE,Stock,Active,
HIG-P-G,Hartford Financial Services Group Inc,NYSE,Stock,Active,
HIGH,SIMPLIFY ENHANCED INCOME ETF,NYSE ARCA,ETF,Active,
HIHO,Highway Holdings Ltd,NASDAQ,Stock,Active,
HII,Huntington Ingalls Industries Inc,NYSE,Stock,Active,
HIMS,Hims & Hers Health Inc - Class A,NYSE,Stock,Active,
HIMU,iShares High Yield Muni Active ETF,BATS,ETF,Active,
HIMX,Himax Technologies,NASDAQ,Stock,Active,
HIMY,Defiance Leveraged Long Income HIMS ETF,NASDAQ,ETF,Active,
HIND,ReShape Lifesciences Inc,NASDAQ,Stock,Active,
HIO,Western Asset High Income Opportunity Fund Inc,NYSE,ETF,Active,
HIPO,Hippo Holdings Inc,NYSE,Stock,Active,
HIPO-WS,Hippo Holdings Inc - Warrants (16/09/2025),NYSE,Stock,Active,
HIPS,GraniteShares HIPS US High Income ETF,NYSE ARCA,ETF,Active,
HIT,Health In Tech Inc - Class A,NASDAQ,Stock,Active,
HITI,High Tide Inc,NASDAQ,Stock,Active,
HIVE,HIVE Digital Technologies Ltd,NASDAQ,Stock,Active,
HIW,Highwoods Properties Inc,NYSE,Stock,Active,
HIX,Western Asset High Income Fund II Inc,NYSE,ETF,Active,
HIYY,YieldMax HIMS Option Income Strategy ETF,NYSE ARCA,ETF,Active,
HKD,AMTD Digital Inc,NYSE,Stock,Active,
HKIT,Hitek Global Inc,NASDAQ,Stock,Active,
HKPD,Hong Kong Pharma Digital Technology Holdings Ltd,NASDAQ,Stock,Active,
HL,Hecla Mining Company,NYSE,Stock,Active,
HL-P-B,Hecla Mining Company,NYSE,Stock,Active,
HLAL,WAHED FTSE USA SHARIAH ETF,NASDAQ,ETF,Active,
HLF,Herbalife Ltd,NYSE,Stock,Active,
HLI,Houlihan Lokey Inc - Class A,NYSE,Stock,Active,
HLIO,Helios Technologies Inc,NYSE,Stock,Active,
HLIT,Harmonic Inc,NASDAQ,Stock,Active,
HLLY,Holley Inc - Class A,NYSE,Stock,Active,
HLLY-WS,Holley Inc Warrants,NYSE,Stock,Active,
HLMN,Hillman Solutions Corp,NASDAQ,Stock,Active,
HLN,Haleon plc,NYSE,Stock,Active,
HLNE,Hamilton Lane Inc - Class A,NASDAQ,Stock,Active,
HLP,Hongli Group Inc,NASDAQ,Stock,Active,
HLT,Hilton Worldwide Holdings Inc,NYSE,Stock,Active,
HLX,Helix Energy Solutions Group Inc,NYSE,Stock,Active,
HLXC,Helix Acquisition Corp III - Class A,NASDAQ,Stock,Active,
HLXX,Tradr 2X Long HL Daily,BATS,Stock,Active,
HMAC,Hainan Manaslu Acquisition Corp,NASDAQ,Stock,Active,
HMACR,Hainan Manaslu Acquisition Corp,NASDAQ,Stock,Active,
HMACU,Hainan Manaslu Acquisition Corp - Units (1 Ord 1 War & 1 Rts),NASDAQ,Stock,Active,
HMACW,Hainan Manaslu Acquisition Corp - Warrants (31/01/2029),NASDAQ,Stock,Active,
HMAY,Corgi U.S. Equities 100 Structured Buffer ETF May Series,BATS,Stock,Active,
HMC,Honda Motor,NYSE,Stock,Active,
HMCO,HumanCo Acquisition Corp - Class A,NASDAQ,Stock,Active,
HMCOU,HumanCo Acquisition Corp - Units (1 Ord Class A & 1/2 War),NASDAQ,Stock,Active,
HMCOW,HumanCo Acquisition Corp - Warrants (08/12/2025),NASDAQ,Stock,Active,
HMH,HMH Holding Inc - Class A,NASDAQ,Stock,Active,
HMN,Horace Mann Educators Corp,NYSE,Stock,Active,
HMOP,HARTFORD MUNICIPAL OPPORTUNITIES ETF,NYSE ARCA,ETF,Active,
HMR,Sports Properties Acquisition Corp,NASDAQ,Stock,Active,
HMST,HomeStreet Inc,NASDAQ,Stock,Active,
HMSY:BAT,HMS Holdings Corp,NASDAQ,Stock,Active,
HMY,Harmony Gold Mining Co Ltd,NYSE,Stock,Active,
HNDL,STRATEGY SHARES NASDAQ 7 HANDL(TM) INDEX ETF,NASDAQ,ETF,Active,
HNGE,Hinge Health Inc - Class A,NYSE,Stock,Active,
HNI,HNI Corp,NYSE,Stock,Active,
HNNA,Hennessy Advisors Inc,NASDAQ,Stock,Active,
HNNAZ,Hennessy Advisors Inc,NASDAQ,Stock,Active,
HNRG,Hallador Energy Company,NASDAQ,Stock,Active,
HNST,Honest Company Inc (The ),NASDAQ,Stock,Active,
HNVR,Hanover Bancorp Inc,NASDAQ,Stock,Active,
HODL,VanEck Bitcoin Trust,BATS,Stock,Active,
HODU,Direxion Daily HOOD Bull 2X ETF,NASDAQ,ETF,Active,
HOFT,Hooker Furnishings Corporation,NASDAQ,Stock,Active,
HOG,Harley-Davidson Inc,NYSE,Stock,Active,
HOII,REX HOOD GROWTH & INCOME ETF,BATS,ETF,Active,
HOLA,J.P. Morgan ExchangeTraded Fund Trust JPMorgan International Hedged Equity Laddered Overlay,NYSE ARCA,Stock,Active,
HOLD,AdvisorShares North Square McKee Core Reserves ETF,NYSE ARCA,ETF,Active,
HOLO,HOLOPAK TECHNOLOGIES INC,NASDAQ,Stock,Active,
HOLOW,MicroCloud Hologram Inc - Warrants (31/01/2028),NASDAQ,Stock,Active,
HOMB,Home Bancshares Inc,NYSE,Stock,Active,
HOMZ,HOYA CAPITAL HOUSING ETF,NYSE ARCA,ETF,Active,
HON,Honeywell International Inc,NASDAQ,Stock,Active,
HONDU,HCM II Acquisition Corp Unit,NASDAQ,Stock,Active,
HONG,Leverage Shares 2X Long HON Daily,BATS,Stock,Active,
HONIV,Honeywell International Inc,NASDAQ,Stock,Active,
HOOD,Robinhood Markets Inc - Class A,NASDAQ,Stock,Active,
HOOG,LEVERAGE SHARES 2X LONG HOOD DAILY ETF,NASDAQ,ETF,Active,
HOOI,Defiance Leveraged Long Income HOOD ETF,NASDAQ,ETF,Active,
HOOW,ROUNDHILL HOOD WEEKLYPAY ETF,BATS,ETF,Active,
HOOX,DEFIANCE DAILY TARGET 2X LONG HOOD ETF,NASDAQ,ETF,Active,
HOOY,YIELDMAX(R) HOOD OPTION INCOME STRATEGY ETF,NYSE ARCA,ETF,Active,
HOOZ,Tidal Trust II Defiance Daily Target 2X Short HOOD,NYSE ARCA,Stock,Active,
HOPE,Hope Bancorp Inc,NASDAQ,Stock,Active,
HORIU,Emerging Markets Horizon Corp - Units (1 Ord Share Class A & 1/2 War),NASDAQ,Stock,Active,
HOTH,Hoth Therapeutics Inc,NASDAQ,Stock,Active,
HOTL,Kelly Hotel & Lodging Sector ETF,NYSE ARCA,ETF,Active,
HOUR,Hour Loop Inc,NASDAQ,Stock,Active,
HOV,Hovnanian Enterprises Inc - Class A,NYSE,Stock,Active,
HOVNP,Hovnanian Enterprises Inc,NASDAQ,Stock,Active,
HOVR,New Horizon Aircraft Ltd,NASDAQ,Stock,Active,
HOVRW,New Horizon Aircraft Ltd Warrant,NASDAQ,Stock,Active,
HOWL,Werewolf Therapeutics Inc,NASDAQ,Stock,Active,
HP,Helmerich & Payne Inc,NYSE,Stock,Active,
HPAI,Helport AI Ltd,NASDAQ,Stock,Active,
HPAIW,Helport AI Ltd - Warrants (02/08/2029),NASDAQ,Stock,Active,
HPE,Hewlett Packard Enterprise Company,NYSE,Stock,Active,
HPF,John Hancock Preferred Income Fund II,NYSE,ETF,Active,
HPI,John Hancock Preferred Income Fund,NYSE,ETF,Active,
HPK,HighPeak Energy Inc,NASDAQ,Stock,Active,
HPLT,Home Plate Acquisition Corp - Class A,NASDAQ,Stock,Active,
HPLTU,Home Plate Acquisition Corp - Units (1 Ord Class A & 1/2 War),NASDAQ,Stock,Active,
HPLTW,Home Plate Acquisition Corp - Warrants (30/09/2026),NASDAQ,Stock,Active,
HPP,Hudson Pacific Properties Inc,NYSE,Stock,Active,
HPP-P-C,Hudson Pacific Properties Inc,NYSE,Stock,Active,
HPQ,HP Inc,NYSE,Stock,Active,
HPS,John Hancock Preferred Income Fund III,NYSE,ETF,Active,
HQ,HAMBRECHT & QUIST GROUP,NYSE,Stock,Active,
HQGO,HARTFORD US QUALITY GROWTH ETF,NASDAQ,ETF,Active,
HQH,abrdn Healthcare Investors,NYSE,ETF,Active,
HQI,HireQuest Inc,NASDAQ,Stock,Active,
HQL,abrdn Life Sciences Investors,NYSE,ETF,Active,
HQWWW,Horizon Quantum Holdings Ltd Warrant,NASDAQ,Stock,Active,
HQY,Healthequity Inc,NASDAQ,Stock,Active,
HR,Healthcare Realty Trust Inc,NYSE,Stock,Active,
HRB,H&R Block Inc,NYSE,Stock,Active,
HRI,Herc Holdings Inc,NYSE,Stock,Active,
HRL,Hormel Foods Corp,NYSE,Stock,Active,
HRMY,Harmony Biosciences Holdings Inc,NASDAQ,Stock,Active,
HROW,Harrow Inc,NASDAQ,Stock,Active,
HRTG,Heritage Insurance Holdings Inc,NYSE,Stock,Active,
HRTS,TEMA HEART & HEALTH ETF,NASDAQ,ETF,Active,
HRTX,Heron Therapeutics Inc,NASDAQ,Stock,Active,
HRYU,Global Interactive Technologies Inc,NASDAQ,Stock,Active,
HRZN,Horizon Technology Finance Corp,NASDAQ,Stock,Active,
HSAI,Hesai Group,NASDAQ,Stock,Active,
HSBC,HSBC Holdings plc,NYSE,Stock,Active,
HSCS,Heart Test Laboratories Inc,NASDAQ,Stock,Active,
HSCSW,Heart Test Laboratories Inc - Warrants(15/06/2027),NASDAQ,Stock,Active,
HSCZ,ISHARES CURRENCY HEDGED MSCI EAFE SMALL-CAP ETF,NYSE ARCA,ETF,Active,
HSDT,Helius Medical Technologies Inc - Class A,NASDAQ,Stock,Active,
HSHP,Himalaya Shipping Ltd,NYSE,Stock,Active,
HSIC,Henry Schein Inc,NASDAQ,Stock,Active,
HSLV,Highlander Silver Corp,AMEX,Stock,Active,
HSMV,FIRST TRUST HORIZON MANAGED VOLATILITY SMALL/MID ETF,NYSE ARCA,ETF,Active,
HSON,nan,NASDAQ,Stock,Active,
HSPT,Horizon Space Acquisition II Corp,NASDAQ,Stock,Active,
HSPTR,Horizon Space Acquisition II Corp Right,NASDAQ,Stock,Active,
HSPTU,Horizon Space Acquisition II Corp - Unit (1 Ordinary share & 1 Rts),NASDAQ,Stock,Active,
HSRT,HARTFORD AAA CLO ETF,BATS,ETF,Active,
HST,Host Hotels & Resorts Inc,NASDAQ,Stock,Active,
HSTM,Healthstream Inc,NASDAQ,Stock,Active,
HSUN,HARTFORD STRATEGIC INCOME ETF,BATS,ETF,Active,
HSY,Hershey Company,NYSE,Stock,Active,
HT,Hersha Hospitality Trust - Class A,NYSE,Stock,Active,
HT-P-C,Hersha Hospitality Trust,NYSE,Stock,Active,
HT-P-D,Hersha Hospitality Trust,NYSE,Stock,Active,
HT-P-E,Hersha Hospitality Trust,NYSE,Stock,Active,
HTAB,HARTFORD SCHRODERS TAX-AWARE BOND ETF,NYSE ARCA,ETF,Active,
HTAX,MACQUARIE NATIONAL HIGH-YIELD MUNICIPAL BOND ETF,NYSE ARCA,ETF,Active,
HTB,HomeTrust Bancshares Inc,NYSE,Stock,Active,
HTCO,Caravelle International Group,NASDAQ,Stock,Active,
HTCR,HeartCore Enterprises Inc,NASDAQ,Stock,Active,
HTD,John Hancock Tax- Advantaged Dividend Income,NYSE,ETF,Active,
HTEC,ROBO GLOBAL(R) HEALTHCARE TECHNOLOGY AND INNOVATION ETF,NYSE ARCA,ETF,Active,
HTFB,Horizon Technology Finance Corp,NYSE,Stock,Active,
HTFC,Horizon Technology Finance Corp,NYSE,Stock,Active,
HTFL,Heartflow Inc,NASDAQ,Stock,Active,
HTGC,Hercules Capital Inc,NYSE,Stock,Active,
HTH,Hilltop Holdings Inc,NYSE,Stock,Active,
HTHT,H World Group Ltd,NASDAQ,Stock,Active,
HTLD,Heartland Express Inc,NASDAQ,Stock,Active,
HTLM,HomesToLife Ltd,NASDAQ,Stock,Active,
HTO,H2O America,NASDAQ,Stock,Active,
HTOO,Fusion Fuel Green Ltd - Class A,NASDAQ,Stock,Active,
HTPA-U,Highland Transcend Partners I Corp Units each consisting of one Class A ordinary share and onethird of one redeemable warrant,NYSE,Stock,Active,
HTRB,HARTFORD TOTAL RETURN BOND ETF,NYSE ARCA,ETF,Active,
HTT,Qudian Inc,NYSE,Stock,Active,
HTUS,HULL TACTICAL US ETF,BATS,ETF,Active,
HTY,John Hancock Tax-Advantaged Global Shareholder Yield Fund,NYSE,ETF,Active,
HTZ,Hertz Global Holdings Inc (New),NASDAQ,Stock,Active,
HTZWW,Hertz Global Holdings Inc - Warrants (30/06/2051),NASDAQ,Stock,Active,
HUBB,Hubbell Inc,NYSE,Stock,Active,
HUBC,Hub Cyber Security Ltd,NASDAQ,Stock,Active,
HUBCW,Hub Cyber Security Ltd - Warrants (27/02/2028),NASDAQ,Stock,Active,
HUBCZ,Hub Cyber Security Ltd - Warrants (22/08/2025),NASDAQ,Stock,Active,
HUBG,Hub Group Inc - Class A,NASDAQ,Stock,Active,
HUBS,HubSpot Inc,NYSE,Stock,Active,
HUDI,Huadi International Group Co Ltd,NASDAQ,Stock,Active,
HUHU,HUHUTECH International Group Inc,NASDAQ,Stock,Active,
HUIZ,Huize Holding Ltd,NASDAQ,Stock,Active,
HULL,Corgi Shipping & Global Logistics,BATS,Stock,Active,
HUM,Humana Inc,NYSE,Stock,Active,
HUMA,Humacyte Inc,NASDAQ,Stock,Active,
HUMAW,Humacyte Inc - Warrants (27/08/2026),NASDAQ,Stock,Active,
HUN,Huntsman Corp,NYSE,Stock,Active,
HURA,TuHURA Biosciences Inc,NASDAQ,Stock,Active,
HURC,Hurco Companies Inc,NASDAQ,Stock,Active,
HURN,Huron Consulting Group Inc,NASDAQ,Stock,Active,
HUSV,FIRST TRUST HORIZON MANAGED VOLATILITY DOMESTIC ETF,NYSE ARCA,ETF,Active,
HUT,Hut 8 Corp,NASDAQ,Stock,Active,
HUTG,Leverage Shares 2X Long HUT Daily ETF,NASDAQ,ETF,Active,
HUYA,HUYA Inc,NYSE,Stock,Active,
HVAL,ALPS Hillman Active Value ETF,NYSE ARCA,ETF,Active,
HVII,nan,NASDAQ,Stock,Active,
HVIIR,Hennessy Capital Investment Corp VII Rights,NASDAQ,Stock,Active,
HVIIU,Hennessy Capital Investment Corp VII - Units (1 Ord Shs & 1 Rts),NASDAQ,Stock,Active,
HVMC,Highview Merger Corp - Class A,NASDAQ,Stock,Active,
HVMCU,Highview Merger Corp - Units (1 Ord Cls A & 1/2 War),NASDAQ,Stock,Active,
HVMCW,Highview Merger Corp - Warrants (24/07/2030),NASDAQ,Stock,Active,
HVT,Haverty Furniture Cos. Inc,NYSE,Stock,Active,
HVT-A,Haverty Furniture Cos. Inc - Class A,NYSE,Stock,Active,
HWAY,THEMES US INFRASTRUCTURE ETF,NASDAQ,ETF,Active,
HWBK,Hawthorn Bancshares Inc,NASDAQ,Stock,Active,
HWC,Hancock Whitney Corp,NASDAQ,Stock,Active,
HWCC:BAT,Houston Wire & Cable Company,NASDAQ,Stock,Active,
HWCPZ,Hancock Whitney Corp,NASDAQ,Stock,Active,
HWH,HWH International Inc,NASDAQ,Stock,Active,
HWKN,Hawkins Inc,NASDAQ,Stock,Active,
HWM,Howmet Aerospace Inc,NYSE MKT,Stock,Active,
HWM-P,Howmet Aerospace Inc 375 Preferred Stock,AMEX,Stock,Active,
HXHX,Haoxin Holdings Ltd - Class A,NASDAQ,Stock,Active,
HXL,Hexcel Corp,NYSE,Stock,Active,
HY,Hyster-Yale Materials Handling Inc - Class A,NYSE,Stock,Active,
HYAC-WS,Haymaker Acquisition Corp 4 Warrants each whole warrant exercisable for one Class A ordinary share at an exercise price of 11.50 per share,NYSE,Stock,Active,
HYBB,ISHARES BB RATED CORPORATE BOND ETF,NYSE ARCA,ETF,Active,
HYBI,NEOS ENHANCED INCOME CREDIT SELECT ETF,NASDAQ,ETF,Active,
HYBL,SPDR(R) BLACKSTONE HIGH INCOME ETF,BATS,ETF,Active,
HYBX,TCW High Yield Bond ETF,NYSE,ETF,Active,
HYD,VANECK HIGH YIELD MUNI ETF,BATS,ETF,Active,
HYDB,ISHARES HIGH YIELD SYSTEMATIC BOND ETF,BATS,ETF,Active,
HYDR,GLOBAL X HYDROGEN ETF,NASDAQ,ETF,Active,
HYDW,XTRACKERS LOW BETA HIGH YIELD BOND ETF,NYSE ARCA,ETF,Active,
HYEM,VANECK EMERGING MARKETS HIGH YIELD BOND ETF,NYSE ARCA,ETF,Active,
HYEM:BAT,Market Vectors Emerging Markets High Yield Bond ETF,NYSE ARCA,ETF,Active,
HYFI,AB HIGH YIELD ETF,NYSE ARCA,ETF,Active,
HYFM,Hydrofarm Holdings Group Inc,NASDAQ,Stock,Active,
HYFT,MindWalk Holdings Corp,NASDAQ,Stock,Active,
HYG,ISHARES IBOXX $ HIGH YIELD CORPORATE BOND ETF,NYSE ARCA,ETF,Active,
HYGH,ISHARES INTEREST RATE HEDGED HIGH YIELD BOND ETF,NYSE ARCA,ETF,Active,
HYGM,Amplify HYG High Yield 10 Target Income,BATS,Stock,Active,
HYGV,FLEXSHARES HIGH YIELD VALUE-SCORED BOND INDEX FUND,NYSE ARCA,ETF,Active,
HYGW,ISHARES HIGH YIELD CORPORATE BOND BUYWRITE STRATEGY ETF,BATS,ETF,Active,
HYHG,PROSHARES HIGH YIELD-INTEREST RATE HEDGED,BATS,ETF,Active,
HYHG:BAT,ProShares High Yield Interest Rate Hedged ETF,BATS,ETF,Active,
HYI,Western Asset High Yield Defined Opportunity Fund Inc,NYSE,ETF,Active,
HYIN,WISDOMTREE PRIVATE CREDIT AND ALTERNATIVE INCOME FUND,BATS,ETF,Active,
HYLB,XTRACKERS USD HIGH YIELD CORPORATE BOND ETF,NYSE ARCA,ETF,Active,
HYLN,Hyliion Holdings Corporation - Class A,NYSE MKT,Stock,Active,
HYLS,FIRST TRUST TACTICAL HIGH YIELD ETF,NASDAQ,ETF,Active,
HYMB,SPDR(R) NUVEEN BLOOMBERG HIGH YIELD MUNICIPAL BOND ETF,NYSE ARCA,ETF,Active,
HYMB:BAT,SPDR Nuveen S&P High Yield Municipal Bond ETF,NYSE ARCA,ETF,Active,
HYMC,Hycroft Mining Holding Corporation - Class A,NASDAQ,Stock,Active,
HYMCL,Hycroft Mining Holding Corporation - Warrants (01/01/9999),NASDAQ,Stock,Active,
HYMCW,Hycroft Mining Holding Corporation Warrant,NASDAQ,Stock,Active,
HYNE,Hoyne Bancorp Inc,NASDAQ,Stock,Active,
HYP,GOLDEN EAGLE DYNAMIC HYPERGROWTH ETF,NASDAQ,ETF,Active,
HYPD,Eyenovia Inc,NASDAQ,Stock,Active,
HYPR,Hyperfine Inc - Class A,NASDAQ,Stock,Active,
HYS,PIMCO 0-5 YEAR HIGH YIELD CORPORATE BOND INDEX EXCHANGE-TRADED FUND,NYSE ARCA,ETF,Active,
HYS:BAT,PIMCO 05 Year High Yield Corporate Bond Index Fund,NYSE ARCA,Stock,Active,
HYSA,BONDBLOXX USD HIGH YIELD BOND SECTOR ROTATION ETF,NYSE ARCA,ETF,Active,
HYSD,Columbia Short Duration High Yield ETF,NYSE ARCA,ETF,Active,
HYT,BlackRock Corporate High Yield Fund Inc,NYSE,ETF,Active,
HYTR,COUNTERPOINT HIGH YIELD TREND ETF,NYSE,ETF,Active,
HYUP,XTRACKERS HIGH BETA HIGH YIELD BOND ETF,NYSE ARCA,ETF,Active,
HYXF,ISHARES ESG ADVANCED HIGH YIELD CORPORATE BOND ETF,NASDAQ,ETF,Active,
HYZD,WISDOMTREE INTEREST RATE HEDGED HIGH YIELD BOND FUND,NASDAQ,ETF,Active,
HYZN,Hyzon Motors Inc - Class A,NASDAQ,Stock,Active,
HYZNW,Hyzon Motors Inc - Warrants (02/10/2025),NASDAQ,Stock,Active,
HZO,Marinemax Inc,NYSE,Stock,Active,
HZON-WS,Horizon Acquisition Corporation II Warrants each whole warrant exercisable for one Class A ordinary share at an exercise price of 11.50,NYSE,Stock,Active,
IAC,IAC Inc - New,NASDAQ,Stock,Active,
IACO,Idea Acquisition Corp - Class A,NASDAQ,Stock,Active,
IACOU,Idea Acquisition Corp - Units (1 Ord Cls A & 1/3 War),NASDAQ,Stock,Active,
IACOW,Idea Acquisition Corp - Warrants (06/01/2031),NASDAQ,Stock,Active,
IACQU,Irenic Acquisition Corp - Units (1 Ord Cls A & 1/3 War),NASDAQ,Stock,Active,
IACVV,IAC Inc,NASDAQ,Stock,Active,
IAE,Voya Asia Pacific High Dividend Equity Income Fund,NYSE,ETF,Active,
IAF,abrdn Australia Equity Fund Inc,NYSE MKT,ETF,Active,
IAG,Iamgold Corp,NYSE,Stock,Active,
IAGG,ISHARES CORE INTERNATIONAL AGGREGATE BOND ETF,BATS,ETF,Active,
IAI,ISHARES U.S. BROKER-DEALERS &AMP; SECURITIES EXCHANGES ETF,NYSE ARCA,ETF,Active,
IAK,ISHARES U.S. INSURANCE ETF,NYSE ARCA,ETF,Active,
IALT,iShares Systematic Alternatives Active ETF,NASDAQ,ETF,Active,
IAPR,Innovator International Developed Power Buffer ETF April,NYSE ARCA,ETF,Active,
IART,Integra Lifesciences Holdings Corp,NASDAQ,Stock,Active,
IAS,Integral Ad Science Holding Corp,NASDAQ,Stock,Active,
IAT,ISHARES U.S. REGIONAL BANKS ETF,NYSE ARCA,ETF,Active,
IAU,iShares Gold Trust,NYSE ARCA,ETF,Active,
IAUG,International Developed Power Buffer ETF August,NYSE ARCA,ETF,Active,
IAUI,NEOS GOLD HIGH INCOME ETF,BATS,ETF,Active,
IAUM,iShares Gold Trust Micro,NYSE ARCA,ETF,Active,
IAUX,i80 Gold Corp,NYSE MKT,Stock,Active,
IAUX-WS,i80 Gold Corp Warrants each warrant exercisable for one Common Share at an exercise price of 0.70,AMEX,Stock,Active,
IBAC,IB Acquisition Corp,NASDAQ,Stock,Active,
IBACR,IB Acquisition Corp,NASDAQ,Stock,Active,
IBAT,ISHARES ENERGY STORAGE & MATERIALS ETF,NASDAQ,ETF,Active,
IBB,ISHARES BIOTECHNOLOGY ETF,NASDAQ,ETF,Active,
IBBQ,INVESCO NASDAQ BIOTECHNOLOGY ETF,NASDAQ,ETF,Active,
IBCA,ISHARES IBONDS DEC 2035 TERM CORPORATE ETF,NYSE ARCA,ETF,Active,
IBCB,ISHARES IBONDS MAR 2016 CORPORATE EXFINANCIALS ETF,NYSE ARCA,ETF,Active,
IBCP,Independent Bank Corporation (Ionia MI),NASDAQ,Stock,Active,
IBD,INSPIRE CORPORATE BOND ETF,NYSE ARCA,ETF,Active,
IBDR,ISHARES IBONDS DEC 2026 TERM CORPORATE ETF,NYSE ARCA,ETF,Active,
IBDS,ISHARES IBONDS DEC 2027 TERM CORPORATE ETF,NYSE ARCA,ETF,Active,
IBDT,ISHARES IBONDS DEC 2028 TERM CORPORATE ETF,NYSE ARCA,ETF,Active,
IBDU,ISHARES IBONDS DEC 2029 TERM CORPORATE ETF,NYSE ARCA,ETF,Active,
IBDV,ISHARES IBONDS DEC 2030 TERM CORPORATE ETF,NYSE ARCA,ETF,Active,
IBDW,ISHARES IBONDS DEC 2031 TERM CORPORATE ETF,NYSE ARCA,ETF,Active,
IBDX,ISHARES IBONDS DEC 2032 TERM CORPORATE ETF,NYSE ARCA,ETF,Active,
IBDY,ISHARES IBONDS DEC 2033 TERM CORPORATE ETF,NYSE ARCA,ETF,Active,
IBDZ,ISHARES IBONDS DEC 2034 TERM CORPORATE ETF,NYSE ARCA,ETF,Active,
IBEX,IBEX Ltd,NASDAQ,Stock,Active,
IBFR,Innovator International Developed Managed 10 Buffer,NYSE ARCA,Stock,Active,
IBG,Innovation Beverage Group Ltd,NASDAQ,Stock,Active,
IBGA,ISHARES IBONDS DEC 2044 TERM TREASURY ETF,NASDAQ,ETF,Active,
IBGC,iShares iBonds Dec 2046 Term Treasury ETF,NASDAQ,ETF,Active,
IBGK,ISHARES IBONDS DEC 2054 TERM TREASURY ETF,NASDAQ,ETF,Active,
IBGM,iShares iBonds Dec 2056 Term Treasury ETF,NASDAQ,ETF,Active,
IBHF,ISHARES IBONDS 2026 TERM HIGH YIELD AND INCOME ETF,BATS,ETF,Active,
IBHG,ISHARES IBONDS 2027 TERM HIGH YIELD AND INCOME ETF,BATS,ETF,Active,
IBHH,ISHARES IBONDS 2028 TERM HIGH YIELD AND INCOME ETF,BATS,ETF,Active,
IBHI,ISHARES IBONDS 2029 TERM HIGH YIELD AND INCOME ETF,BATS,ETF,Active,
IBHJ,ISHARES IBONDS 2030 TERM HIGH YIELD AND INCOME ETF,BATS,ETF,Active,
IBHK,ISHARES IBONDS 2031 TERM HIGH YIELD AND INCOME ETF,BATS,ETF,Active,
IBHM,iShares iBonds 2033 Term High Yield and Income,BATS,Stock,Active,
IBIC,ISHARES IBONDS OCT 2026 TERM TIPS ETF,NYSE ARCA,ETF,Active,
IBID,ISHARES IBONDS OCT 2027 TERM TIPS ETF,NYSE ARCA,ETF,Active,
IBIE,ISHARES IBONDS OCT 2028 TERM TIPS ETF,NYSE ARCA,ETF,Active,
IBIF,ISHARES IBONDS OCT 2029 TERM TIPS ETF,NYSE ARCA,ETF,Active,
IBIG,ISHARES IBONDS OCT 2030 TERM TIPS ETF,NYSE ARCA,ETF,Active,
IBIH,ISHARES IBONDS OCT 2031 TERM TIPS ETF,NYSE ARCA,ETF,Active,
IBII,ISHARES IBONDS OCT 2032 TERM TIPS ETF,NYSE ARCA,ETF,Active,
IBIJ,ISHARES IBONDS OCT 2033 TERM TIPS ETF,NYSE ARCA,ETF,Active,
IBIK,ISHARES IBONDS OCT 2034 TERM TIPS ETF,NYSE ARCA,ETF,Active,
IBIM,iShares iBonds Oct 2036 Term TIPS,NYSE ARCA,Stock,Active,
IBIO,iBio Inc,NASDAQ,Stock,Active,
IBIT,iShares Bitcoin Trust,NASDAQ,ETF,Active,
IBKR,Interactive Brokers Group Inc - Class A,NASDAQ,Stock,Active,
IBLC,ISHARES BLOCKCHAIN AND TECH ETF,NYSE ARCA,ETF,Active,
IBM,International Business Machines Corp,NYSE,Stock,Active,
IBMK,iShares iBonds Dec 2022 Term Muni Bond ETF,NYSE ARCA,ETF,Active,
IBMO,ISHARES IBONDS DEC 2026 TERM MUNI BOND ETF,BATS,ETF,Active,
IBMP,ISHARES IBONDS DEC 2027 TERM MUNI BOND ETF,BATS,ETF,Active,
IBMQ,ISHARES IBONDS DEC 2028 TERM MUNI BOND ETF,BATS,ETF,Active,
IBMR,ISHARES IBONDS DEC 2029 TERM MUNI BOND ETF,BATS,ETF,Active,
IBMS,ISHARES IBONDS DEC 2030 TERM MUNI BOND ETF,BATS,ETF,Active,
IBMU,iShares iBonds Dec 2032 Term Muni Bond,BATS,Stock,Active,
IBMV,iShares iBonds Dec 2033 Term Muni Bond,BATS,Stock,Active,
IBMW,iShares iBonds Dec 2034 Term Muni Bond,BATS,Stock,Active,
IBMX,iShares iBonds Dec 2035 Term Muni Bond,BATS,Stock,Active,
IBN,ICICI Bank Ltd,NYSE,Stock,Active,
IBND,SPDR(R) BLOOMBERG INTERNATIONAL CORPORATE BOND ETF,NYSE ARCA,ETF,Active,
IBND:BAT,SPDR Barclays International Tr,NYSE ARCA,Stock,Active,
IBO,NYSE AMEX LISTED TEST STOCK FOR CTS CQS,AMEX,Stock,Active,
IBOC,International Bancshares Corp,NASDAQ,Stock,Active,
IBOT,VANECK ROBOTICS ETF,NASDAQ,ETF,Active,
IBP,Installed Building Products Inc,NYSE,Stock,Active,
IBRN,ISHARES NEUROSCIENCE AND HEALTHCARE ETF,NYSE ARCA,ETF,Active,
IBRX,ImmunityBio Inc,NASDAQ,Stock,Active,
IBTA,Ibotta Inc - Class A,NYSE,Stock,Active,
IBTE,iShares iBonds Dec 2024 Term Treasury ETF,NASDAQ,ETF,Active,
IBTG,ISHARES IBONDS DEC 2026 TERM TREASURY ETF,NASDAQ,ETF,Active,
IBTH,ISHARES IBONDS DEC 2027 TERM TREASURY ETF,NASDAQ,ETF,Active,
IBTI,ISHARES IBONDS DEC 2028 TERM TREASURY ETF,NASDAQ,ETF,Active,
IBTJ,ISHARES IBONDS DEC 2029 TERM TREASURY ETF,NASDAQ,ETF,Active,
IBTK,ISHARES IBONDS DEC 2030 TERM TREASURY ETF,NASDAQ,ETF,Active,
IBTL,ISHARES IBONDS DEC 2031 TERM TREASURY ETF,NASDAQ,ETF,Active,
IBTM,ISHARES IBONDS DEC 2032 TERM TREASURY ETF,NASDAQ,ETF,Active,
IBTO,ISHARES IBONDS DEC 2033 TERM TREASURY ETF,NASDAQ,ETF,Active,
IBTP,ISHARES IBONDS DEC 2034 TERM TREASURY ETF,NASDAQ,ETF,Active,
IBTR,iShares iBonds Dec 2036 Term Treasury ETF,NASDAQ,ETF,Active,
IBUF,Innovator International Developed 10 Buffer ETF - Quarterly,NYSE ARCA,ETF,Active,
IBUY,AMPLIFY ONLINE RETAIL ETF,NYSE ARCA,ETF,Active,
ICAP,INFRASTRUCTURE CAPITAL EQUITY INCOME ETF,NYSE ARCA,ETF,Active,
ICCC,Immucell Corp,NASDAQ,Stock,Active,
ICCM,Icecure Medical Ltd,NASDAQ,Stock,Active,
ICE,Intercontinental Exchange Inc,NYSE,Stock,Active,
ICF,ISHARES COHEN & STEERS REIT ETF,BATS,ETF,Active,
ICFI,ICF International Inc,NASDAQ,Stock,Active,
ICG,Intchains Group Ltd,NASDAQ,Stock,Active,
ICHR,Ichor Holdings Ltd,NASDAQ,Stock,Active,
ICL,ICL Group Ltd,NYSE,Stock,Active,
ICLK,iClick Interactive Asia Group Ltd,NASDAQ,Stock,Active,
ICLN,ISHARES GLOBAL CLEAN ENERGY ETF,NASDAQ,ETF,Active,
ICLO,Invesco AAA CLO Floating Rate Note ETF,BATS,ETF,Active,
ICLR,Icon Plc,NASDAQ,Stock,Active,
ICMB,Investcorp Credit Management BDC Inc,NASDAQ,Stock,Active,
ICNC-U,Iconic Sports Acquisition Corp Units,NYSE,Stock,Active,
ICOI,BITWISE COIN OPTION INCOME STRATEGY ETF,NYSE ARCA,ETF,Active,
ICON,Icon Energy Corp,NASDAQ,Stock,Active,
ICOP,ISHARES COPPER AND METALS MINING ETF,NASDAQ,ETF,Active,
ICOW,PACER DEVELOPED MARKETS INTERNATIONAL CASH COWS 100 ETF,BATS,ETF,Active,
ICPI,iShares 01 Year TIPS Bond ETF,NYSE ARCA,ETF,Active,
ICR-P-A,InPoint Commercial Real Estate Income Inc,NYSE,Stock,Active,
ICRC,BITWISE CRCL OPTION INCOME STRATEGY ETF,NYSE ARCA,ETF,Active,
ICSH,ISHARES ULTRA SHORT-TERM BOND ACTIVE ETF,BATS,ETF,Active,
ICU,SeaStar Medical Holding Corp,NASDAQ,Stock,Active,
ICUCW,SeaStar Medical Holding Corp - Warrants (28/10/2027),NASDAQ,Stock,Active,
ICUI,ICU Medical Inc,NASDAQ,Stock,Active,
ICVT,ISHARES CONVERTIBLE BOND ETF,BATS,ETF,Active,
ID,L1 IDENTITY SOLUTIONS INC.,NYSE MKT,Stock,Active,
IDA,Idacorp Inc,NYSE,Stock,Active,
IDACU,Iron Dome Acquisition I Corp - Units (1 Ord Cls A & 1/2 War),NASDAQ,Stock,Active,
IDAI,T Stamp Inc - Class A,NASDAQ,Stock,Active,
IDCC,Interdigital Inc,NASDAQ,Stock,Active,
IDE,Voya Infrastructure Industrials and Materials Fund,NYSE,ETF,Active,
IDEC,Innovator International Developed Power Buffer ETF December,NYSE ARCA,ETF,Active,
IDEF,iShares Defense Industrials Active ETF,NASDAQ,ETF,Active,
IDEQ,LAZARD INTERNATIONAL DYNAMIC EQUITY ETF,NYSE ARCA,ETF,Active,
IDEV,ISHARES CORE MSCI INTERNATIONAL DEVELOPED MARKETS ETF,NYSE ARCA,ETF,Active,
IDGT,ISHARES U.S. DIGITAL INFRASTRUCTURE AND REAL ESTATE ETF,NYSE ARCA,ETF,Active,
IDHQ,INVESCO S&P INTERNATIONAL DEVELOPED QUALITY ETF,NYSE ARCA,ETF,Active,
IDHQ:BAT,PowerShares S&P International Developed High Quality Portfolio,NYSE ARCA,Stock,Active,
IDIV,U.S. Equity Cumulative Dividends Fund Series 2027,NYSE ARCA,ETF,Active,
IDLV,INVESCO S&P INTERNATIONAL DEVELOPED LOW VOLATILITY ETF,NYSE ARCA,ETF,Active,
IDLV:BAT,PowerShares S&P International Developed Low Volatility Portfolio,NYSE ARCA,Stock,Active,
IDMO,INVESCO S&P INTERNATIONAL DEVELOPED MOMENTUM ETF,NYSE ARCA,ETF,Active,
IDMO:BAT,PowerShares S&P International Developed High Beta Portfolio,NYSE ARCA,Stock,Active,
IDMY,Corgi International Developed Equities 15 Structured Buffer ETF May Series,BATS,Stock,Active,
IDN,Intellicheck Inc,NASDAQ,Stock,Active,
IDNA,ISHARES GENOMICS IMMUNOLOGY AND HEALTHCARE ETF,NYSE ARCA,ETF,Active,
IDOG,ALPS INTERNATIONAL SECTOR DIVIDEND DOGS ETF,NYSE ARCA,ETF,Active,
IDR,Idaho Strategic Resources Inc,NYSE MKT,Stock,Active,
IDRV,ISHARES SELF-DRIVING EV AND TECH ETF,NYSE ARCA,ETF,Active,
IDT,IDT Corp - Class B,NYSE,Stock,Active,
IDU,ISHARES U.S. UTILITIES ETF,NYSE ARCA,ETF,Active,
IDUB,APTUS INTERNATIONAL ENHANCED YIELD ETF,BATS,ETF,Active,
IDV,ISHARES INTERNATIONAL SELECT DIVIDEND ETF,BATS,ETF,Active,
IDV:BAT,iShares International Select D,BATS,Stock,Active,
IDVO,AMPLIFY CWP INTERNATIONAL ENHANCED DIVIDEND INCOME ETF,NYSE ARCA,ETF,Active,
IDVY,First Trust International Rising Dividend Achievers ETF,NASDAQ,ETF,Active,
IDVZ,POLEN INTERNATIONAL DIVIDEND INCOME ETF,AMEX,ETF,Active,
IDX,VANECK INDONESIA INDEX ETF,NYSE ARCA,ETF,Active,
IDX:BAT,Market Vectors Indonesia Index,NYSE ARCA,Stock,Active,
IDXX,Idexx Laboratories Inc,NASDAQ,Stock,Active,
IDYA,Ideaya Biosciences Inc,NASDAQ,Stock,Active,
IDYN,INNERDYNE INC,NYSE ARCA,Stock,Active,
IE,Ivanhoe Electric Inc,NYSE MKT,Stock,Active,
IEAG,Infinite Eagle Acquisition Corp,NASDAQ,Stock,Active,
IEAGR,Infinite Eagle Acquisition Corp,NASDAQ,Stock,Active,
IEAGU,Infinite Eagle Acquisition Corp - Units (1 Ord Cls A & 1 Rts),NASDAQ,Stock,Active,
IEDI,ISHARES U.S. CONSUMER FOCUSED ETF,BATS,ETF,Active,
IEF,ISHARES 7-10 YEAR TREASURY BOND ETF,NASDAQ,ETF,Active,
IEFA,ISHARES CORE MSCI EAFE ETF,BATS,ETF,Active,
IEI,ISHARES 3-7 YEAR TREASURY BOND ETF,NASDAQ,ETF,Active,
IEMG,ISHARES CORE MSCI EMERGING MARKETS ETF,NYSE ARCA,ETF,Active,
IEMG:BAT,iShares Core MSCI Emerging Markets ETF,NYSE ARCA,ETF,Active,
IEO,ISHARES U.S. OIL & GAS EXPLORATION & PRODUCTION ETF,BATS,ETF,Active,
IEP,Icahn Enterprises L P,NASDAQ,Stock,Active,
IESC,IES Holdings Inc,NASDAQ,Stock,Active,
IETC,ISHARES U.S. TECH INDEPENDENCE FOCUSED ETF,BATS,ETF,Active,
IETH,BITWISE ETHEREUM OPTION INCOME STRATEGY ETF,NYSE ARCA,ETF,Active,
IEUR,ISHARES CORE MSCI EUROPE ETF,NYSE ARCA,ETF,Active,
IEUS,ISHARES MSCI EUROPE SMALL-CAP ETF,NASDAQ,ETF,Active,
IEV,ISHARES EUROPE ETF,NYSE ARCA,ETF,Active,
IEX,Idex Corporation,NYSE,Stock,Active,
IEZ,ISHARES U.S. OIL EQUIPMENT & SERVICES ETF,NYSE ARCA,ETF,Active,
IFBD,Infobird Co Ltd,NASDAQ,Stock,Active,
IFEB,Innovator International Developed Power Buffer ETF-February,NYSE ARCA,ETF,Active,
IFED,ETRACS IFED Invest with the Fed TR Index ETN,NYSE ARCA,Stock,Active,
IFF,International Flavors & Fragrances Inc,NYSE,Stock,Active,
IFGL,ISHARES INTERNATIONAL DEVELOPED REAL ESTATE ETF,NASDAQ,ETF,Active,
IFIN-WS,Infint Acquisition Corp - Warrants (01/01/9999),NYSE,Stock,Active,
IFLN,Invesco Fundamental High Yield Corporate Bond ETF,NYSE ARCA,ETF,Active,
IFLO,I FLOW CORP,NASDAQ,Stock,Active,
IFLR,Innovator International Developed Managed Floor ETF,NYSE ARCA,ETF,Active,
IFN,India Fund Inc,NYSE,ETF,Active,
IFN-R,India Fund Inc The Rights expiring May 14 2024 Rights,NYSE,Stock,Active,
IFN-R-W,India Fund Inc The Rights expiring May 14 2024 Rights when issued,NYSE,Stock,Active,
IFRA,ISHARES U.S. INFRASTRUCTURE ETF,BATS,ETF,Active,
IFRX,InflaRx N.V.,NASDAQ,Stock,Active,
IFS,Intercorp Financial Services Inc,NYSE,Stock,Active,
IFV,FIRST TRUST DORSEY WRIGHT INTERNATIONAL FOCUS 5 ETF,NASDAQ,ETF,Active,
IGA,Voya Global Advantage and Premium Opportunity Fund,NYSE,ETF,Active,
IGAC,Invest Green Acquisition Corp - Class A,NASDAQ,Stock,Active,
IGACR,Invest Green Acquisition Corp,NASDAQ,Stock,Active,
IGACU,Invest Green Acquisition Corp - Units (1 Ord Cls A & 1 Rts),NASDAQ,Stock,Active,
IGBH,ISHARES INTEREST RATE HEDGED LONG-TERM CORPORATE BOND ETF,NYSE ARCA,ETF,Active,
IGC,IGC Pharma Inc,NYSE MKT,Stock,Active,
IGCB,TCW Corporate Bond ETF,NYSE,ETF,Active,
IGD,Voya Global Equity Dividend and Premium Opportunity Fund,NYSE,ETF,Active,
IGE,ISHARES NORTH AMERICAN NATURAL RESOURCES ETF,BATS,ETF,Active,
IGEB,ISHARES INVESTMENT GRADE SYSTEMATIC BOND ETF,BATS,ETF,Active,
IGF,ISHARES GLOBAL INFRASTRUCTURE ETF,NASDAQ,ETF,Active,
IGHG,PROSHARES INVESTMENT GRADE-INTEREST RATE HEDGED,BATS,ETF,Active,
IGI,Western Asset Investment Grade Defined Opportunity Trust Inc,NYSE,ETF,Active,
IGIB,ISHARES 5-10 YEAR INVESTMENT GRADE CORPORATE BOND ETF,NASDAQ,ETF,Active,
IGIC,International General Insurance Holdings Ltd,NASDAQ,Stock,Active,
IGLB,ISHARES 10+ YEAR INVESTMENT GRADE CORPORATE BOND ETF,NYSE ARCA,ETF,Active,
IGLB:BAT,iShares 10 Year Credit Bond E,NYSE ARCA,Stock,Active,
IGLD,FT VEST GOLD STRATEGY TARGET INCOME ETF,BATS,ETF,Active,
IGM,ISHARES EXPANDED TECH SECTOR ETF,NYSE ARCA,ETF,Active,
IGME,BITWISE GME OPTION INCOME STRATEGY ETF,NYSE ARCA,ETF,Active,
IGOV,ISHARES INTERNATIONAL TREASURY BOND ETF,NASDAQ,ETF,Active,
IGPT,INVESCO AI AND NEXT GEN SOFTWARE ETF,NYSE ARCA,ETF,Active,
IGR,CBRE Global Real Estate Income Fund,NYSE,ETF,Active,
IGR-R,CBRE Global Real Estate Income Fund Rights expiring April 6 2023 Rights,NYSE,Stock,Active,
IGR-R-W,CBRE Global Real Estate Income Fund Rights expiring April 6 2023 Rights when issued,NYSE,Stock,Active,
IGRO,ISHARES INTERNATIONAL DIVIDEND GROWTH ETF,BATS,ETF,Active,
IGSB,ISHARES 1-5 YEAR INVESTMENT GRADE CORPORATE BOND ETF,NASDAQ,ETF,Active,
IGTR,Innovator Gradient Tactical Rotation Strategy ETF,NYSE ARCA,ETF,Active,
IGV,ISHARES EXPANDED TECH-SOFTWARE SECTOR ETF,BATS,ETF,Active,
IGZ,NYSE ARCA LISTED TEST STOCK FOR CTS CQS,NYSE ARCA,Stock,Active,
IH,iHuman Inc,NYSE,Stock,Active,
IHAK,ISHARES CYBERSECURITY AND TECH ETF,NYSE ARCA,ETF,Active,
IHD,Voya Emerging Markets High Dividend Equity Fund,NYSE,ETF,Active,
IHDG,WISDOMTREE INTERNATIONAL HEDGED QUALITY DIVIDEND GROWTH FUND,NYSE ARCA,ETF,Active,
IHE,ISHARES U.S. PHARMACEUTICALS ETF,NYSE ARCA,ETF,Active,
IHF,ISHARES U.S. HEALTHCARE PROVIDERS ETF,NYSE ARCA,ETF,Active,
IHG,Intercontinental Hotels Group,NYSE,Stock,Active,
IHI,ISHARES U.S. MEDICAL DEVICES ETF,NYSE ARCA,ETF,Active,
IHIT,Invesco High Income 2023 Target Term Fund,NYSE,ETF,Active,
IHRT,iHeartMedia Inc - Class A New,NASDAQ,Stock,Active,
IHS,IHS Holding Ltd,NYSE,Stock,Active,
IHT,Innsuites Hospitality Trust,NYSE MKT,Stock,Active,
IHTA,Invesco High Income 2024 Target Term Fund,NYSE,ETF,Active,
IHY,VANECK INTERNATIONAL HIGH YIELD BOND ETF,NYSE ARCA,ETF,Active,
IHY:BAT,Market Vectors International High Yield Bond Etf,NYSE ARCA,Stock,Active,
IIF,Morgan Stanley India Investment Fund Inc,NYSE,ETF,Active,
IIGD,INVESCO INVESTMENT GRADE DEFENSIVE ETF,NYSE ARCA,ETF,Active,
III,Information Services Group Inc,NASDAQ,Stock,Active,
IIIN,Insteel Industries Inc,NYSE,Stock,Active,
IIIV,i3 Verticals Inc - Class A,NASDAQ,Stock,Active,
IIM,Invesco Value Municipal Income Trust,NYSE,ETF,Active,
IIPR,Innovative Industrial Properties Inc,NYSE,Stock,Active,
IIPR-P-A,Innovative Industrial Properties Inc,NYSE,Stock,Active,
IIVI,Coherent Corp,NASDAQ,Stock,Active,
IJAN,Innovator International Developed Power Buffer ETF January,NYSE ARCA,ETF,Active,
IJH,ISHARES CORE S&P MID-CAP ETF,NYSE ARCA,ETF,Active,
IJJ,ISHARES S&P MID-CAP 400 VALUE ETF,NYSE ARCA,ETF,Active,
IJK,ISHARES S&P MID-CAP 400 GROWTH ETF,NYSE ARCA,ETF,Active,
IJR,ISHARES CORE S&P SMALL-CAP ETF,NYSE ARCA,ETF,Active,
IJS,ISHARES S&P SMALL-CAP 600 VALUE ETF,NYSE ARCA,ETF,Active,
IJT,ISHARES S&P SMALL-CAP 600 GROWTH ETF,NASDAQ,ETF,Active,
IJUL,Innovator International Developed Power Buffer ETF July,NYSE ARCA,ETF,Active,
IJUN,Innovator International Developed Power Buffer ETF - June,NYSE ARCA,ETF,Active,
IKT,Inhibikase Therapeutics Inc,NASDAQ,Stock,Active,
ILAG,Intelligent Living Application Group Inc,NASDAQ,Stock,Active,
ILCB,ISHARES MORNINGSTAR U.S. EQUITY ETF,NYSE ARCA,ETF,Active,
ILCG,ISHARES MORNINGSTAR GROWTH ETF,NYSE ARCA,ETF,Active,
ILCV,ISHARES MORNINGSTAR VALUE ETF,NYSE ARCA,ETF,Active,
ILDR,FIRST TRUST INNOVATION LEADERS ETF,NYSE ARCA,ETF,Active,
ILF,ISHARES LATIN AMERICA 40 ETF,NYSE ARCA,ETF,Active,
ILIT,ISHARES LITHIUM MINERS AND PRODUCERS ETF,NASDAQ,ETF,Active,
ILLR,Triller Corp - Class A,NYSE,Stock,Active,
ILLU,Illumination Acquisition Corp I,NASDAQ,Stock,Active,
ILLUU,Illumination Acquisition Corp I - Unit (1 Ordinary share & 1/3 Warr),NASDAQ,Stock,Active,
ILLUW,Illumination Acquisition Corp I Warrant,NASDAQ,Stock,Active,
ILMN,Illumina Inc,NASDAQ,Stock,Active,
ILMNV,Illumina Inc,NASDAQ,Stock,Active,
ILOW,AB INTERNATIONAL LOW VOLATILITY EQUITY ETF,NYSE ARCA,ETF,Active,
ILPT,Industrial Logistics Properties Trust,NASDAQ,Stock,Active,
ILS,BROOKMONT CATASTROPHIC BOND ETF,NYSE ARCA,ETF,Active,
ILTB,ISHARES CORE 10+ YEAR USD BOND ETF,NYSE ARCA,ETF,Active,
ILTB:BAT,iShares Core LongTerm US Bond,NYSE ARCA,Stock,Active,
IMA,Ikena Oncology Inc,NASDAQ,Stock,Active,
IMACW,IMAC Holdings Inc - Warrants (13/12/2023),NASDAQ,Stock,Active,
IMAR,Innovator International Developed Power Buffer ETF March,NYSE ARCA,ETF,Active,
IMAX,Imax Corp,NYSE,Stock,Active,
IMAY,Innovator International Developed Power Buffer ETF - May,NYSE ARCA,ETF,Active,
IMCB,iShares Morningstar Mid-Cap ETF,NYSE ARCA,ETF,Active,
IMCB:BAT,iShares Morningstar MidCap ET,NYSE ARCA,Stock,Active,
IMCC,IM Cannabis Corp,NASDAQ,Stock,Active,
IMCG,ISHARES MORNINGSTAR MID-CAP GROWTH ETF,NYSE ARCA,ETF,Active,
IMCG:BAT,iShares Morningstar MidCap Gr,NYSE ARCA,Stock,Active,
IMCR,Immunocore Holdings plc,NASDAQ,Stock,Active,
IMCV,ISHARES MORNINGSTAR MID-CAP VALUE ETF,NASDAQ,ETF,Active,
IMDX,Insight Molecular Diagnostics Inc,NASDAQ,Stock,Active,
IMFL,INVESCO INTERNATIONAL DEVELOPED DYNAMIC MULTIFACTOR ETF,BATS,ETF,Active,
IMKTA,Ingles Markets Inc - Class A,NASDAQ,Stock,Active,
IMMP,Immutep Ltd,NASDAQ,Stock,Active,
IMMR,Immersion Corp,NASDAQ,Stock,Active,
IMMU:BAT,Immunomedics Inc,NASDAQ,Stock,Active,
IMMX,Immix Biopharma Inc,NASDAQ,Stock,Active,
IMNM,Immunome Inc,NASDAQ,Stock,Active,
IMNN,Imunon Inc,NASDAQ,Stock,Active,
IMO,Imperial Oil Ltd,NYSE MKT,Stock,Active,
IMOM,ALPHA ARCHITECT INTERNATIONAL QUANTITATIVE MOMENTUM ETF,NASDAQ,ETF,Active,
IMOS,Chipmos Technologies Inc,NASDAQ,Stock,Active,
IMPP,Imperial Petroleum Inc,NASDAQ,Stock,Active,
IMPPP,Imperial Petroleum Inc,NASDAQ,Stock,Active,
IMPPV,Imperial Petroleum Inc Exdistribution When Issued,NASDAQ,Stock,Active,
IMRA,BITWISE MARA OPTION INCOME STRATEGY ETF,NYSE ARCA,Stock,Active,
IMRN,Immuron Ltd,NASDAQ,Stock,Active,
IMRX,Immuneering Corp Class A,NASDAQ,Stock,Active,
IMSR,Terrestrial Energy Inc,NASDAQ,Stock,Active,
IMSRW,Terrestrial Energy Inc - Warrants(28/10/2030),NASDAQ,Stock,Active,
IMST,BITWISE MSTR OPTION INCOME STRATEGY ETF,NYSE ARCA,ETF,Active,
IMTB,ISHARES CORE 5-10 YEAR USD BOND ETF,NYSE ARCA,ETF,Active,
IMTE,Integrated Media Technology Ltd,NASDAQ,Stock,Active,
IMTG,Invesco Agency MBS,BATS,Stock,Active,
IMTM,ISHARES MSCI INTL MOMENTUM FACTOR ETF,NYSE ARCA,ETF,Active,
IMTX,Immatics N.V,NASDAQ,Stock,Active,
IMTXW,Immatics N.V - Warrants (01/07/2025),NASDAQ,Stock,Active,
IMUX,Immunic Inc,NASDAQ,Stock,Active,
IMVP,Invesco India ETF,NYSE ARCA,ETF,Active,
IMVT,Immunovant Inc,NASDAQ,Stock,Active,
IMXI,International Money Express Inc,NASDAQ,Stock,Active,
INAB,IN8bio Inc,NASDAQ,Stock,Active,
INAC,Indigo Acquisition Corp,NASDAQ,Stock,Active,
INACR,Indigo Acquisition Corp Right,NASDAQ,Stock,Active,
INACU,Indigo Acquisition Corp - Units (1 Ord Shs & 1 Rts),NASDAQ,Stock,Active,
INBK,First Internet Bancorp,NASDAQ,Stock,Active,
INBKZ,First Internet Bancorp,NASDAQ,Stock,Active,
INBS,Intelligent Bio Solutions Inc,NASDAQ,Stock,Active,
INBX,Inhibrx Biosciences Inc,NASDAQ,Stock,Active,
INBXV,Inhibrx Inc Exdistribution WhenIssued,NASDAQ,Stock,Active,
INCE,FRANKLIN INCOME EQUITY FOCUS ETF,NYSE ARCA,ETF,Active,
INCM,Franklin Income Focus ETF,NYSE ARCA,ETF,Active,
INCO,COLUMBIA INDIA CONSUMER ETF,NYSE ARCA,ETF,Active,
INCO:BAT,EG Shares India Consumer ETF,NYSE ARCA,ETF,Active,
INCR,INC Research Holdings Inc,NASDAQ,Stock,Active,
INCY,Incyte Corp,NASDAQ,Stock,Active,
INDA,ISHARES MSCI INDIA ETF,BATS,ETF,Active,
INDB,Independent Bank Corp,NASDAQ,Stock,Active,
INDE,MATTHEWS INDIA ACTIVE ETF,NYSE ARCA,ETF,Active,
INDH,WISDOMTREE INDIA HEDGED EQUITY FUND,NASDAQ,ETF,Active,
INDI,Indie Semiconductor Inc - Class A,NASDAQ,Stock,Active,
INDL,DIREXION DAILY MSCI INDIA BULL 2X SHARES,NYSE ARCA,ETF,Active,
INDL:BAT,Direxion Daily India Bull 3X Shares,NYSE ARCA,ETF,Active,
INDO,Indonesia Energy Corp Ltd,NYSE MKT,Stock,Active,
INDP,Indaptus Therapeutics Inc,NASDAQ,Stock,Active,
INDS,PACER INDUSTRIAL REAL ESTATE ETF,NYSE ARCA,ETF,Active,
INDV,Indivior Plc,NASDAQ,Stock,Active,
INDY,ISHARES INDIA 50 ETF,NASDAQ,ETF,Active,
INDZ,VANECK INDIA SELECT ETF,NYSE ARCA,ETF,Active,
INEO,INNEOVA Holdings Ltd,NASDAQ,Stock,Active,
INEQ,COLUMBIA INTERNATIONAL EQUITY INCOME ETF,NYSE ARCA,ETF,Active,
INFL,HORIZON KINETICS INFLATION BENEFICIARIES ETF,NYSE ARCA,ETF,Active,
INFQ,Infleqtion Inc,NYSE,Stock,Active,
INFQ-WS,Infleqtion Inc Warrants each whole warrant exercisable for one share of Common Stock at an exercise price of 11.50 per share,NYSE,Stock,Active,
INFU,InfuSystem Holdings Inc,NYSE MKT,Stock,Active,
INFY,Infosys Ltd,NYSE,Stock,Active,
ING,ING Groep N.V.,NYSE,Stock,Active,
INGM,Ingram Micro Holding Corp,NYSE,Stock,Active,
INGN,Inogen Inc,NASDAQ,Stock,Active,
INGR,Ingredion Inc,NYSE,Stock,Active,
INHD,Inno Holdings Inc,NASDAQ,Stock,Active,
INKA,Near Intelligence Inc - Class A,NASDAQ,Stock,Active,
INKM,SPDR SSGA INCOME ALLOCATION ETF,NYSE ARCA,ETF,Active,
INKM:BAT,SPDR SSgA Income Allocation ETF,NYSE ARCA,ETF,Active,
INKT,MiNK Therapeutics Inc,NASDAQ,Stock,Active,
INLF,INLIF Ltd,NASDAQ,Stock,Active,
INLX,Intellinetics Inc,NYSE MKT,Stock,Active,
INM,InMed Pharmaceuticals Inc,NASDAQ,Stock,Active,
INMB,INmune Bio Inc,NASDAQ,Stock,Active,
INMD,Inmode Ltd,NASDAQ,Stock,Active,
INMU,BlackRock Intermediate Muni Income Bond ETF,NYSE ARCA,ETF,Active,
INN,Summit Hotel Properties Inc,NYSE,Stock,Active,
INN-P-E,Summit Hotel Properties Inc,NYSE,Stock,Active,
INN-P-F,Summit Hotel Properties Inc,NYSE,Stock,Active,
INNV,InnovAge Holding Corp,NASDAQ,Stock,Active,
INO,Inovio Pharmaceuticals Inc,NASDAQ,Stock,Active,
INOD,Innodata Inc,NASDAQ,Stock,Active,
INOV,Innovator International Developed Power Buffer ETF November,NYSE ARCA,ETF,Active,
INPX,XTI Aerospace Inc,NASDAQ,Stock,Active,
INPXV,Inpixon,NASDAQ,Stock,Active,
INQQ,INQQ THE INDIA INTERNET ETF,NYSE ARCA,ETF,Active,
INR,Infinity Natural Resources Inc - Class A,NYSE,Stock,Active,
INRO,BlackRock U.S. Industry Rotation ETF,NASDAQ,ETF,Active,
INSE,Inspired Entertainment Inc,NASDAQ,Stock,Active,
INSG,Inseego Corp,NASDAQ,Stock,Active,
INSM,Insmed Inc,NASDAQ,Stock,Active,
INSP,Inspire Medical Systems Inc,NYSE,Stock,Active,
INSW,International Seaways Inc,NYSE,Stock,Active,
INTA,Intapp Inc,NASDAQ,Stock,Active,
INTC,Intel Corp,NASDAQ,Stock,Active,
INTF,ISHARES INTERNATIONAL EQUITY FACTOR ETF,NYSE ARCA,ETF,Active,
INTG,Intergroup Corp,NASDAQ,Stock,Active,
INTJ,Intelligent Group Ltd,NASDAQ,Stock,Active,
INTL,MAIN INTERNATIONAL ETF,BATS,ETF,Active,
INTM,Intermedia Cloud Communications Inc,BATS,Stock,Active,
INTR,Inter & Co Inc - Class A,NASDAQ,Stock,Active,
INTS,Intensity Therapeutics Inc,NASDAQ,Stock,Active,
INTT,Intest Corp,NYSE MKT,Stock,Active,
INTU,Intuit Inc,NASDAQ,Stock,Active,
INTW,GRANITESHARES 2X LONG INTC DAILY ETF,NASDAQ,ETF,Active,
INTZ,Intrusion Inc,NASDAQ,Stock,Active,
INUV,Inuvo Inc,NYSE MKT,Stock,Active,
INV,Innventure Inc,NASDAQ,Stock,Active,
INVA,Innoviva Inc,NASDAQ,Stock,Active,
INVE,Identiv Inc,NASDAQ,Stock,Active,
INVG,GMO SYSTEMATIC INVESTMENT GRADE CREDIT ETF,NYSE ARCA,ETF,Active,
INVH,Invitation Homes Inc,NYSE,Stock,Active,
INVN,InvenSense Inc,NYSE ARCA,Stock,Active,
INVX,Innovex International Inc,NYSE,Stock,Active,
INVZ,Innoviz Technologies Ltd,NASDAQ,Stock,Active,
INXBV,Inhibrx Biosciences Inc,NASDAQ,Stock,Active,
INZY,Inozyme Pharma Inc,NASDAQ,Stock,Active,
IOCT,Innovator International Developed Power Buffer ETF - October,NYSE ARCA,ETF,Active,
IOMT,Isomet Corp,NASDAQ,Stock,Active,
ION,PROSHARES S&P GLOBAL CORE BATTERY METALS ETF,NYSE ARCA,ETF,Active,
IONL,GRANITESHARES 2X LONG IONQ DAILY ETF,NASDAQ,ETF,Active,
IONQ,IonQ Inc,NYSE,Stock,Active,
IONQ-WS,IonQ Inc Wt,NYSE,Stock,Active,
IONR,ioneer Ltd,NASDAQ,Stock,Active,
IONS,Ionis Pharmaceuticals Inc,NASDAQ,Stock,Active,
IONZ,Defiance Daily Target 2x Short IONQ ETF,NASDAQ,ETF,Active,
IOO,ISHARES GLOBAL 100 ETF,NYSE ARCA,ETF,Active,
IOO:BAT,iShares Global 100 ETF,NYSE ARCA,ETF,Active,
IOPP,SIMPLIFY TARA INDIA OPPORTUNITIES ETF,NYSE ARCA,ETF,Active,
IOR,Income Opportunity Realty Investors Inc,NYSE MKT,Stock,Active,
IOSP,Innospec Inc,NASDAQ,Stock,Active,
IOT,Samsara Inc - Class A,NYSE,Stock,Active,
IOTR,iOThree Ltd,NASDAQ,Stock,Active,
IOVA,Iovance Biotherapeutics Inc,NASDAQ,Stock,Active,
IP,International Paper Company,NYSE,Stock,Active,
IPAC,ISHARES CORE MSCI PACIFIC ETF,NYSE ARCA,ETF,Active,
IPAR,Inter Parfums Inc,NASDAQ,Stock,Active,
IPAV,GLOBAL X INFRASTRUCTURE DEVELOPMENT EX-U.S. ETF,BATS,ETF,Active,
IPAY,Amplify Mobile Payments ETF,NYSE ARCA,ETF,Active,
IPB,Merrill Lynch Depositor Inc,NYSE,Stock,Active,
IPCX,Inflection Point Acquisition Corp III - Class A,NASDAQ,Stock,Active,
IPCXR,Inflection Point Acquisition Corp III,NASDAQ,Stock,Active,
IPCXU,Inflection Point Acquisition Corp III - Units (1 Ord Cls A & 1 Rts),NASDAQ,Stock,Active,
IPDN,Professional Diversity Network Inc,NASDAQ,Stock,Active,
IPEX,Inflection Point Acquisition Corp V - Class A,NASDAQ,Stock,Active,
IPEXR,Inflection Point Acquisition Corp V,NASDAQ,Stock,Active,
IPEXU,Inflection Point Acquisition Corp V - Units (1 Ord Cls A & 1 Rts),NASDAQ,Stock,Active,
IPFX,Inflection Point Acquisition Corp VI,NASDAQ,Stock,Active,
IPFXU,Inflection Point Acquisition Corp VI - Unit (1 Ord Cls A & 1/3 War),NASDAQ,Stock,Active,
IPFXW,Inflection Point Acquisition Corp VI Warrant,NASDAQ,Stock,Active,
IPGP,IPG Photonics Corp,NASDAQ,Stock,Active,
IPHA,Innate Pharma,NASDAQ,Stock,Active,
IPHI:BAT,Inphi,NASDAQ,Stock,Active,
IPI,Intrepid Potash Inc,NYSE,Stock,Active,
IPKW,INVESCO INTERNATIONAL BUYBACK ACHIEVERS ETF,NASDAQ,ETF,Active,
IPM,Paltalk Inc,NASDAQ,Stock,Active,
IPO,RENAISSANCE IPO ETF,NYSE ARCA,ETF,Active,
IPOD,Dune Acquisition Corp II - Class A,NASDAQ,Stock,Active,
IPODU,Dune Acquisition Corp II - Units (1 Ord Cls A & 1 War),NASDAQ,Stock,Active,
IPODW,Dune Acquisition Corp II - Warrants (04/04/2030),NASDAQ,Stock,Active,
IPOS,RENAISSANCE INTERNATIONAL IPO ETF,NYSE ARCA,ETF,Active,
IPSC,Century Therapeutics Inc,NASDAQ,Stock,Active,
IPST,IP Strategy Holdings Inc,NASDAQ,Stock,Active,
IPW,iPower Inc,NASDAQ,Stock,Active,
IPWR,Ideal Power Inc,NASDAQ,Stock,Active,
IPX,IperionX Ltd,NASDAQ,Stock,Active,
IPXXU,USA Rare Earth Inc - Units (1 Ord Class A & 1/2 Warr),NASDAQ,Stock,Active,
IQ,iQIYI Inc,NASDAQ,Stock,Active,
IQDF,FLEXSHARES INTERNATIONAL QUALITY DIVIDEND INDEX FUND,NYSE ARCA,ETF,Active,
IQDG,WISDOMTREE INTERNATIONAL QUALITY DIVIDEND GROWTH FUND,BATS,ETF,Active,
IQDY,FLEXSHARES INTERNATIONAL QUALITY DIVIDEND DYNAMIC INDEX FUND,NYSE ARCA,ETF,Active,
IQHI,NYLI MACKAY HIGH INCOME ETF,NYSE ARCA,ETF,Active,
IQI,Invesco Quality Municipal Income Trust,NYSE,ETF,Active,
IQLT,ISHARES MSCI INTL QUALITY FACTOR ETF,NYSE ARCA,ETF,Active,
IQM,FRANKLIN INTELLIGENT MACHINES ETF,BATS,ETF,Active,
IQMDW,Intelligent Medicine Acquisition Corp - Warrants - (05/11/2026),NASDAQ,Stock,Active,
IQMM,ProShares GENIUS Money Market,NYSE ARCA,Stock,Active,
IQQQ,PROSHARES NASDAQ-100 HIGH INCOME ETF,NASDAQ,ETF,Active,
IQRA,NYLI CBRE REAL ASSETS ETF,NYSE ARCA,ETF,Active,
IQSI,NYLI CANDRIAM INTERNATIONAL EQUITY ETF,NYSE ARCA,ETF,Active,
IQSM,NYLI CANDRIAM U.S. MID CAP EQUITY ETF,NYSE ARCA,ETF,Active,
IQST,iQSTEL Inc,NASDAQ,Stock,Active,
IQSU,NYLI CANDRIAM U.S. LARGE CAP EQUITY ETF,NYSE ARCA,ETF,Active,
IQSZ,Invesco Managed Futures Strategy ETF Global Equity Net Zero,NYSE ARCA,ETF,Active,
IQV,IQVIA Holdings Inc,NYSE,Stock,Active,
IR,Ingersoll-Rand Inc,NYSE,Stock,Active,
IRAB,Iris Acquisition Corp II Class A,NYSE,Stock,Active,
IRAB-U,Iris Acquisition Corp II - Units (1 Ord Cls A & 1/2 War),NYSE,Stock,Active,
IRAB-WS,Iris Acquisition Corp II Redeemable Warrants each whole warrant exercisable for one Class A Ordinary Share at an exercise price of 11.50 per share,NYSE,Stock,Active,
IRD,Ocuphire Pharma Inc,NASDAQ,Stock,Active,
IRDM,Iridium Communications Inc,NASDAQ,Stock,Active,
IRE,Daily Target 2X Long IREN (IREN Limited) ETF,NYSE,ETF,Active,
IREG,Leverage Shares 2X Long IREN Daily ETF,NASDAQ,ETF,Active,
IREN,Iris Energy Ltd,NASDAQ,Stock,Active,
IREX,Tradr 2X Long IREN Daily ETF,BATS,ETF,Active,
IREZ,Tradr 2X Short IREN Daily ETF,BATS,ETF,Active,
IRHO,Iron Horse Acquisitions II Corp,NASDAQ,Stock,Active,
IRHOR,Iron Horse Acquisitions II Corp Rights,NASDAQ,Stock,Active,
IRHOU,Iron Horse Acquisitions Corp II - Units (1 Ord Shs & 1 Rts),NASDAQ,Stock,Active,
IRIX,IRIDEX Corp,NASDAQ,Stock,Active,
IRL,New Ireland Fund Inc,NYSE,ETF,Active,
IRM,Iron Mountain Inc,NYSE,Stock,Active,
IRMD,Iradimed Corp,NASDAQ,Stock,Active,
IROC,INVESCO ROCHESTER HIGH YIELD MUNICIPAL ETF,BATS,ETF,Active,
IROHR,CN Healthy Food Tech Group Corp,NASDAQ,Stock,Active,
IROHU,CN Healthy Food Tech Group Corp - Units (1 Ord 1 War & 1 Rts),NASDAQ,Stock,Active,
IRON,Disc Medicine Inc,NASDAQ,Stock,Active,
IRS,Irsa Inversiones Y Representaciones S.A.,NYSE,Stock,Active,
IRT,Independence Realty Trust Inc,NYSE,Stock,Active,
IRTC,iRhythm Technologies Inc,NASDAQ,Stock,Active,
IRTR,ISHARES LIFEPATH RETIREMENT ETF,NYSE ARCA,ETF,Active,
IRVH,GLOBAL X INTEREST RATE VOLATILITY & INFLATION HEDGE ETF,NYSE ARCA,ETF,Active,
IRWD,Ironwood Pharmaceuticals Inc - Class A,NASDAQ,Stock,Active,
ISCB,ISHARES MORNINGSTAR SMALL-CAP ETF,NYSE ARCA,ETF,Active,
ISCB:BAT,iShares Morningstar SmallCap,NYSE ARCA,Stock,Active,
ISCF,ISHARES INTERNATIONAL SMALL-CAP EQUITY FACTOR ETF,NYSE ARCA,ETF,Active,
ISCG,iShares Morningstar Small-Cap Growth ETF,NYSE ARCA,ETF,Active,
ISCG:BAT,iShares Morningstar SmallCap,NYSE ARCA,Stock,Active,
ISCV,ISHARES MORNINGSTAR SMALL-CAP VALUE ETF,NYSE ARCA,ETF,Active,
ISCV:BAT,iShares Morningstar SmallCap,NYSE ARCA,Stock,Active,
ISD,PGIM High Yield Bond Fund Inc,NYSE,ETF,Active,
ISEP,Innovator International Developed Power Buffer ETF September,NYSE ARCA,ETF,Active,
ISG,ING Group NV Perpetual Dent Secs 6125,NYSE,Stock,Active,
ISHG,ISHARES 1-3 YEAR INTERNATIONAL TREASURY BOND ETF,NASDAQ,ETF,Active,
ISHP,FIRST TRUST S-NETWORK E-COMMERCE ETF,NASDAQ,ETF,Active,
ISMD,INSPIRE SMALL/MID CAP ETF,NYSE ARCA,ETF,Active,
ISMF,iShares Managed Futures Active ETF,AMEX,ETF,Active,
ISO,IsoPlexis Corp,NASDAQ,Stock,Active,
ISOU,IsoEnergy Ltd,AMEX,Stock,Active,
ISPC,iSpecimen Inc,NASDAQ,Stock,Active,
ISPR,Ispire Technology Inc,NASDAQ,Stock,Active,
ISPY,PROSHARES S&P 500 HIGH INCOME ETF,BATS,ETF,Active,
ISRA,VANECK ISRAEL ETF,NYSE ARCA,ETF,Active,
ISRG,Intuitive Surgical Inc,NASDAQ,Stock,Active,
ISSB,IncomeSTKd 1x US Stocks & 1x Bitcoin Premium ETF,BATS,ETF,Active,
ISSC,Innovative Solutions And Support Inc,NASDAQ,Stock,Active,
ISTB,ISHARES CORE 1-5 YEAR USD BOND ETF,NASDAQ,ETF,Active,
ISTR,Investar Holding Corp,NASDAQ,Stock,Active,
ISUL,GraniteShares 2x Long ISRG Daily ETF,NASDAQ,ETF,Active,
ISVL,ISHARES INTERNATIONAL DEVELOPED SMALL CAP VALUE FACTOR ETF,BATS,ETF,Active,
ISWN,AMPLIFY BLACKSWAN ISWN ETF,NYSE ARCA,ETF,Active,
IT,Gartner Inc,NYSE,Stock,Active,
ITA,ISHARES U.S. AEROSPACE & DEFENSE ETF,BATS,ETF,Active,
ITAN,SPARKLINE INTANGIBLE VALUE ETF,NYSE ARCA,ETF,Active,
ITB,ISHARES U.S. HOME CONSTRUCTION ETF,BATS,ETF,Active,
ITDB,ISHARES LIFEPATH TARGET DATE 2030 ETF,NYSE ARCA,ETF,Active,
ITDC,ISHARES LIFEPATH TARGET DATE 2035 ETF,NYSE ARCA,ETF,Active,
ITDD,ISHARES LIFEPATH TARGET DATE 2040 ETF,NYSE ARCA,ETF,Active,
ITDE,ISHARES LIFEPATH TARGET DATE 2045 ETF,NYSE ARCA,ETF,Active,
ITDF,ISHARES LIFEPATH TARGET DATE 2050 ETF,NYSE ARCA,ETF,Active,
ITDG,ISHARES LIFEPATH TARGET DATE 2055 ETF,NYSE ARCA,ETF,Active,
ITDH,ISHARES LIFEPATH TARGET DATE 2060 ETF,NYSE ARCA,ETF,Active,
ITDI,ISHARES LIFEPATH TARGET DATE 2065 ETF,NYSE ARCA,ETF,Active,
ITEQ,Amplify BlueStar Israel Technology ETF,NYSE ARCA,ETF,Active,
ITGR,Integer Holdings Corp,NYSE,Stock,Active,
ITHA,ITHAX Acquisition Corp III - Class A,NASDAQ,Stock,Active,
ITHAU,ITHAX Acquisition Corp III - Units (1 Ord Cls A & 1/2 War),NASDAQ,Stock,Active,
ITHAW,ITHAX Acquisition Corp III - Warrants (17/11/2030),NASDAQ,Stock,Active,
ITI,Iteris Inc,NASDAQ,Stock,Active,
ITIC,Investors Title Company,NASDAQ,Stock,Active,
ITM,VANECK INTERMEDIATE MUNI ETF,BATS,ETF,Active,
ITOC,Pheton Holdings Ltd - Class A,NASDAQ,Stock,Active,
ITOT,ISHARES CORE S&P TOTAL U.S. STOCK MARKET ETF,NYSE ARCA,ETF,Active,
ITOT:BAT,iShares Core S&P Total US Stoc,NYSE ARCA,Stock,Active,
ITP,IT Tech Packaging Inc,NYSE MKT,Stock,Active,
ITRG,Integra Resources Corp,NYSE MKT,Stock,Active,
ITRI,Itron Inc,NASDAQ,Stock,Active,
ITRN,Ituran Location And Control Ltd,NASDAQ,Stock,Active,
ITT,ITT Inc,NYSE,Stock,Active,
ITUB,Itau Unibanco Holding S.A.,NYSE,Stock,Active,
ITW,Illinois Tool Works Inc,NYSE,Stock,Active,
ITWO,ProShares Russell 2000 High Income ETF,BATS,ETF,Active,
IUS,INVESCO RAFI(TM) STRATEGIC US ETF,NASDAQ,ETF,Active,
IUSB,ISHARES CORE TOTAL USD BOND MARKET ETF,NASDAQ,ETF,Active,
IUSG,ISHARES CORE S&P U.S. GROWTH ETF,NASDAQ,ETF,Active,
IUSV,ISHARES CORE S&P U.S. VALUE ETF,NASDAQ,ETF,Active,
IVA,Inventiva,NASDAQ,Stock,Active,
IVAL,ALPHA ARCHITECT INTERNATIONAL QUANTITATIVE VALUE ETF,BATS,ETF,Active,
IVCPU,AleAnna Inc - Units (1 Ord Share Class A & 1/2 War),NASDAQ,Stock,Active,
IVDA,Iveda Solutions Inc,NASDAQ,Stock,Active,
IVDAW,Iveda Solutions Inc - Warrants (01/04/2027),NASDAQ,Stock,Active,
IVE,ISHARES S&P 500 VALUE ETF,NYSE ARCA,ETF,Active,
IVEP,Dan IVES Wedbush AI Power & Infrastructure,NYSE ARCA,Stock,Active,
IVES,Wedbush ETFMG Global Cloud Technology ETF,NYSE ARCA,ETF,Active,
IVF,INVO Fertility Inc,NASDAQ,Stock,Active,
IVH,Delaware Ivy High Income Opportunities Fund,NYSE,ETF,Active,
IVLU,ISHARES MSCI INTL VALUE FACTOR ETF,NYSE ARCA,ETF,Active,
IVOG,VANGUARD S&P MID-CAP 400 GROWTH INDEX FUND ETF SHARES,NYSE ARCA,ETF,Active,
IVOG:BAT,Vanguard S&P MidCap 400 Growth Etf,NYSE ARCA,Stock,Active,
IVOL,QUADRATIC INTEREST RATE VOLATILITY AND INFLATION HEDGE ETF,NYSE ARCA,ETF,Active,
IVOO,VANGUARD S&P MID-CAP 400 INDEX FUND ETF SHARES,NYSE ARCA,ETF,Active,
IVOO:BAT,Vanguard S&P MidCap 400 Etf,NYSE ARCA,Stock,Active,
IVOV,VANGUARD S&P MID-CAP 400 VALUE INDEX FUND ETF SHARES,NYSE ARCA,ETF,Active,
IVOV:BAT,Vanguard S&P MidCap 400 Value Etf,NYSE ARCA,Stock,Active,
IVR,Invesco Mortgage Capital Inc,NYSE,Stock,Active,
IVR-P-C,Invesco Mortgage Capital Inc,NYSE,Stock,Active,
IVRS,ISHARES FUTURE METAVERSE TECH AND COMMUNICATIONS ETF,NYSE ARCA,ETF,Active,
IVT,InvenTrust Properties Corp,NYSE,Stock,Active,
IVV,ISHARES CORE S&P 500 ETF,NYSE ARCA,ETF,Active,
IVVB,iShares Large Cap Deep Buffer ETF,BATS,ETF,Active,
IVVD,Invivyd Inc,NASDAQ,Stock,Active,
IVVM,iShares Large Cap Moderate Buffer ETF,BATS,ETF,Active,
IVVW,ISHARES S&P 500 BUYWRITE ETF,BATS,ETF,Active,
IVW,ISHARES S&P 500 GROWTH ETF,NYSE ARCA,ETF,Active,
IVZ,Invesco Ltd,NYSE,Stock,Active,
IWB,ISHARES RUSSELL 1000 ETF,NYSE ARCA,ETF,Active,
IWC,ISHARES MICRO-CAP ETF,NYSE ARCA,ETF,Active,
IWD,ISHARES RUSSELL 1000 VALUE ETF,NYSE ARCA,ETF,Active,
IWDL,UBS AG London Branch,NYSE ARCA,ETF,Active,
IWF,ISHARES RUSSELL 1000 GROWTH ETF,NYSE ARCA,ETF,Active,
IWFG,NYLI WINSLOW FOCUSED LARGE CAP GROWTH ETF,NYSE ARCA,ETF,Active,
IWFL,UBS AG London Branch,NYSE ARCA,Stock,Active,
IWL,ISHARES RUSSELL TOP 200 ETF,NYSE ARCA,ETF,Active,
IWL:BAT,iShares Russell Top 200 ETF,NYSE ARCA,ETF,Active,
IWLG,NYLI WINSLOW LARGE CAP GROWTH ETF,NYSE ARCA,ETF,Active,
IWM,ISHARES RUSSELL 2000 ETF,NYSE ARCA,ETF,Active,
IWMI,NEOS RUSSELL 2000 HIGH INCOME ETF,BATS,ETF,Active,
IWML,UBS AG London Branch,NYSE ARCA,Stock,Active,
IWMW,ISHARES RUSSELL 2000 BUYWRITE ETF,BATS,ETF,Active,
IWMY,DEFIANCE R2000 WEEKLY DISTRIBUTION ETF,NYSE ARCA,ETF,Active,
IWN,ISHARES RUSSELL 2000 VALUE ETF,NYSE ARCA,ETF,Active,
IWO,ISHARES RUSSELL 2000 GROWTH ETF,NYSE ARCA,ETF,Active,
IWP,ISHARES RUSSELL MID-CAP GROWTH ETF,NYSE ARCA,ETF,Active,
IWR,ISHARES RUSSELL MID-CAP ETF,NYSE ARCA,ETF,Active,
IWS,ISHARES RUSSELL MID-CAP VALUE ETF,NYSE ARCA,ETF,Active,
IWV,ISHARES RUSSELL 3000 ETF,NYSE ARCA,ETF,Active,
IWX,ISHARES RUSSELL TOP 200 VALUE ETF,NYSE ARCA,ETF,Active,
IWX:BAT,iShares Russell Top 200 Value Index Fund,NYSE ARCA,Stock,Active,
IWY,ISHARES RUSSELL TOP 200 GROWTH ETF,NYSE ARCA,ETF,Active,
IWY:BAT,iShares Russell Top 200 Growth Index Fund,NYSE ARCA,Stock,Active,
IX,Orix Corporation,NYSE,Stock,Active,
IXC,iShares Global Energy ETF,NYSE ARCA,ETF,Active,
IXG,ISHARES GLOBAL FINANCIALS ETF,NYSE ARCA,ETF,Active,
IXHL,Incannex Healthcare Inc,NASDAQ,Stock,Active,
IXJ,ISHARES GLOBAL HEALTHCARE ETF,NYSE ARCA,ETF,Active,
IXN,ISHARES GLOBAL TECH ETF,NYSE ARCA,ETF,Active,
IXP,ISHARES GLOBAL COMM SERVICES ETF,NYSE ARCA,ETF,Active,
IXUS,ISHARES CORE MSCI TOTAL INTERNATIONAL STOCK ETF,NASDAQ,ETF,Active,
IYC,ISHARES U.S. CONSUMER DISCRETIONARY ETF,NYSE ARCA,ETF,Active,
IYE,ISHARES U.S. ENERGY ETF,NYSE ARCA,ETF,Active,
IYF,ISHARES U.S. FINANCIALS ETF,NYSE ARCA,ETF,Active,
IYG,ISHARES U.S. FINANCIAL SERVICES ETF,NYSE ARCA,ETF,Active,
IYH,ISHARES U.S. HEALTHCARE ETF,NYSE ARCA,ETF,Active,
IYJ,ISHARES U.S. INDUSTRIALS ETF,BATS,ETF,Active,
IYK,ISHARES U.S. CONSUMER STAPLES ETF,NYSE ARCA,ETF,Active,
IYLD,ISHARES MORNINGSTAR MULTI-ASSET INCOME ETF,BATS,ETF,Active,
IYLD:BAT,iShares Morningstar Multi Asset Income Index Fund,BATS,Stock,Active,
IYM,ISHARES U.S. BASIC MATERIALS ETF,NYSE ARCA,ETF,Active,
IYR,ISHARES U.S. REAL ESTATE ETF,NYSE ARCA,ETF,Active,
IYRI,NEOS REAL ESTATE HIGH INCOME ETF,BATS,ETF,Active,
IYT,ISHARES U.S. TRANSPORTATION ETF,BATS,ETF,Active,
IYW,ISHARES U.S. TECHNOLOGY ETF,NYSE ARCA,ETF,Active,
IYY,ISHARES DOW JONES U.S. ETF,NYSE ARCA,ETF,Active,
IYZ,ISHARES U.S. TELECOMMUNICATIONS ETF,BATS,ETF,Active,
IZEA,IZEA Worldwide Inc,NASDAQ,Stock,Active,
IZM,Iczoom Group Inc - Class A,NASDAQ,Stock,Active,
IZRL,ARK ISRAEL INNOVATIVE TECHNOLOGY ETF,BATS,ETF,Active,
J,Jacobs Solutions Inc,NYSE,Stock,Active,
J-W,Jacobs Solutions Inc WhenIssued,NYSE,Stock,Active,
JA,Janus Henderson AAA CLO,NYSE ARCA,Stock,Active,
JAAA,JANUS HENDERSON AAA CLO ETF,NYSE ARCA,ETF,Active,
JACK,Jack In The Box Inc,NASDAQ,Stock,Active,
JACS,Jackson Acquisition Company II Class A,NYSE,Stock,Active,
JACS-R,Jackson Acquisition Company II Rights each right to acquire onetenth 110 of one Class A ordinary share,NYSE,Stock,Active,
JACS-U,Jackson Acquisition Company II - Units (1 Ord Cls A & 1 Rts),NYSE,Stock,Active,
JADB,Aptus January Deep Buffer,BATS,Stock,Active,
JADE,JPMORGAN ACTIVE DEVELOPING MARKETS EQUITY ETF,NYSE ARCA,ETF,Active,
JAGU,Jaguar Uranium Corp - Class A,NYSE MKT,Stock,Active,
JAGX,Jaguar Health Inc,NASDAQ,Stock,Active,
JAJL,Innovator Equity Defined Protection ETF - 6mo Jan/Jul,BATS,ETF,Active,
JAKK,Jakks Pacific Inc,NASDAQ,Stock,Active,
JAN,Janus Living Inc - Class A-1,NYSE,Stock,Active,
JANH,Innovator Premium Income 20 Barrier ETF - January,BATS,ETF,Active,
JANI,AllianzIM International Equity Buffer15 Uncapped Jan,BATS,Stock,Active,
JANJ,Innovator Premium Income 30 Barrier ETF - January,BATS,ETF,Active,
JANP,PGIM S&P 500 BUFFER 12 ETF - JANUARY,BATS,ETF,Active,
JANT,ALLIANZIM U.S. EQUITY BUFFER10 JAN ETF,NYSE ARCA,ETF,Active,
JANU,ALLIANZIM U.S. EQUITY BUFFER15 UNCAPPED JAN ETF,BATS,ETF,Active,
JANW,ALLIANZIM U.S. EQUITY BUFFER20 JAN ETF ALLIANZIM EQUITY LARGE CAP BUFFER20 JAN ETF,NYSE ARCA,ETF,Active,
JANX,Janux Therapeutics Inc,NASDAQ,Stock,Active,
JANZ,TRUESHARES STRUCTURED OUTCOME (JANUARY) ETF,BATS,ETF,Active,
JATT,Jatt II Acquisition Corp,NASDAQ,Stock,Active,
JAVA,JPMORGAN ACTIVE VALUE ETF,NYSE ARCA,ETF,Active,
JAZZ,Jazz Pharmaceuticals plc,NASDAQ,Stock,Active,
JBBB,JANUS HENDERSON B-BBB CLO ETF,BATS,ETF,Active,
JBDI,JBDI Holdings Ltd,NASDAQ,Stock,Active,
JBGS,JBG SMITH Properties,NYSE,Stock,Active,
JBHT,J.B. Hunt Transport Services Inc,NASDAQ,Stock,Active,
JBI,Janus International Group Inc - Class A,NYSE,Stock,Active,
JBIO,Jade Biosciences Inc,NASDAQ,Stock,Active,
JBK,Lehman ABS Corp,NYSE,Stock,Active,
JBL,Jabil Inc,NYSE,Stock,Active,
JBLU,Jetblue Airways Corp,NASDAQ,Stock,Active,
JBND,JPMORGAN ACTIVE BOND ETF,NYSE,ETF,Active,
JBS,JBS N.V. - Class A,NYSE,Stock,Active,
JBSS,Sanfilippo (John B.) & Son Inc,NASDAQ,Stock,Active,
JBTM,JBT Marel Corp,NYSE,Stock,Active,
JCAP,Jefferson Capital Inc,NASDAQ,Stock,Active,
JCE,Nuveen Core Equity Alpha Fund,NYSE,ETF,Active,
JCHI,JPMORGAN ACTIVE CHINA ETF,NYSE ARCA,ETF,Active,
JCI,Johnson Controls International plc,NYSE,Stock,Active,
JCICU,Jack Creek Investment Corp - Units (1 Ord Share Class A & 1/2 War),NASDAQ,Stock,Active,
JCPB,JPMorgan Core Plus Bond ETF,BATS,ETF,Active,
JCPI,JPMorgan Inflation Managed Bond ETF,BATS,ETF,Active,
JCSE,JE Cleantech Holdings Ltd,NASDAQ,Stock,Active,
JCTC,Jewett-Cameron Trading Co. Ltd,NASDAQ,Stock,Active,
JD,JD.com Inc,NASDAQ,Stock,Active,
JDIV,JPMORGAN DIVIDEND LEADERS ETF,NYSE ARCA,ETF,Active,
JDOC,JPMORGAN HEALTHCARE LEADERS ETF,NASDAQ,ETF,Active,
JDST,Direxion Daily Junior Gold Miners Index Bear -2X Shares,NYSE ARCA,ETF,Active,
JDVI,JOHN HANCOCK DISCIPLINED VALUE INTERNATIONAL SELECT ETF,NYSE ARCA,ETF,Active,
JDVL,John Hancock Disciplined Value Select ETF,NYSE ARCA,ETF,Active,
JDZG,Jiade Ltd,NASDAQ,Stock,Active,
JEF,Jefferies Financial Group Inc,NYSE,Stock,Active,
JELD,JELD-WEN Holding Inc,NYSE,Stock,Active,
JEM,707 Cayman Holdings Ltd,NASDAQ,Stock,Active,
JEMA,JPMorgan ActiveBuilders Emerging Markets Equity ETF,NASDAQ,ETF,Active,
JEMB,JANUS HENDERSON EMERGING MARKETS DEBT HARD CURRENCY ETF,NYSE ARCA,ETF,Active,
JEMD,Nuveen Emerging Markets Debt 2022 Target Term Fund,NYSE,ETF,Active,
JENA,Jena Acquisition Corporation II Class A,NYSE,Stock,Active,
JENA-R,Jena Acquisition Corporation II Rights each right to acquire onetwentieth 120 of one Class A ordinary share,NYSE,Stock,Active,
JENA-U,Jena Acquisition Corporation II Units each consisting of one Class A ordinary share and one right,NYSE,Stock,Active,
JEPI,JPMORGAN EQUITY PREMIUM INCOME ETF,NYSE ARCA,ETF,Active,
JEPQ,JPMORGAN NASDAQ EQUITY PREMIUM INCOME ETF,NASDAQ,ETF,Active,
JEQ,abrdn Japan Equity Fund Inc,NYSE,ETF,Active,
JETD,MAX Airlines Inverse 3X Inverse Leveraged ETN,NYSE ARCA,Stock,Active,
JETS,U.S. GLOBAL JETS ETF,NYSE ARCA,ETF,Active,
JETU,MAX Airlines 3X Leveraged ETN,NYSE ARCA,Stock,Active,
JF,Pintec Technology Holdings Ltd,NASDAQ,Stock,Active,
JFB,JFB Construction Holdings,NASDAQ,Stock,Active,
JFIN,Jiayin Group Inc,NASDAQ,Stock,Active,
JFLX,JPMorgan Flexible Debt ETF,NYSE ARCA,ETF,Active,
JFR,Nuveen Floating Rate Income Fund,NYSE,ETF,Active,
JFR-R,Nuveen Floating Rate Income Fund Rights expiring February 19 2025 Rights,NYSE,Stock,Active,
JFR-R-W,Nuveen Floating Rate Income Fund Rights expiring February 19 2025 Rights when issued,NYSE,Stock,Active,
JFU,9F Inc,NASDAQ,Stock,Active,
JG,Aurora Mobile Ltd,NASDAQ,Stock,Active,
JGH,Nuveen Global High Income Fund,NYSE,ETF,Active,
JGH-R,Nuveen Global High Income Fund Rights expiring November 20 2025 Rights,NYSE,Stock,Active,
JGH-R-W,Nuveen Global High Income Fund Rights expiring November 20 2025 Rights when issued,NYSE,Stock,Active,
JGLO,JPMORGAN GLOBAL SELECT EQUITY ETF,NASDAQ,ETF,Active,
JGRO,JPMORGAN ACTIVE GROWTH ETF,NYSE ARCA,ETF,Active,
JGRW,JENSEN QUALITY GROWTH ETF,NYSE ARCA,ETF,Active,
JHAA,Nuveen Corporate Income 2023 Target Term Fund,NYSE,Stock,Active,
JHAC,JOHN HANCOCK FUNDAMENTAL ALL CAP CORE ETF,NYSE ARCA,ETF,Active,
JHCB,JOHN HANCOCK CORPORATE BOND ETF,NYSE ARCA,ETF,Active,
JHDG,WISDOMTREE JAPAN HEDGED QUALITY DIVIDEND GROWTH FUND NA,NYSE ARCA,ETF,Active,
JHDV,JOHN HANCOCK U.S. HIGH DIVIDEND ETF,NYSE ARCA,ETF,Active,
JHEM,JOHN HANCOCK MULTIFACTOR EMERGING MARKETS ETF,NYSE ARCA,ETF,Active,
JHG,Janus Henderson Group plc,NYSE,Stock,Active,
JHHY,JOHN HANCOCK HIGH YIELD ETF,NYSE ARCA,ETF,Active,
JHI,John Hancock Investors Trust,NYSE,ETF,Active,
JHID,JOHN HANCOCK INTERNATIONAL HIGH DIVIDEND ETF,NYSE ARCA,ETF,Active,
JHLN,John Hancock Global Senior Loan ETF,NYSE ARCA,ETF,Active,
JHMB,JOHN HANCOCK MORTGAGE-BACKED SECURITIES ETF,NYSE ARCA,ETF,Active,
JHMD,JOHN HANCOCK MULTIFACTOR DEVELOPED INTERNATIONAL ETF,NYSE ARCA,ETF,Active,
JHML,JOHN HANCOCK MULTIFACTOR LARGE CAP ETF,NYSE ARCA,ETF,Active,
JHMM,JOHN HANCOCK MULTIFACTOR MID CAP ETF,NYSE ARCA,ETF,Active,
JHMU,JOHN HANCOCK DYNAMIC MUNICIPAL BOND ETF,NYSE ARCA,ETF,Active,
JHPI,JOHN HANCOCK PREFERRED INCOME ETF,NYSE ARCA,ETF,Active,
JHS,John Hancock Income Securities Trust,NYSE,ETF,Active,
JHSC,JOHN HANCOCK MULTIFACTOR SMALL CAP ETF,NYSE ARCA,ETF,Active,
JHX,James Hardie Industries plc,NYSE,Stock,Active,
JIDE,JPMorgan International Dynamic,NYSE ARCA,Stock,Active,
JIG,JPMORGAN INTERNATIONAL GROWTH ETF,NYSE ARCA,ETF,Active,
JILL,J.Jill Inc,NYSE,Stock,Active,
JIRE,JPMORGAN INTERNATIONAL RESEARCH ENHANCED EQUITY ETF,NYSE ARCA,ETF,Active,
JIVE,JPMORGAN INTERNATIONAL VALUE ETF,NASDAQ,ETF,Active,
JJE,Barclays Bank PLC,NYSE ARCA,ETF,Active,
JJM,Barclays Bank PLC,NYSE ARCA,ETF,Active,
JJP,Barclays Bank PLC,NYSE ARCA,ETF,Active,
JJS,Barclays Bank PLC,NYSE ARCA,ETF,Active,
JJSF,J&J Snack Foods Corp,NASDAQ,Stock,Active,
JKD:BAT,iShares Morningstar LargeCap,NYSE ARCA,Stock,Active,
JKE:BAT,iShares Morningstar LargeCap,NYSE ARCA,Stock,Active,
JKF:BAT,iShares Morningstar LargeCap,NYSE ARCA,Stock,Active,
JKHY,Jack Henry & Associates Inc,NASDAQ,Stock,Active,
JKS,JinkoSolar Holding Co. Ltd,NYSE,Stock,Active,
JL,J-Long Group Ltd,NASDAQ,Stock,Active,
JLHL,Julong Holding Ltd - Class A,NASDAQ,Stock,Active,
JLL,Jones Lang Lasalle Inc,NYSE,Stock,Active,
JLQD,JANUS HENDERSON CORPORATE BOND ETF,NYSE ARCA,ETF,Active,
JLS,Nuveen Mortgage and Income Fund,NYSE,ETF,Active,
JMACU,Maxpro Capital Acquisition Corp - Units (1 Ord Share Class A & 1 War),NASDAQ,Stock,Active,
JMBS,JANUS HENDERSON MORTGAGE-BACKED SECURITIES ETF,NYSE ARCA,ETF,Active,
JMEE,JPMORGAN SMALL & MID CAP ENHANCED EQUITY ETF,NYSE ARCA,ETF,Active,
JMG,JM Group Ltd,NYSE MKT,Stock,Active,
JMHI,JPMORGAN HIGH YIELD MUNICIPAL ETF,NYSE ARCA,ETF,Active,
JMIA,Jumia Technologies Ag,NYSE,Stock,Active,
JMID,JANUS HENDERSON MID CAP GROWTH ALPHA ETF,NASDAQ,ETF,Active,
JMM,Nuveen Multi-Market Income Fund,NYSE,ETF,Active,
JMMF,JPMorgan 100 U.S. Treasury Securities Money Market,NYSE ARCA,Stock,Active,
JMOM,JPMORGAN U.S. MOMENTUM FACTOR ETF,NYSE ARCA,ETF,Active,
JMSB,John Marshall Bancorp Inc,NASDAQ,Stock,Active,
JMSI,JPMORGAN SUSTAINABLE MUNICIPAL INCOME ETF,NYSE ARCA,ETF,Active,
JMST,JPMorgan Ultra-Short Municipal Income ETF,BATS,ETF,Active,
JMTG,J.P. Morgan ExchangeTraded Fund Trust JPMorgan MortgageBacked Securities,NYSE ARCA,Stock,Active,
JMUB,JPMorgan Municipal ETF,BATS,ETF,Active,
JNEU,ALLIANZIM U.S. EQUITY BUFFER15 UNCAPPED JUN ETF,BATS,ETF,Active,
JNJ,Johnson & Johnson,NYSE,Stock,Active,
JNJ-WD,Johnson & Johnson WhenDistributed,NYSE,Stock,Active,
JNK,SPDR(R) BLOOMBERG HIGH YIELD BOND ETF,NYSE ARCA,ETF,Active,
JNPR,Juniper Networks Inc,NYSE,Stock,Active,
JNUG,DIREXION DAILY JUNIOR GOLD MINERS INDEX BULL 2X SHARES,NYSE ARCA,ETF,Active,
JOB,GEE Group Inc,NYSE MKT,Stock,Active,
JOBX,Tradr 2X Long JOBY Daily ETF,BATS,ETF,Active,
JOBY,Joby Aviation Inc,NYSE,Stock,Active,
JOBY-WS,Joby Aviation Inc Wt,NYSE,Stock,Active,
JOE,St. Joe Company,NYSE,Stock,Active,
JOET,VIRTUS TERRANOVA U.S. QUALITY MOMENTUM ETF,NYSE ARCA,ETF,Active,
JOF,Japan Smaller Capitalization Fund Inc,NYSE,ETF,Active,
JOJO,ATAC CREDIT ROTATION ETF,NYSE ARCA,ETF,Active,
JOUL,Corgi High Voltage Grid Equipment,BATS,Stock,Active,
JOUT,Johnson Outdoors Inc - Class A,NASDAQ,Stock,Active,
JOYT,JPMorgan Equity and Options Total Return ETF,BATS,ETF,Active,
JOYY,JOYY Inc,NASDAQ,Stock,Active,
JPAN,MATTHEWS JAPAN ACTIVE ETF,NYSE ARCA,ETF,Active,
JPC,Nuveen Preferred & Income Opportunities Fund,NYSE,ETF,Active,
JPEF,JPMORGAN EQUITY FOCUS ETF,NASDAQ,ETF,Active,
JPEM,JPMORGAN DIVERSIFIED RETURN EMERGING MARKETS EQUITY ETF,NYSE ARCA,ETF,Active,
JPI,Nuveen Preferred and Income Term Fund,NYSE,ETF,Active,
JPIB,JPMorgan International Bond Opportunities ETF,BATS,ETF,Active,
JPIE,JPMORGAN INCOME ETF,NYSE ARCA,ETF,Active,
JPIN,JPMORGAN DIVERSIFIED RETURN INTERNATIONAL EQUITY ETF,NYSE ARCA,ETF,Active,
JPLD,JPMorgan Ltd Duration Bond ETF,BATS,ETF,Active,
JPM,JPMorgan Chase & Company,NYSE,Stock,Active,
JPM-P-C,JPMorgan Chase & Company,NYSE,Stock,Active,
JPM-P-D,JPMorgan Chase & Company,NYSE,Stock,Active,
JPM-P-J,JPMorgan Chase & Company,NYSE,Stock,Active,
JPM-P-K,JPMorgan Chase & Company,NYSE,Stock,Active,
JPM-P-L,JPMorgan Chase & Company,NYSE,Stock,Active,
JPM-P-M,J P Morgan Chase & Co Depositary Shares Series M,NYSE,Stock,Active,
JPMB,JPMORGAN USD EMERGING MARKETS SOVEREIGN BOND ETF,NYSE ARCA,ETF,Active,
JPME,JPMORGAN DIVERSIFIED RETURN U.S. MID CAP EQUITY ETF,NYSE ARCA,ETF,Active,
JPO,YieldMax JPM Option Income Strategy ETF,NYSE ARCA,ETF,Active,
JPRE,JPMORGAN REALTY INCOME ETF,NYSE ARCA,ETF,Active,
JPS,Nuveen Preferred & Income Securities Fund,NYSE,ETF,Active,
JPSE,JPMORGAN DIVERSIFIED RETURN U.S. SMALL CAP EQUITY ETF,NYSE ARCA,ETF,Active,
JPST,JPMORGAN ULTRA-SHORT INCOME ETF,NYSE ARCA,ETF,Active,
JPSV,JPMORGAN ACTIVE SMALL CAP VALUE ETF,NYSE ARCA,ETF,Active,
JPT,Nuveen Preferred and Income Fund,NYSE,ETF,Active,
JPUS,JPMORGAN DIVERSIFIED RETURN U.S. EQUITY ETF,NYSE ARCA,ETF,Active,
JPXN,ISHARES JPX-NIKKEI 400 ETF,NYSE ARCA,ETF,Active,
JPY,LAZARD JAPANESE EQUITY ETF,NASDAQ,ETF,Active,
JQC,Nuveen Credit Strategies Income Fund,NYSE,ETF,Active,
JQC-R,Nuveen Credit Strategies Income Fund Rights expiring April 29 2025 Rights,NYSE,Stock,Active,
JQC-R-W,Nuveen Credit Strategies Income Fund Rights expiring April 29 2025 Rights when issued,NYSE,Stock,Active,
JQUA,JPMORGAN U.S. QUALITY FACTOR ETF,NYSE ARCA,ETF,Active,
JRE,JANUS HENDERSON U.S. REAL ESTATE ETF,NYSE ARCA,ETF,Active,
JRI,Nuveen Real Asset Income and Growth Fund,NYSE,ETF,Active,
JRI-R,Nuveen Real Asset Income and Growth Fund Rights expiring March 9 2026 Rights,NYSE,Stock,Active,
JRI-R-W,Nuveen Real Asset Income and Growth Fund Rights expiring March 9 2026 Rights when issued,NYSE,Stock,Active,
JRO,Nuveen Floating Rate Income Opportunity Fund,NYSE,ETF,Active,
JRS,Nuveen Real Estate Income Fund.,NYSE,ETF,Active,
JRSH,Jerash holdings (US) Inc,NASDAQ,Stock,Active,
JRVR,James River Group Holdings Ltd,NASDAQ,Stock,Active,
JSCP,JPMORGAN SHORT DURATION CORE PLUS ETF,NYSE ARCA,ETF,Active,
JSD,Nuveen Short Duration Credit Opportunities Fund,NYSE,ETF,Active,
JSI,JANUS HENDERSON SECURITIZED INCOME ETF,NYSE ARCA,ETF,Active,
JSM,Navient Corp,NASDAQ,Stock,Active,
JSMD,JANUS HENDERSON SMALL/MID CAP GROWTH ALPHA ETF,NASDAQ,ETF,Active,
JSML,JANUS HENDERSON SMALL CAP GROWTH ALPHA ETF,NASDAQ,ETF,Active,
JSPR,Jasper Therapeutics Inc,NASDAQ,Stock,Active,
JSPRW,Jasper Therapeutics Inc - Warrants (24/09/2026),NASDAQ,Stock,Active,
JSTC,ADASINA SOCIAL JUSTICE ALL CAP GLOBAL ETF,NYSE ARCA,ETF,Active,
JTAI,Jet.AI Inc,NASDAQ,Stock,Active,
JTEK,JPMORGAN U.S. TECH LEADERS ETF,NASDAQ,ETF,Active,
JUCY,APTUS ENHANCED YIELD ETF,BATS,ETF,Active,
JUDB,Aptus July Deep Buffer,BATS,Stock,Active,
JUGG,Jaws Juggernaut Acquisition Corp - Class A,NASDAQ,Stock,Active,
JUGGU,Jaws Juggernaut Acquisition Corp - Units (1 Ord Share Class A & 1/4 War),NASDAQ,Stock,Active,
JUGGW,Jaws Juggernaut Acquisition Corp - Warrants (17/06/2026),NASDAQ,Stock,Active,
JULH,Innovator Premium Income 20 Barrier ETF - July,BATS,ETF,Active,
JULJ,Innovator Premium Income 30 Barrier ETF - July,BATS,ETF,Active,
JULM,FT Vest U.S. Equity Max Buffer ETF - July,BATS,ETF,Active,
JULP,PGIM S&P 500 BUFFER 12 ETF - JULY,BATS,ETF,Active,
JULT,ALLIANZIM U.S. EQUITY BUFFER10 JUL ETF,NYSE ARCA,ETF,Active,
JULU,ALLIANZIM U.S. EQUITY BUFFER15 UNCAPPED JUL ETF,BATS,ETF,Active,
JULW,ALLIANZIM U.S. EQUITY BUFFER20 JUL ETF,NYSE ARCA,ETF,Active,
JULZ,TRUESHARES STRUCTURED OUTCOME (JULY) ETF,BATS,ETF,Active,
JUNM,FT Vest U.S. Equity Max Buffer ETF - June,BATS,ETF,Active,
JUNP,PGIM S&P 500 BUFFER 12 ETF - JUNE,BATS,ETF,Active,
JUNS,Jupiter Neurosciences Inc,NASDAQ,Stock,Active,
JUNT,ALLIANZIM U.S. EQUITY BUFFER10 JUN ETF,NYSE ARCA,ETF,Active,
JUNW,ALLIANZIM U.S. EQUITY BUFFER20 JUN ETF,NYSE ARCA,ETF,Active,
JUNZ,TRUESHARES STRUCTURED OUTCOME (JUNE) ETF,BATS,ETF,Active,
JUSA,JPMORGAN U.S. RESEARCH ENHANCED LARGE CAP ETF,NYSE ARCA,ETF,Active,
JUST,GOLDMAN SACHS JUST U.S. LARGE CAP EQUITY ETF,NYSE ARCA,ETF,Active,
JVA,Coffee Holding Co Inc,NASDAQ,Stock,Active,
JVAL,JPMORGAN U.S. VALUE FACTOR ETF,NYSE ARCA,ETF,Active,
JVSA,JVSPAC Acquisition Corp - Class A,NASDAQ,Stock,Active,
JVSAR,JVSPAC Acquisition Corp,NASDAQ,Stock,Active,
JVSAU,JVSPAC Acquisition Corp - Units (1 Ord Class A & 1 Rts),NASDAQ,Stock,Active,
JW,Justworks Inc - Class A,NASDAQ,Stock,Active,
JWEL,Jowell Global Ltd,NASDAQ,Stock,Active,
JXG,JX Luxventure Group Inc,NASDAQ,Stock,Active,
JXI,ISHARES GLOBAL UTILITIES ETF,NYSE ARCA,ETF,Active,
JXI:BAT,iShares Global Utilities ETF,NYSE ARCA,ETF,Active,
JXN,Jackson Financial Inc - Class A,NYSE,Stock,Active,
JXN-P-A,Jackson Financial Inc,NYSE,Stock,Active,
JXX,JANUS HENDERSON TRANSFORMATIONAL GROWTH ETF,BATS,ETF,Active,
JYD,Jayud Global Logistics Ltd - Class A,NASDAQ,Stock,Active,
JYNT,Joint Corp,NASDAQ,Stock,Active,
JZ,Jianzhi Education Technology Group Co Ltd,NASDAQ,Stock,Active,
JZXN,Jiuzi Holdings Inc,NASDAQ,Stock,Active,
K-W,Kellogg Company WhenIssued,NYSE,Stock,Active,
KAI,Kadant Inc,NYSE,Stock,Active,
KALA,Kala Bio Inc,NASDAQ,Stock,Active,
KALU,Kaiser Aluminum Corp,NASDAQ,Stock,Active,
KALV,KalVista Pharmaceuticals Inc,NASDAQ,Stock,Active,
KAPA,Kairos Pharma Ltd,NYSE MKT,Stock,Active,
KAPR,Innovator U.S. Small Cap Power Buffer ETF - April,BATS,ETF,Active,
KARO,Karooooo Ltd,NASDAQ,Stock,Active,
KARS,KRANESHARES ELECTRIC VEHICLES AND FUTURE MOBILITY INDEX ETF,NYSE ARCA,ETF,Active,
KAUG,Innovator U.S. Small Cap Power Buffer ETF - August,BATS,ETF,Active,
KB,KB Financial Group Inc,NYSE,Stock,Active,
KBA,KRANESHARES BOSERA MSCI CHINA A 50 CONNECT INDEX ETF,NYSE ARCA,ETF,Active,
KBAB,KRANESHARES 2X LONG BABA DAILY ETF,NASDAQ,ETF,Active,
KBDC,Kayne Anderson BDC Inc,NYSE,Stock,Active,
KBDU,KraneShares 2x Long BIDU Daily ETF,NASDAQ,ETF,Active,
KBE,SPDR(R) S&P BANK ETF,NYSE ARCA,ETF,Active,
KBFR,Innovator U.S. Small Cap Managed 10 Buffer,NYSE ARCA,Stock,Active,
KBH,KB Home,NYSE,Stock,Active,
KBON,Karbon Capital Partners Corp,NASDAQ,Stock,Active,
KBONU,Karbon Capital Partners Corp - Units (1 Ord Cls A & 1/3 War),NASDAQ,Stock,Active,
KBONW,Karbon Capital Partners Corp Warrant,NASDAQ,Stock,Active,
KBR,KBR Inc,NYSE,Stock,Active,
KBSX,FST Corp,NASDAQ,Stock,Active,
KBUF,KRANESHARES 90% KWEB DEFINED OUTCOME JANUARY 2027 ETF,NYSE ARCA,ETF,Active,
KBWB,INVESCO KBW BANK ETF,NASDAQ,ETF,Active,
KBWD,INVESCO KBW HIGH DIVIDEND YIELD FINANCIAL ETF,NASDAQ,ETF,Active,
KBWP,INVESCO KBW PROPERTY & CASUALTY INSURANCE ETF,NASDAQ,ETF,Active,
KBWY,INVESCO KBW PREMIUM YIELD EQUITY REIT ETF,NASDAQ,ETF,Active,
KC,Kingsoft Cloud Holdings Ltd,NASDAQ,Stock,Active,
KCAC-U,Kensington Capital Acquisition Corp VI - Units (1 Ord Cls A & 1/4 War Cls 1 3/4 War Cls 2),NYSE,Stock,Active,
KCAI,KRANESHARES CHINA ALPHA INDEX ETF,NYSE ARCA,ETF,Active,
KCCA,KRANESHARES CALIFORNIA CARBON ALLOWANCE STRATEGY ETF,NYSE ARCA,ETF,Active,
KCE,SPDR(R) S&P CAPITAL MARKETS ETF,NYSE ARCA,ETF,Active,
KCGI-WS,Kensington Capital Acquisition Corp V Redeemable warrants each whole warrant exercisable for one Class A ordinary share at an exercise price of 11.50,NYSE,Stock,Active,
KCHV,Kochav Defense Acquisition Corp - Class A,NASDAQ,Stock,Active,
KCHVR,Kochav Defense Acquisition Corp,NASDAQ,Stock,Active,
KCHVU,Kochav Defense Acquisition Corp - Units (1 Ord Cls A & 1 Rts),NASDAQ,Stock,Active,
KCOP,Kurv Copper & Mining Enhanced Income,BATS,Stock,Active,
KCSH,KRANESHARES SUSTAINABLE ULTRA SHORT DURATION INDEX ETF,NYSE ARCA,ETF,Active,
KD,Kyndryl Holdings Inc,NYSE,Stock,Active,
KDEC,Innovator U.S. Small Cap Power Buffer ETF December,BATS,ETF,Active,
KDEF,PLUS KOREA DEFENSE INDUSTRY INDEX ETF,NYSE ARCA,ETF,Active,
KDK,Kodiak AI Inc,NASDAQ,Stock,Active,
KDKRW,Kodiak Robotics Inc - Warrants (25/09/2030),NASDAQ,Stock,Active,
KDNY,Chinook Therapeutics Inc,NASDAQ,Stock,Active,
KDP,Keurig Dr Pepper Inc,NASDAQ,Stock,Active,
KDRN,KINGSBARN TACTICAL BOND ETF,NYSE ARCA,ETF,Active,
KDVD,KEELEY DIVIDEND ETF,NYSE ARCA,ETF,Active,
KE,Kimball Electronics Inc,NASDAQ,Stock,Active,
KEAT,KEATING ACTIVE ETF,NASDAQ,ETF,Active,
KEEL,Keel Infrastructure Corp,NASDAQ,Stock,Active,
KEEX,Defiance Daily Target 2x Long KEEL,BATS,Stock,Active,
KELYA,Kelly Services Inc - Class A,NASDAQ,Stock,Active,
KELYB,Kelly Services Inc - Class B,NASDAQ,Stock,Active,
KEMQ,KRANESHARES EMERGING MARKETS CONSUMER TECHNOLOGY INDEX ETF,NYSE ARCA,ETF,Active,
KEMX,KRANESHARES MSCI EMERGING MARKETS EX CHINA INDEX ETF,NYSE ARCA,ETF,Active,
KEN,Kenon Holdings Ltd,NYSE,Stock,Active,
KEP,Korea Electric Power,NYSE,Stock,Active,
KEQU,Kewaunee Scientific Corporation,NASDAQ,Stock,Active,
KEX,Kirby Corp,NYSE,Stock,Active,
KEY,Keycorp,NYSE,Stock,Active,
KEY-P-I,Keycorp,NYSE,Stock,Active,
KEY-P-J,Keycorp,NYSE,Stock,Active,
KEY-P-K,Keycorp,NYSE,Stock,Active,
KEY-P-L,Keycorp,NYSE,Stock,Active,
KEYS,Keysight Technologies Inc,NYSE,Stock,Active,
KF,Korea Fund Inc,NYSE,ETF,Active,
KFEB,Innovator U.S. Small Cap Power Buffer ETF February,BATS,ETF,Active,
KFFB,Kentucky First Federal Bancorp,NASDAQ,Stock,Active,
KFII,K&F Growth Acquisition Corp II,NASDAQ,Stock,Active,
KFIIR,K&F Growth Acquisition Corp II Rights,NASDAQ,Stock,Active,
KFIIU,K&F Growth Acquisition Corp II - Units (1 Ord Cls A & 1 Rts),NASDAQ,Stock,Active,
KFRC,Kforce Inc,NYSE,Stock,Active,
KFY,Korn Ferry,NYSE,Stock,Active,
KFYP,KraneShares CICC China Leaders 100 Index ETF,NYSE ARCA,ETF,Active,
KG,KING PHARMACEUTICALS INC,NASDAQ,Stock,Active,
KGC,Kinross Gold Corp,NYSE,Stock,Active,
KGEI,Kolibri Global Energy Inc,NASDAQ,Stock,Active,
KGLD,Kurv Gold Enhanced Income ETF,BATS,ETF,Active,
KGRN,KRANESHARES MSCI CHINA CLEAN TECHNOLOGY INDEX ETF,NYSE ARCA,ETF,Active,
KGS,Kodiak Gas Services Inc,NYSE,Stock,Active,
KHC,Kraft Heinz Company,NASDAQ,Stock,Active,
KHPI,KENSINGTON HEDGED PREMIUM INCOME ETF,BATS,ETF,Active,
KHYB,KRANESHARES ASIA PACIFIC HIGH INCOME USD BOND ETF,NYSE ARCA,ETF,Active,
KIDS,OrthoPediatrics Corp,NASDAQ,Stock,Active,
KIDZ,Classover Holdings Inc,NASDAQ,Stock,Active,
KIDZW,Classover Holdings Inc Warrants,NASDAQ,Stock,Active,
KIE,SPDR(R) S&P INSURANCE ETF,NYSE ARCA,ETF,Active,
KIM,Kimco Realty Corporation,NYSE,Stock,Active,
KIM-P-L,Kimco Realty Corporation,NYSE,Stock,Active,
KIM-P-M,Kimco Realty Corporation,NYSE,Stock,Active,
KIM-P-N,Kimco Realty Corporation,NYSE,Stock,Active,
KINS,Kingstone Cos. Inc,NASDAQ,Stock,Active,
KIO,KKR Income Opportunities Fund,NYSE,ETF,Active,
KIO-R,KKR Income Opportunities Fund Rights expiring February 16 2023 Rights,NYSE,Stock,Active,
KIO-R-W,KKR Income Opportunities Fund Rights expiring February 16 2023 Rights when issued,NYSE,Stock,Active,
KIQQ,KraneShares InspereX Nasdaq Dynamic Buffered High Income Index ETF,NASDAQ,ETF,Active,
KITT,Nauticus Robotics Inc,NASDAQ,Stock,Active,
KITTW,Nauticus Robotics Inc - Warrants (30/07/2026),NASDAQ,Stock,Active,
KJAN,Innovator U.S. Small Cap Power Buffer ETF - January,BATS,ETF,Active,
KJD,KraneShares 2x Long JD Daily ETF,NASDAQ,ETF,Active,
KJUL,Innovator U.S. Small Cap Power Buffer ETF - July,BATS,ETF,Active,
KJUN,Innovator U.S. Small Cap Power Buffer ETF - June,BATS,ETF,Active,
KKR,KKR & Co. Inc,NYSE,Stock,Active,
KKRS,KKR Group Finance Co. IX LLC,NYSE,Stock,Active,
KKRT,KKR & Co. Inc,NYSE,Stock,Active,
KLAC,KLA Corp,NASDAQ,Stock,Active,
KLAG,Leverage Shares 2x Long KLAC Daily ETF,NASDAQ,ETF,Active,
KLAR,Klarna Group plc,NYSE,Stock,Active,
KLC,KinderCare Learning Companies Inc,NYSE,Stock,Active,
KLCD,KFA Large Cap Quality Dividend Index ETF,NYSE ARCA,ETF,Active,
KLG,WK Kellogg Company,NYSE,Stock,Active,
KLG-W,WK Kellogg Co WhenIssued,NYSE,Stock,Active,
KLIC,Kulicke & Soffa Industries Inc,NASDAQ,Stock,Active,
KLIP,KRANESHARES KWEB COVERED CALL STRATEGY ETF,NYSE ARCA,ETF,Active,
KLMT,Invesco MSCI Global Climate 500 ETF,NYSE ARCA,ETF,Active,
KLRA,Kailera Therapeutics Inc,NASDAQ,Stock,Active,
KLRS,Kalaris Therapeutics Inc,NASDAQ,Stock,Active,
KLTO,Klotho Neurosciences Inc Com,NASDAQ,Stock,Active,
KLTOW,Klotho Neurosciences Inc Wt Exp,NASDAQ,Stock,Active,
KLTR,Kaltura Inc,NASDAQ,Stock,Active,
KLXE,KLX Energy Services Holdings Inc,NASDAQ,Stock,Active,
KMAR,Innovator U.S. Small Cap Power Buffer ETF March,BATS,ETF,Active,
KMAY,Innovator U.S. Small Cap Power Buffer ETF May,BATS,ETF,Active,
KMB,Kimberly-Clark Corp,NASDAQ,Stock,Active,
KMCA,PLUS Korea Manufacturing Core Alliance Index,NYSE ARCA,Stock,Active,
KMDA,Kamada Ltd,NASDAQ,Stock,Active,
KMED,KraneShares Emerging Markets Healthcare Index ETF,NYSE ARCA,ETF,Active,
KMF,Kayne Anderson NextGen Energy & Infrastructure Inc,NYSE,ETF,Active,
KMI,Kinder Morgan Inc - Class P,NYSE,Stock,Active,
KMID,VIRTUS KAR MID-CAP ETF,NYSE ARCA,ETF,Active,
KMLI,KraneShares 2x Long MELI Daily ETF,NASDAQ,ETF,Active,
KMLM,KRANESHARES MOUNT LUCAS MANAGED FUTURES INDEX STRATEGY ETF,NYSE ARCA,ETF,Active,
KMPB,Kemper Corporation,NYSE,Stock,Active,
KMPR,Kemper Corporation,NYSE,Stock,Active,
KMRK,KTech Solutions Company Ltd,NASDAQ,Stock,Active,
KMT,Kennametal Inc,NYSE,Stock,Active,
KMTS,Kestra Medical Technologies Ltd,NASDAQ,Stock,Active,
KMX,Carmax Inc,NYSE,Stock,Active,
KN,Knowles Corp,NYSE,Stock,Active,
KNCT,INVESCO NEXT GEN CONNECTIVITY ETF,NYSE ARCA,ETF,Active,
KNDI,Kandi Technologies Group Inc,NASDAQ,Stock,Active,
KNF,Knife River Corp,NYSE,Stock,Active,
KNF-W,Knife Riv Holding Co. WhenIssued,NYSE,Stock,Active,
KNG,FT VEST S&P 500 DIVIDEND ARISTOCRATS TARGET INCOME ETF,BATS,ETF,Active,
KNGZ,FIRST TRUST S&P 500 DIVERSIFIED DIVIDEND ARISTOCRATS ETF,NASDAQ,ETF,Active,
KNO,AXS KNOWLEDGE LEADERS ETF,NYSE ARCA,ETF,Active,
KNOP,KNOT Offshore Partners LP,NYSE,Stock,Active,
KNOV,Innovator U.S. Small Cap Power Buffer ETF November,BATS,ETF,Active,
KNOW,Fundamentals First ETF,BATS,ETF,Active,
KNRG,Simplify Kayne Anderson Energy and Infrastructure Credit ETF,NYSE ARCA,ETF,Active,
KNRX,Knorex Ltd - Class A,NYSE MKT,Stock,Active,
KNSA,Kiniksa Pharmaceuticals International plc. - Class A,NASDAQ,Stock,Active,
KNSL,Kinsale Capital Group Inc,NYSE,Stock,Active,
KNTK,Kinetik Holdings Inc - Class A,NYSE,Stock,Active,
KNW,Know Labs Inc,NYSE MKT,Stock,Active,
KNX,Knight-Swift Transportation Holdings Inc - Class A,NYSE,Stock,Active,
KO,Coca-Cola Company,NYSE,Stock,Active,
KOCT,Innovator U.S. Small Cap Power Buffer ETF - October,BATS,ETF,Active,
KOD,Kodiak Sciences Inc,NASDAQ,Stock,Active,
KODK,Eastman Kodak Company,NYSE,Stock,Active,
KOF,Coca-Cola Femsa S.A.B. DE C.V.,NYSE,Stock,Active,
KOID,KRANESHARES GLOBAL HUMANOID AND EMBODIED INTELLIGENCE INDEX ETF,NASDAQ,ETF,Active,
KOKU,XTRACKERS MSCI KOKUSAI EQUITY ETF,NYSE ARCA,ETF,Active,
KOLD,ProShares UltraShort Bloomberg Natural Gas -2x Shares,NYSE ARCA,ETF,Active,
KOMP,SPDR S&P KENSHO NEW ECONOMIES COMPOSITE ETF,NYSE ARCA,ETF,Active,
KONG,Formidable Fortress ETF,NYSE ARCA,ETF,Active,
KOOL,NORTH SHORE EQUITY ROTATION ETF,NYSE ARCA,ETF,Active,
KOP,Koppers Holdings Inc,NYSE,Stock,Active,
KOPN,Kopin Corp,NASDAQ,Stock,Active,
KORE,Kore Group Holdings Inc,NYSE,Stock,Active,
KORP,AMERICAN CENTURY DIVERSIFIED CORPORATE BOND ETF,NYSE ARCA,ETF,Active,
KORU,DIREXION DAILY MSCI SOUTH KOREA BULL 3X SHARES,NYSE ARCA,ETF,Active,
KOS,Kosmos Energy Ltd,NYSE,Stock,Active,
KOSS,Koss Corp,NASDAQ,Stock,Active,
KOYN,CSLM Digital Asset Acquisition Corp III,NASDAQ,Stock,Active,
KOYNU,CSLM Digital Asset Acquisition Corp III Ltd - Units (1 Ord Cls A & 1/2 War),NASDAQ,Stock,Active,
KOYNW,CSLM Digital Asset Acquisition Corp III Warrants,NASDAQ,Stock,Active,
KPDD,KRANESHARES 2X LONG PDD DAILY ETF,NASDAQ,ETF,Active,
KPET,KPET Ultra Paceline Corporation Class A,NYSE,Stock,Active,
KPET-U,KPET Ultra Paceline Corp - Units (1 Ord Cls A & 1/6 War),NYSE,Stock,Active,
KPET-WS,KPET Ultra Paceline Corporation Warrants each whole warrant exercisable for one Class A ordinary share at an exercise price of 11.50 per share,NYSE,Stock,Active,
KPHO,KraneShares Dragon Capital Vietnam Growth Index,NYSE ARCA,Stock,Active,
KPLT,Katapult Holdings Inc,NASDAQ,Stock,Active,
KPLTW,Katapult Holdings Inc - Warrants (09/06/2026),NASDAQ,Stock,Active,
KPOP,JAKOTA K-POP AND KOREAN ENTERTAINMENT ETF,NYSE ARCA,ETF,Active,
KPRO,KRANESHARES 100% KWEB DEFINED OUTCOME JANUARY 2027 ETF,NYSE ARCA,ETF,Active,
KPRX,Kiora Pharmaceuticals Inc,NASDAQ,Stock,Active,
KPTI,Karyopharm Therapeutics Inc,NASDAQ,Stock,Active,
KQQQ,Kurv Technology Titans Select ETF,NASDAQ,ETF,Active,
KR,Kroger Company,NYSE,Stock,Active,
KRAQ,nan,NASDAQ,Stock,Active,
KRAQU,KRAKacquisition Corp - Units (1 Ord Cls A & 1/4 War),NASDAQ,Stock,Active,
KRAQW,KRAKacquisition Corp - Warrants (23/12/2030),NASDAQ,Stock,Active,
KRBN,KRANESHARES GLOBAL CARBON STRATEGY ETF,NYSE ARCA,ETF,Active,
KRC,Kilroy Realty Corp,NYSE,Stock,Active,
KRE,SPDR(R) S&P REGIONAL BANKING(SM) ETF,NYSE ARCA,ETF,Active,
KREF,KKR Real Estate Finance Trust Inc,NYSE,Stock,Active,
KREF-P-A,KKR Real Estate Finance Trust Inc 6.50 Series A Cumulative Redeemable Preferred Stock,NYSE,Stock,Active,
KRG,Kite Realty Group Trust,NYSE,Stock,Active,
KRKR,36Kr Holdings Inc,NASDAQ,Stock,Active,
KRMA,GLOBAL X CONSCIOUS COMPANIES ETF,NASDAQ,ETF,Active,
KRMD,KORU Medical Systems Inc,NASDAQ,Stock,Active,
KRMN,Karman Holdings Inc,NYSE,Stock,Active,
KRNT,Kornit Digital Ltd,NASDAQ,Stock,Active,
KRNY,Kearny Financial Corp,NASDAQ,Stock,Active,
KRO,Kronos Worldwide Inc,NYSE,Stock,Active,
KRON,Kronos Bio Inc,NASDAQ,Stock,Active,
KROP,GLOBAL X AGTECH & FOOD INNOVATION ETF,NASDAQ,ETF,Active,
KROS,Keros Therapeutics Inc,NASDAQ,Stock,Active,
KRP,Kimbell Royalty Partners LP,NYSE,Stock,Active,
KRRO,Korro Bio Inc,NASDAQ,Stock,Active,
KRSP,Rice Acquisition Corporation 3 Class A,NYSE,Stock,Active,
KRSP-U,Rice Acquisition Corp 3 - Units (1 Ord Cls A & 1/4 War),NYSE,Stock,Active,
KRSP-WS,Rice Acquisition Corporation 3 Redeemable warrants each whole warrant exercisable for one Class A ordinary share at an exercise price of 11.50,NYSE,Stock,Active,
KRT,Karat Packaging Inc,NASDAQ,Stock,Active,
KRUS,Kura Sushi USA Inc - Class A,NASDAQ,Stock,Active,
KRUZ,UNUSUAL WHALES SUBVERSIVE REPUBLICAN TRADING ETF,BATS,ETF,Active,
KRYP,ProShares CoinDesk 20 Crypto,NYSE ARCA,Stock,Active,
KRYS,Krystal Biotech Inc,NASDAQ,Stock,Active,
KSA,ISHARES MSCI SAUDI ARABIA ETF,NYSE ARCA,ETF,Active,
KSCD,KFA Small Cap Quality Dividend Index ETF,NYSE ARCA,ETF,Active,
KSCP,Knightscope Inc - Class A,NASDAQ,Stock,Active,
KSEP,Innovator U.S. Small Cap Power Buffer ETF - September,BATS,ETF,Active,
KSET,KraneShares Global Carbon Offset Strategy ETF,NYSE ARCA,ETF,Active,
KSLV,Kurv Silver Enhanced Income ETF,BATS,ETF,Active,
KSM,DWS Strategic Municipal Income Trust,NYSE,ETF,Active,
KSPI,Kaspi.kz JSC,NASDAQ,Stock,Active,
KSPY,KRANESHARES HEDGEYE HEDGED EQUITY INDEX ETF,NYSE ARCA,ETF,Active,
KSS,Kohl`s Corp,NYSE,Stock,Active,
KSTR,KRANESHARES SSE STAR MARKET 50 INDEX ETF,NYSE ARCA,ETF,Active,
KT,KT Corporation,NYSE,Stock,Active,
KTB,Kontoor Brands Inc,NYSE,Stock,Active,
KTCC,Key Tronic Corp,NASDAQ,Stock,Active,
KTEC,KRANESHARES HANG SENG TECH INDEX ETF,NYSE ARCA,ETF,Active,
KTF,DWS Municipal Income Trust,NYSE,ETF,Active,
KTH,Structures Products Cp 8 CorTS Issued by Peco Energy Cap Tr II Preferred Stock,NYSE,Stock,Active,
KTN,Structured Products Corp 8205 CorTS 8205 Corporate Backed Trust Securities CorTS,NYSE,Stock,Active,
KTOS,Kratos Defense & Security Solutions Inc,NASDAQ,Stock,Active,
KTTA,Pasithea Therapeutics Corp,NASDAQ,Stock,Active,
KTTAW,Pasithea Therapeutics Corp - Warrants (11/08/2026),NASDAQ,Stock,Active,
KTUP,T-REX 2X LONG KTOS DAILY TARGET ETF,BATS,ETF,Active,
KTWO,K2 Capital Acquisition Corp - Class A,NASDAQ,Stock,Active,
KTWOR,K2 Capital Acquisition Corporation Rights,NASDAQ,Stock,Active,
KTWOU,K2 Capital Acquisition Corp - Units (1 Ord Cls A & 1 Rts),NASDAQ,Stock,Active,
KULR,KULR Technology Group Inc,NYSE MKT,Stock,Active,
KURA,Kura Oncology Inc,NASDAQ,Stock,Active,
KURE,KRANESHARES MSCI ALL CHINA HEALTH CARE INDEX ETF,NYSE ARCA,ETF,Active,
KUST,Kustom Entertainment Inc,NASDAQ,Stock,Active,
KVAC,Keen Vision Acquisition Corp,NASDAQ,Stock,Active,
KVACU,Keen Vision Acquisition Corp - Units (1 Ord & 1 War),NASDAQ,Stock,Active,
KVACW,Keen Vision Acquisition Corp - Warrants (15/03/2028),NASDAQ,Stock,Active,
KVHI,KVH Industries Inc,NASDAQ,Stock,Active,
KVLE,KRANESHARES VALUE LINE(R) DYNAMIC DIVIDEND EQUITY INDEX ETF,NYSE ARCA,ETF,Active,
KVUE,Kenvue Inc,NYSE,Stock,Active,
KVUE-W,Kenvue Inc When Issued,NYSE,Stock,Active,
KVYO,Klaviyo Inc - Series A,NYSE,Stock,Active,
KW,Kennedy-Wilson Holdings Inc,NYSE,Stock,Active,
KWE,KWESST Micro Systems Inc,NASDAQ,Stock,Active,
KWEB,KRANESHARES CSI CHINA INTERNET ETF,NYSE ARCA,ETF,Active,
KWESW,KWESST Micro Systems Inc - Warrants (29/04/2023),NASDAQ,Stock,Active,
KWIN,KraneShares Wahed Alternative Income Index ETF,NYSE ARCA,ETF,Active,
KWM,K Wave Media Ltd,NASDAQ,Stock,Active,
KWMWW,K Wave Media Ltd Warrant,NASDAQ,Stock,Active,
KWR,Quaker Houghton,NYSE,Stock,Active,
KWT,ISHARES MSCI KUWAIT ETF,BATS,ETF,Active,
KWY,Kingsway Corp,NYSE,Stock,Active,
KXI,ISHARES GLOBAL CONSUMER STAPLES ETF,NYSE ARCA,ETF,Active,
KXI:BAT,iShares Global Consumer Staple,NYSE ARCA,Stock,Active,
KXIN,Kaixin Holdings,NASDAQ,Stock,Active,
KYC,Corgi Digital Banking & Fintech Infrastructure,BATS,Stock,Active,
KYIV,Kyivstar Group Ltd,NASDAQ,Stock,Active,
KYIVW,Kyivstar Group Ltd Warrant,NASDAQ,Stock,Active,
KYLD,Kurv High Income ETF,BATS,ETF,Active,
KYMR,Kymera Therapeutics Inc,NASDAQ,Stock,Active,
KYN,Kayne Anderson Energy Infrastructure Fund Inc,NYSE,ETF,Active,
KYNB,Kyntra Bio Inc,NASDAQ,Stock,Active,
KYTX,Kyverna Therapeutics Inc,NASDAQ,Stock,Active,
KZIA,Kazia Therapeutics Ltd,NASDAQ,Stock,Active,
L,Loews Corp,NYSE,Stock,Active,
LAAC-W,Lithium Americas Argentina Corp WhenIssued,NYSE,Stock,Active,
LAB,Standard BioTools Inc,NASDAQ,Stock,Active,
LABD,DIREXION DAILY S&P BIOTECH BEAR 3X SHARES DIREXION DAILY S&AMP;P BIOTECH BEAR 3X SHARES,NYSE ARCA,ETF,Active,
LABT,Lakewood-Amedex Biotherapeutics Inc,NASDAQ,Stock,Active,
LABU,DIREXION DAILY S&P BIOTECH BULL 3X SHARES DIREXION DAILY S&AMP;P BIOTECH BULL 3X SHARES,NYSE ARCA,ETF,Active,
LAC,Lithium Americas Corp (NewCo),NYSE,Stock,Active,
LAC-W,Lithium Americas Corp When Issued,NYSE,Stock,Active,
LACG,Leverage Shares 2X Long LAC Daily ETF,NASDAQ,ETF,Active,
LAD,Lithia Motors Inc - Class A,NYSE,Stock,Active,
LADR,Ladder Capital Corp - Class A,NYSE,Stock,Active,
LAES,SEALSQ Corp,NASDAQ,Stock,Active,
LAESV,SEALSQ Corp,NASDAQ,Stock,Active,
LAFA,Lafayette Acquisition Corp,NASDAQ,Stock,Active,
LAFAR,Lafayette Acquisition Corp,NASDAQ,Stock,Active,
LAFAU,Lafayette Acquisition Corp - Units (1 Ord Shs & 1 Rts),NASDAQ,Stock,Active,
LAKE,Lakeland Industries Inc,NASDAQ,Stock,Active,
LALT,FIRST TRUST MULTI-STRATEGY ALTERNATIVE ETF,NYSE ARCA,ETF,Active,
LAMR,Lamar Advertising Co - Class A,NASDAQ,Stock,Active,
LAND,Gladstone Land Corp,NASDAQ,Stock,Active,
LANDO,Gladstone Land Corp,NASDAQ,Stock,Active,
LANDP,Gladstone Land Corp,NASDAQ,Stock,Active,
LANV,Lanvin Group Holdings Ltd - Class A,NYSE,Stock,Active,
LANV-WS,Lanvin Group Holdings Ltd - Warrants (19/01/2026),NYSE,Stock,Active,
LAPR,Innovator Premium Income 15 Buffer ETF - April,BATS,ETF,Active,
LAR,Lithium Argentina AG,NYSE,Stock,Active,
LARK,Landmark Bancorp Inc,NASDAQ,Stock,Active,
LASE,Laser Photonics Corp,NASDAQ,Stock,Active,
LASR,nLIGHT Inc,NASDAQ,Stock,Active,
LATA,Galata Acquisition Corp II - Class A,NASDAQ,Stock,Active,
LATAU,Galata Acquisition Corp II - Units (1 Ord Cls A & 1/3 War),NASDAQ,Stock,Active,
LATAW,Galata Acquisition Corp II - Warrants (12/09/2030),NASDAQ,Stock,Active,
LATR,Corgi Buy Now Pay Later,BATS,Stock,Active,
LAUR,Laureate Education Inc,NASDAQ,Stock,Active,
LAW,CS Disco Inc,NYSE,Stock,Active,
LAWR,Robot Consulting Co. Ltd,NASDAQ,Stock,Active,
LAYS,STKd 100 NVDA & 100 AMD ETF,NASDAQ,ETF,Active,
LAZ,Lazard Ltd - Class A,NYSE,Stock,Active,
LB,Landbridge Company LLC. - Class A,NYSE,Stock,Active,
LBAY,LEATHERBACK LONG/SHORT ALTERNATIVE YIELD ETF,NYSE ARCA,ETF,Active,
LBBB,Lakeshore Acquisition II Corp,NASDAQ,Stock,Active,
LBBBR,Lakeshore Acquisition II Corp,NASDAQ,Stock,Active,
LBBBU,Lakeshore Acquisition II Corp - Units (1 Ord 1/2 War & 1 Right),NASDAQ,Stock,Active,
LBBBW,Lakeshore Acquisition II Corp - Warrants (18/11/2026),NASDAQ,Stock,Active,
LBDAV,Liberty Broadband Corporation,NASDAQ,Stock,Active,
LBDKV,Liberty Broadband Corporation,NASDAQ,Stock,Active,
LBGJ,Li Bang International Corp Inc,NASDAQ,Stock,Active,
LBO,WHITEWOLF PUBLICLY LISTED PRIVATE EQUITY ETF,BATS,ETF,Active,
LBPH,Longboard Pharmaceuticals Inc,NASDAQ,Stock,Active,
LBRDA,Liberty Broadband Corp - Series A,NASDAQ,Stock,Active,
LBRDK,Liberty Broadband Corp - Series C,NASDAQ,Stock,Active,
LBRDP,Liberty Broadband Corp,NASDAQ,Stock,Active,
LBRT,Liberty Energy Inc - Class A,NYSE,Stock,Active,
LBRX,LB Pharmaceuticals Inc,NASDAQ,Stock,Active,
LBTYA,Liberty Global plc - Class A,NASDAQ,Stock,Active,
LBTYB,Liberty Global plc - Class B,NASDAQ,Stock,Active,
LBTYK,Liberty Global plc - Class C,NASDAQ,Stock,Active,
LBYAV,Liberty Global Ltd,NASDAQ,Stock,Active,
LC,LendingClub Corp,NYSE,Stock,Active,
LCAA,L Catterton Asia Acquisition Corp - Class A,NASDAQ,Stock,Active,
LCAAU,L Catterton Asia Acquisition Corp - Units (1 Ord Share Class A & 1/3 War),NASDAQ,Stock,Active,
LCAAW,L Catterton Asia Acquisition Corp - Warrants (08/03/2026),NASDAQ,Stock,Active,
LCCC,Lakeshore Acquisition III Corp,NASDAQ,Stock,Active,
LCCCR,Lakeshore Acquisition III Corp,NASDAQ,Stock,Active,
LCCCU,Lakeshore Acquisition III Corp - Units (1 Ord Shs & 1 Rts),NASDAQ,Stock,Active,
LCDS,JPMorgan Fundamental Data Science Large Core ETF,NASDAQ,ETF,Active,
LCF,TOUCHSTONE US LARGE CAP FOCUSED ETF,BATS,ETF,Active,
LCFY,Locafy Ltd,NASDAQ,Stock,Active,
LCFYW,Locafy Ltd - Warrants (23/03/2027),NASDAQ,Stock,Active,
LCID,Lucid Group Inc,NASDAQ,Stock,Active,
LCII,LCI Industries,NYSE,Stock,Active,
LCIZ,Tradr 2X Short LCID Daily ETF,BATS,ETF,Active,
LCLG,LOGAN CAPITAL BROAD INNOVATIVE GROWTH ETF,NYSE ARCA,ETF,Active,
LCLN,Lincoln International Inc - Class A,NYSE,Stock,Active,
LCNB,LCNB Corp,NASDAQ,Stock,Active,
LCO,LOGIQ Contrarian Opportunities ETF,NYSE ARCA,ETF,Active,
LCOW,PACER S&P 500 QUALITY FCF ARISTOCRATS ETF,BATS,ETF,Active,
LCR,LEUTHOLD CORE ETF,NYSE ARCA,ETF,Active,
LCTD,BlackRock World ex U.S. Carbon Transition Readiness ETF,NYSE ARCA,ETF,Active,
LCTU,BlackRock U.S. Carbon Transition Readiness ETF,NYSE ARCA,ETF,Active,
LCTX,Lineage Cell Therapeutics Inc,NYSE MKT,Stock,Active,
LCUT,Lifetime Brands Inc,NASDAQ,Stock,Active,
LCW-U,Learn CW Investment Corporation Units each consisting of one Class A ordinary share and onehalf of one redeemable warrant,NYSE,Stock,Active,
LD,Barclays Bank PLC,NYSE ARCA,ETF,Active,
LDDR,Stone Ridge 2035 Term Income ETF,AMEX,ETF,Active,
LDEM,ISHARES ESG MSCI EM LEADERS ETF,NASDAQ,ETF,Active,
LDER,Stone Ridge 2040 Term Income ETF,BATS,ETF,Active,
LDI,LoanDepot Inc - Class A,NYSE,Stock,Active,
LDOS,Leidos Holdings Inc,NYSE,Stock,Active,
LDP,Cohen & Steers Ltd Duration Preferred and Income Fund Inc,NYSE,ETF,Active,
LDRC,ISHARES IBONDS 1-5 YEAR CORPORATE LADDER ETF,NYSE ARCA,ETF,Active,
LDRH,ISHARES IBONDS 1-5 YEAR HIGH YIELD AND INCOME LADDER ETF,NYSE ARCA,ETF,Active,
LDRI,ISHARES IBONDS 1-5 YEAR TIPS LADDER ETF,NYSE ARCA,ETF,Active,
LDRR,Stone Ridge 2045 Term Income ETF,BATS,ETF,Active,
LDRX,SGI ENHANCED MARKET LEADERS ETF,NASDAQ,ETF,Active,
LDSF,FIRST TRUST LOW DURATION STRATEGIC FOCUS ETF,NASDAQ,ETF,Active,
LDUR,PIMCO ENHANCED LOW DURATION ACTIVE EXCHANGE-TRADED FUND,NYSE ARCA,ETF,Active,
LE,Lands` End Inc,NASDAQ,Stock,Active,
LEA,Lear Corp,NYSE,Stock,Active,
LEAD,SIREN DIVCON LEADERS DIVIDEND ETF,BATS,ETF,Active,
LECO,Lincoln Electric Holdings Inc,NASDAQ,Stock,Active,
LEDS,Semileds Corp,NASDAQ,Stock,Active,
LEE,Lee Enterprises Inc,NASDAQ,Stock,Active,
LEG,Leggett & Platt Inc,NYSE,Stock,Active,
LEGH,Legacy Housing Corp,NASDAQ,Stock,Active,
LEGN,Legend Biotech Corp,NASDAQ,Stock,Active,
LEGO,Legato Merger Corp,NASDAQ,Stock,Active,
LEGO-U,Legato Merger Corp IV - Units (1 Ord Shs & 1/3 War),NYSE,Stock,Active,
LEGO-WS,Legato Merger Corp IV Redeemable Warrants each whole warrant exercisable to purchase one ordinary share at an exercise price of 11.50 per share,AMEX,Stock,Active,
LEGR,FIRST TRUST INDXX INNOVATIVE TRANSACTION & PROCESS ETF,NASDAQ,ETF,Active,
LEGT,Legato Merger Corp III,NYSE MKT,Stock,Active,
LEGT-U,Legato Merger Corp III - Units (1 Ord & 1/2 War),NYSE MKT,Stock,Active,
LEGT-WS,Legato Merger Corp III - Warrants (01/01/9999),NYSE MKT,Stock,Active,
LEMB,ISHARES J.P. MORGAN EM LOCAL CURRENCY BOND ETF,NYSE ARCA,ETF,Active,
LEMB:BAT,iShares Emerging Markets Local Currency Bond Fund,NYSE ARCA,Stock,Active,
LEN,Lennar Corp - Class A,NYSE,Stock,Active,
LEN-B,Lennar Corp - Class B,NYSE,Stock,Active,
LEND,SEI High Yield Bond & Alternative Credit ETF,NASDAQ,ETF,Active,
LENZ,LENZ Therapeutics Inc,NASDAQ,Stock,Active,
LEO,BNY Mellon Strategic Municipals Inc,NYSE,ETF,Active,
LESL,Leslies Inc,NASDAQ,Stock,Active,
LEU,Centrus Energy Corp - Class A,NYSE MKT,Stock,Active,
LEUX,Tradr 2X Long LEU Daily,BATS,Stock,Active,
LEVI,Levi Strauss & Co. Cls A,NYSE,Stock,Active,
LEXI,ALEXIS PRACTICAL TACTICAL ETF,NASDAQ,ETF,Active,
LEXX,Lexaria Bioscience Corp,NASDAQ,Stock,Active,
LFAC,Leapfrog Acquisition Corp - Class A,NASDAQ,Stock,Active,
LFACU,Leapfrog Acquisition Corp - Units (1 Ord Cls A & 1/2 War),NASDAQ,Stock,Active,
LFACW,LF Capital Acquisition Corp. II,NASDAQ,Stock,Active,
LFAI,LifeX 2050 Longevity Income ETF,BATS,ETF,Active,
LFAO,LifeX 2055 Longevity Income ETF,BATS,ETF,Active,
LFAW,LifeX 2060 Longevity Income ETF,BATS,ETF,Active,
LFBD,Stone Ridge 2064 Longevity Income ETF,BATS,ETF,Active,
LFBE,Stone Ridge 2065 Longevity Income ETF,BATS,ETF,Active,
LFCR,Lifecore Biomedical Inc,NASDAQ,Stock,Active,
LFDR,Stone Ridge Durable Income ETF,BATS,ETF,Active,
LFEQ,VANECK LONG/FLAT TREND ETF,NYSE ARCA,ETF,Active,
LFMD,LifeMD Inc,NASDAQ,Stock,Active,
LFMDP,LifeMD Inc,NASDAQ,Stock,Active,
LFS,Leifras Co Ltd,NASDAQ,Stock,Active,
LFST,LifeStance Health Group Inc,NASDAQ,Stock,Active,
LFT,Lument Finance Trust Inc,NYSE,Stock,Active,
LFT-P-A,Lument Finance Trust Inc,NYSE,Stock,Active,
LFUS,Littelfuse Inc,NASDAQ,Stock,Active,
LFVN,Lifevantage Corporation,NASDAQ,Stock,Active,
LFWD,Lifeward Ltd,NASDAQ,Stock,Active,
LGACU,Lazard Growth Acquisition Corp I - Units (1 Ord Class A & 1/5 War),NASDAQ,Stock,Active,
LGCB,Linkage Global Inc,NASDAQ,Stock,Active,
LGCF,THEMES US CASH FLOW CHAMPIONS ETF,NASDAQ,ETF,Active,
LGCL,Lucas GC Ltd,NASDAQ,Stock,Active,
LGCY,Legacy Education Inc,NYSE MKT,Stock,Active,
LGDX,Intech S&P Large Cap Diversified Alpha ETF,NYSE ARCA,ETF,Active,
LGF-B,Lions Gate Entertainment Corp - Class B,NYSE,Stock,Active,
LGH,HCM DEFENDER 500 INDEX ETF,NYSE ARCA,ETF,Active,
LGHL,Lion Group Holding Ltd,NASDAQ,Stock,Active,
LGHT,LANGAR GLOBAL HEALTHTECH ETF,NYSE ARCA,ETF,Active,
LGI,Lazard Global Total Return and Income Fund Inc,NYSE,ETF,Active,
LGIH,LGI Homes Inc,NASDAQ,Stock,Active,
LGL,LGL Group Inc,NYSE MKT,Stock,Active,
LGLV,SPDR SSGA US LARGE CAP LOW VOLATILITY INDEX ETF,NYSE ARCA,ETF,Active,
LGN,Legence Corp - Class A,NASDAQ,Stock,Active,
LGND,Ligand Pharmaceuticals Inc - Class B,NASDAQ,Stock,Active,
LGO,Largo Inc,NASDAQ,Stock,Active,
LGOV,FIRST TRUST LONG DURATION OPPORTUNITIES ETF,NYSE ARCA,ETF,Active,
LGPS,LogProstyle Inc,NYSE MKT,Stock,Active,
LGRO,LEVEL FOUR LARGE CAP GROWTH ACTIVE ETF,NASDAQ,ETF,Active,
LGV-WS,Longview Acquisition Corp II Redeemable Warrants each whole Warrant exercisable for one share of Class A Common Stock each at an exercise price of 11.50 per s,NYSE,Stock,Active,
LGVN,Longeveron Inc - Class A,NASDAQ,Stock,Active,
LGVNV,Longeveron Inc Subscription Right When Issued,NASDAQ,Stock,Active,
LH,Laboratory Corp Of America Holdings,NYSE,Stock,Active,
LH-W,Laboratory Corporation of America Holdings WhenIssued,NYSE,Stock,Active,
LHAI,Linkhome Holdings Inc,NASDAQ,Stock,Active,
LHC,Leo Holdings Corp II - Class A,NYSE,Stock,Active,
LHC-U,Leo Holdings Corp II - Units (1 Ord Share Class A & 1/4 War),NYSE,Stock,Active,
LHSW,Lianhe Sowell International Group Ltd,NASDAQ,Stock,Active,
LHX,L3Harris Technologies Inc,NYSE,Stock,Active,
LI,Li Auto Inc,NASDAQ,Stock,Active,
LIAE,LifeX 2050 Inflation-Protected Longevity Income ETF,BATS,ETF,Active,
LIAM,LifeX 2055 Inflation-Protected Longevity Income ETF,BATS,ETF,Active,
LIAU,LifeX 2060 Inflation-Protected Longevity Income ETF,BATS,ETF,Active,
LIAY,Stone Ridge 2064 InflationProtected Longevity Income ETF,AMEX,ETF,Active,
LIBD,Stone Ridge 2065 InflationProtected Longevity Income ETF,BATS,ETF,Active,
LICN,Lichen China Ltd - Class A,NASDAQ,Stock,Active,
LIDR,AEye Inc - Class A,NASDAQ,Stock,Active,
LIDRW,AEye Inc - Warrants (16/08/2026),NASDAQ,Stock,Active,
LIEN,Chicago Atlantic BDC Inc,NASDAQ,Stock,Active,
LIF,Life360 Inc,NASDAQ,Stock,Active,
LIFE,Ethos Technologies Inc - Class A,NASDAQ,Stock,Active,
LIFT,LifeX 2028 Income Bucket ETF,BATS,ETF,Active,
LII,Lennox International Inc,NYSE,Stock,Active,
LILA,Liberty Latin America Ltd - Class A,NASDAQ,Stock,Active,
LILAK,Liberty Latin America Ltd - Class C,NASDAQ,Stock,Active,
LIMI,THEMES LITHIUM & BATTERY METAL MINERS ETF,BATS,ETF,Active,
LIMN,Liminatus Pharma Inc,NASDAQ,Stock,Active,
LIMNW,Liminatus Pharma Inc Warrants,NASDAQ,Stock,Active,
LIN,Linde Plc.,NASDAQ,Stock,Active,
LINC,Lincoln Educational Services Corp,NASDAQ,Stock,Active,
LIND,Lindblad Expeditions Holdings Inc,NASDAQ,Stock,Active,
LINE,Lineage Inc,NASDAQ,Stock,Active,
LINK,Interlink Electronics,NASDAQ,Stock,Active,
LINT,Direxion Daily INTC Bull 2X ETF,NASDAQ,ETF,Active,
LION,Lionsgate Studios Corp - New,NYSE,Stock,Active,
LIONU,Lionheart III Corp - Units (1 Ord Share Class A & 1/2 War),NASDAQ,Stock,Active,
LIQT,LiqTech International Inc,NASDAQ,Stock,Active,
LIT,Global X Lithium & Battery Tech ETF,NYSE ARCA,ETF,Active,
LIT:BAT,Global X Lithium ETF,NYSE ARCA,ETF,Active,
LITB,LightInTheBox Holding Co Ltd,NYSE,Stock,Active,
LITE,Lumentum Holdings Inc,NASDAQ,Stock,Active,
LITL,Simplify Piper Sandler US SmallCap PLUS Income ETF,NYSE ARCA,ETF,Active,
LITP,Sprott Lithium Miners ETF,NASDAQ,ETF,Active,
LITS,Lite Strategy Inc,NASDAQ,Stock,Active,
LITT,Logistics Innovation Technologies Corp - Class A,NASDAQ,Stock,Active,
LITTU,Logistics Innovation Technologies Corp - Units (1 Ord Share Class A & 1/3 War),NASDAQ,Stock,Active,
LITTW,Logistics Innovation Technologies Corp - Warrants (10/06/2026),NASDAQ,Stock,Active,
LITX,Tradr 2X Long LITE Daily,BATS,Stock,Active,
LITZ,Tradr 2X Short LITE Daily,BATS,Stock,Active,
LIVE,Live Ventures Inc,NASDAQ,Stock,Active,
LIVN,LivaNova PLC,NASDAQ,Stock,Active,
LIXT,Lixte Biotechnology Holdings Inc,NASDAQ,Stock,Active,
LJAN,Innovator Premium Income 15 Buffer ETF - January,BATS,ETF,Active,
LJUL,Innovator Premium Income 15 Buffer ETF - July,BATS,ETF,Active,
LKFN,Lakeland Financial Corp,NASDAQ,Stock,Active,
LKFT,Lakefront Biotherapeutics NV,NASDAQ,Stock,Active,
LKOR,FLEXSHARES CREDIT-SCORED US LONG CORPORATE BOND INDEX FUND,BATS,ETF,Active,
LKQ,LKQ Corp,NASDAQ,Stock,Active,
LKSP,Lake Superior Acquisition Corp - Class A,NASDAQ,Stock,Active,
LKSPR,Lake Superior Acquisition Corp,NASDAQ,Stock,Active,
LKSPU,Lake Superior Acquisition Corp - Units (1 Ord Cls A & 1 Rts),NASDAQ,Stock,Active,
LLDR,GLOBAL X LONG-TERM TREASURY LADDER ETF,NYSE ARCA,ETF,Active,
LLII,REX LLY GROWTH & INCOME ETF,BATS,ETF,Active,
LLY,Lilly(Eli) & Company,NYSE,Stock,Active,
LLYVA,Liberty Media Corp (New Liberty Live) Series A,NASDAQ,Stock,Active,
LLYVK,Liberty Live Holdings Inc (Liberty Live Group) Series C,NASDAQ,Stock,Active,
LLYX,DEFIANCE DAILY TARGET 2X LONG LLY ETF,NYSE ARCA,ETF,Active,
LLYZ,Defiance Daily Target 2X Short LLY ETF,NASDAQ,ETF,Active,
LMACA,Liberty Media Acquisition Corp - Series A,NASDAQ,Stock,Active,
LMACU,Liberty Media Acquisition Corp - Units (1 Ord Share Ser A & 1/5 War),NASDAQ,Stock,Active,
LMACW,Liberty Media Acquisition Corp - Warrants (22/01/2026),NASDAQ,Stock,Active,
LMAT,Lemaitre Vascular Inc,NASDAQ,Stock,Active,
LMB,Limbach Holdings Inc,NASDAQ,Stock,Active,
LMBS,FIRST TRUST LOW DURATION OPPORTUNITIES ETF,NASDAQ,ETF,Active,
LMFA,LM Funding America Inc,NASDAQ,Stock,Active,
LMND,Lemonade Inc,NYSE,Stock,Active,
LMNL,Liminal Biosciences Inc,NASDAQ,Stock,Active,
LMNR,Limoneira Company,NASDAQ,Stock,Active,
LMNX,Luminex Corp,NASDAQ,Stock,Active,
LMRI,Lumexa Imaging Holdings Inc,NASDAQ,Stock,Active,
LMT,Lockheed Martin Corp,NYSE,Stock,Active,
LMTL,Direxion Daily LMT Bull 2X ETF,NASDAQ,ETF,Active,
LMTS,Direxion Daily LMT Bear 1X ETF,NASDAQ,ETF,Active,
LNAI,Lunai Bioworks Inc,NASDAQ,Stock,Active,
LNC,Lincoln National Corp,NYSE,Stock,Active,
LNC-P-D,Lincoln National Corporation Depositary Shares Series D,NYSE,Stock,Active,
LND,Brasilagro Companhia Brasileira De Propriedade Agricola,NYSE,Stock,Active,
LNG,Cheniere Energy Inc,NYSE,Stock,Active,
LNGX,GLOBAL X U.S. NATURAL GAS ETF,NYSE ARCA,ETF,Active,
LNKS,Linkers Industries Ltd - Class A,NASDAQ,Stock,Active,
LNN,Lindsay Corporation,NYSE,Stock,Active,
LNSR,LENSAR Inc,NASDAQ,Stock,Active,
LNT,Alliant Energy Corp,NASDAQ,Stock,Active,
LNTH,Lantheus Holdings Inc,NASDAQ,Stock,Active,
LNZA,LanzaTech Global Inc - Class A,NASDAQ,Stock,Active,
LNZAW,LanzaTech Global Inc - Warrants (06/02/2028),NASDAQ,Stock,Active,
LOAN,Manhattan Bridge Capital Inc,NASDAQ,Stock,Active,
LOAR,Loar Holdings Inc,NYSE,Stock,Active,
LOB,Live Oak Bancshares Inc,NYSE,Stock,Active,
LOBO,Lobo Ev Technologies Ltd,NASDAQ,Stock,Active,
LOCL,Local Bounti Corp - Class A,NYSE,Stock,Active,
LOCO,El Pollo Loco Holdings Inc,NASDAQ,Stock,Active,
LOCT,Innovator Premium Income 15 Buffer ETF - October,BATS,ETF,Active,
LODE,Comstock Inc,NYSE MKT,Stock,Active,
LOGI,Logitech International S.A.,NASDAQ,Stock,Active,
LOGO,ALPHA BRANDS(TM) CONSUMPTION LEADERS ETF,BATS,ETF,Active,
LOHA,Loha Co Ltd - Class A,NASDAQ,Stock,Active,
LOKV,Live Oak Acquisition Corp V - Class A,NASDAQ,Stock,Active,
LOKVU,Live Oak Acquisition Corp V - Units (1 Ord Cls A & 1/3 War),NASDAQ,Stock,Active,
LOKVW,Live Oak Acquisition Corp V - Warrants (20/02/2030),NASDAQ,Stock,Active,
LOMA,Loma Negra Compania Industrial Argentina Sociedad Anonima,NYSE,Stock,Active,
LONA,Athira Pharma Inc,NASDAQ,Stock,Active,
LONZ,PIMCO Senior Loan Active ExchangeTraded Fund,NYSE ARCA,ETF,Active,
LOOP,Loop Industries Inc,NASDAQ,Stock,Active,
LOPE,Grand Canyon Education Inc,NASDAQ,Stock,Active,
LOPP,GABELLI LOVE OUR PLANET & PEOPLE ETF,NYSE ARCA,ETF,Active,
LOT,Lotus Technology Inc,NASDAQ,Stock,Active,
LOTI,Liberty One Tactical Income ETF,NASDAQ,ETF,Active,
LOTWW,Lotus Technology Inc - Warrants (23/02/2029),NASDAQ,Stock,Active,
LOUP,Innovator Deepwater Frontier Tech ETF,NYSE ARCA,ETF,Active,
LOVE,Lovesac Company,NASDAQ,Stock,Active,
LOW,Lowe`s Cos. Inc,NYSE,Stock,Active,
LOWV,AB US LOW VOLATILITY EQUITY ETF,NYSE ARCA,ETF,Active,
LPA,Logistic Properties of the Americas,NYSE MKT,Stock,Active,
LPAA,Launch One Acquisition Corp - Class A,NASDAQ,Stock,Active,
LPAAU,Launch One Acquisition Corp - Units (1 Ord Class A & 1/2 War),NASDAQ,Stock,Active,
LPAAW,Launch One Acquisition Corp - Warrants(13/06/2029),NASDAQ,Stock,Active,
LPBB,Launch Two Acquisition Corp,NASDAQ,Stock,Active,
LPBBU,Launch Two Acquisition Corp - Units (1 Ord Class A & 1/2 War),NASDAQ,Stock,Active,
LPBBW,Launch Two Acquisition Corp Warrant,NASDAQ,Stock,Active,
LPCN,Lipocine Inc,NASDAQ,Stock,Active,
LPCV,Launchpad Cadenza Acquisition Corp I,NASDAQ,Stock,Active,
LPCVU,Launchpad Cadenza Acquisition Corp I - Units (1 Ord Cls A & 1/3 War),NASDAQ,Stock,Active,
LPCVW,Launchpad Cadenza Acquisition Corp I Warrant,NASDAQ,Stock,Active,
LPG,Dorian LPG Ltd,NYSE,Stock,Active,
LPL,LG Display Co Ltd,NYSE,Stock,Active,
LPLA,LPL Financial Holdings Inc,NASDAQ,Stock,Active,
LPRO,Open Lending Corp,NASDAQ,Stock,Active,
LPSN,Liveperson Inc,NASDAQ,Stock,Active,
LPTH,Lightpath Technologies Inc - Class A,NASDAQ,Stock,Active,
LPX,Louisiana-Pacific Corp,NYSE,Stock,Active,
LQ,La Quinta Holdings Inc,NYSE,Stock,Active,
LQAI,LG QRAFT AI-POWERED U.S. LARGE CAP CORE ETF,NYSE ARCA,ETF,Active,
LQD,ISHARES IBOXX $ INVESTMENT GRADE CORPORATE BOND ETF,NYSE ARCA,ETF,Active,
LQDA,Liquidia Corp,NASDAQ,Stock,Active,
LQDB,ISHARES BBB RATED CORPORATE BOND ETF,NYSE ARCA,ETF,Active,
LQDH,ISHARES INTEREST RATE HEDGED CORPORATE BOND ETF,NYSE ARCA,ETF,Active,
LQDI,ISHARES INFLATION HEDGED CORPORATE BOND ETF,BATS,ETF,Active,
LQDM,Amplify LQD Investment Grade 12 Target Income,BATS,Stock,Active,
LQDT,Liquidity Services Inc,NASDAQ,Stock,Active,
LQDW,ISHARES INVESTMENT GRADE CORPORATE BOND BUYWRITE STRATEGY ETF,BATS,ETF,Active,
LRCU,Tradr 2X Long LRCX Daily ETF,BATS,ETF,Active,
LRCX,Lam Research Corp,NASDAQ,Stock,Active,
LRE,Lead Real Estate Co Ltd,NASDAQ,Stock,Active,
LRFC,Logan Ridge Finance Corporation,NASDAQ,Stock,Active,
LRGC,AB US LARGE CAP STRATEGIC EQUITIES ETF,NYSE ARCA,ETF,Active,
LRGE,CLEARBRIDGE LARGE CAP GROWTH ESG ETF,NASDAQ,ETF,Active,
LRGF,ISHARES U.S. EQUITY FACTOR ETF,NYSE ARCA,ETF,Active,
LRGG,MACQUARIE FOCUSED LARGE GROWTH ETF,NYSE ARCA,ETF,Active,
LRHC,La Rosa Holdings Corp,NASDAQ,Stock,Active,
LRMR,Larimar Therapeutics Inc,NASDAQ,Stock,Active,
LRN,Stride Inc,NYSE,Stock,Active,
LRND,NYLI U.S. LARGE CAP R&D LEADERS ETF,NASDAQ,ETF,Active,
LSAF,LEADERSHARES(R) ALPHAFACTOR(R) US CORE EQUITY ETF,NYSE ARCA,ETF,Active,
LSAK,Lesaka Technologies Inc,NASDAQ,Stock,Active,
LSAT,LEADERSHARES(R) ALPHAFACTOR(R) TACTICAL FOCUSED ETF,NYSE ARCA,ETF,Active,
LSBK,Lake Shore Bancorp Inc,NASDAQ,Stock,Active,
LSCC,Lattice Semiconductor Corp,NASDAQ,Stock,Active,
LSE,Leishen Energy Holding Co Ltd,NASDAQ,Stock,Active,
LSEA,Landsea Homes Corporation - Class A,NASDAQ,Stock,Active,
LSEAW,Landsea Homes Corporation Warrant,NASDAQ,Stock,Active,
LSEQ,HARBOR LONG-SHORT EQUITY ETF,NYSE ARCA,ETF,Active,
LSF,Laird Superfood Inc,NYSE MKT,Stock,Active,
LSGR,NATIXIS LOOMIS SAYLES FOCUSED GROWTH ETF,NYSE ARCA,ETF,Active,
LSH,Lakeside Holding Ltd,NASDAQ,Stock,Active,
LSPD,Lightspeed Commerce Inc (Sub Voting),NYSE,Stock,Active,
LSPRU,ZyVersa Therapeutics Inc - Units (1 Ord Share Class A & 3/4 War),NASDAQ,Stock,Active,
LST,LEUTHOLD SELECT INDUSTRIES ETF,NYSE ARCA,ETF,Active,
LSTA,Lisata Therapeutics Inc,NASDAQ,Stock,Active,
LSTR,Landstar System Inc,NASDAQ,Stock,Active,
LTAX,Nomura TaxFree USA ETF,NYSE ARCA,ETF,Active,
LTBR,Lightbridge Corp,NASDAQ,Stock,Active,
LTC,LTC Properties Inc,NYSE,Stock,Active,
LTCC,Canary Capital Group LLC,NASDAQ,Stock,Active,
LTH,Life Time Group Holdings Inc,NYSE,Stock,Active,
LTL,PROSHARES ULTRA COMMUNICATION SERVICES,NYSE ARCA,ETF,Active,
LTM,LATAM Airlines Group SA,NYSE,Stock,Active,
LTPZ,PIMCO 15+ YEAR U.S. TIPS INDEX EXCHANGE-TRADED FUND,NYSE ARCA,ETF,Active,
LTPZ:BAT,PIMCO 15 Year U.S. TIPS Index,NYSE ARCA,Stock,Active,
LTRN,Lantern Pharma Inc,NASDAQ,Stock,Active,
LTRX,Lantronix Inc,NASDAQ,Stock,Active,
LTRY,Lottery.com Inc,NASDAQ,Stock,Active,
LTRYW,Lottery.com Inc - Warrants (29/10/2026),NASDAQ,Stock,Active,
LU,Lufax Holding Ltd,NYSE,Stock,Active,
LUCD,Lucid Diagnostics Inc,NASDAQ,Stock,Active,
LUCK,Lucky Strike Entertainment Corp - Class A,NYSE,Stock,Active,
LUCY,Innovative Eyewear Inc,NASDAQ,Stock,Active,
LUCYW,Innovative Eyewear Inc - Warrants(31/12/2023),NASDAQ,Stock,Active,
LUD,Luda Technology Group Ltd,NYSE MKT,Stock,Active,
LULG,Leverage Shares 2X Long LULU Daily ETF,NASDAQ,ETF,Active,
LULU,Lululemon Athletica Inc,NASDAQ,Stock,Active,
LUMN,Lumen Technologies Inc,NYSE,Stock,Active,
LUNG,Pulmonx Corp,NASDAQ,Stock,Active,
LUNL,Defiance Daily Target 2X Long LUNR ETF,BATS,ETF,Active,
LUNR,Intuitive Machines Inc - Class A,NASDAQ,Stock,Active,
LUV,Southwest Airlines Company,NYSE,Stock,Active,
LUXE,MYT Netherlands Parent BV,NYSE,Stock,Active,
LVAC,Lava Medtech Acquisition Corp - Class A,NASDAQ,Stock,Active,
LVACW,Lava Medtech Acquisition Corp - Warrants (21/10/2026),NASDAQ,Stock,Active,
LVDS,JPMorgan Fundamental Data Science Large Value ETF,BATS,ETF,Active,
LVHD,FRANKLIN U.S. LOW VOLATILITY HIGH DIVIDEND INDEX ETF,NASDAQ,ETF,Active,
LVHI,FRANKLIN INTERNATIONAL LOW VOLATILITY HIGH DIVIDEND INDEX ETF,BATS,ETF,Active,
LVIG,Longview Advantage Fixed Income ETF,NASDAQ,ETF,Active,
LVLN,State Street SPDR S&P Leveraged Loan ETF,NYSE ARCA,ETF,Active,
LVLU,Lulus Fashion Lounge Holdings Inc,NASDAQ,Stock,Active,
LVO,LiveOne Inc,NASDAQ,Stock,Active,
LVS,Las Vegas Sands Corp,NYSE,Stock,Active,
LVWR,LiveWire Group Inc,NYSE,Stock,Active,
LVWR-WS,LiveWire Group Inc - Warrants (01/01/9999),NYSE,Stock,Active,
LW,Lamb Weston Holdings Inc,NYSE,Stock,Active,
LWAC,LightWave Acquisition Corp - Class A,NASDAQ,Stock,Active,
LWACU,LightWave Acquisition Corp - Units (1 Ord Cls A & 1/2 War),NASDAQ,Stock,Active,
LWACW,LightWave Acquisition Corp - Warrants (06/06/2030),NASDAQ,Stock,Active,
LWAY,Lifeway Foods Inc,NASDAQ,Stock,Active,
LWLG,Lightwave Logic Inc,NASDAQ,Stock,Active,
LX,LexinFintech Holdings Ltd,NASDAQ,Stock,Active,
LXEH,Lixiang Education Holding Co Ltd,NASDAQ,Stock,Active,
LXEO,Lexeo Therapeutics Inc,NASDAQ,Stock,Active,
LXFR,Luxfer Holdings PLC,NYSE,Stock,Active,
LXP,LXP Industrial Trust,NYSE,Stock,Active,
LXP-P-C,LXP Industrial Trust,NYSE,Stock,Active,
LXRX,Lexicon Pharmaceuticals Inc,NASDAQ,Stock,Active,
LXU,LSB Industries Inc,NYSE,Stock,Active,
LYB,LyondellBasell Industries NV - Class A,NYSE,Stock,Active,
LYEL,Lyell Immunopharma Inc,NASDAQ,Stock,Active,
LYFE,2ndVote Life Neutral Plus ETF,BATS,ETF,Active,
LYFT,Lyft Inc Cls A,NASDAQ,Stock,Active,
LYFX,Tradr 2X Long LYFT Daily ETF,BATS,ETF,Active,
LYG,Lloyds Banking Group plc,NYSE,Stock,Active,
LYLD,CAMBRIA LARGECAP SHAREHOLDER YIELD ETF,BATS,ETF,Active,
LYTS,LSI Industries Inc,NASDAQ,Stock,Active,
LYV,Live Nation Entertainment Inc,NYSE,Stock,Active,
LZ,LegalZoom.com Inc,NASDAQ,Stock,Active,
LZB,La-Z-Boy Inc,NYSE,Stock,Active,
LZM,Lifezone Metals Ltd,NYSE,Stock,Active,
LZM-WS,Lifezone Metals Ltd - Warrants (05/07/2028),NYSE,Stock,Active,
LZMH,LZ Technology Holdings Ltd - Class B,NASDAQ,Stock,Active,
M,Macy`s Inc,NYSE,Stock,Active,
MA,Mastercard Incorporated - Class A,NYSE,Stock,Active,
MAA,Mid-America Apartment Communities Inc,NYSE,Stock,Active,
MAA-P-I,Mid-America Apartment Communities Inc,NYSE,Stock,Active,
MAAS,Maase Inc,NASDAQ,Stock,Active,
MAC,Macerich Company,NYSE,Stock,Active,
MACI,Melar Acquisition Corp I - Class A,NASDAQ,Stock,Active,
MACIU,Melar Acquisition Corp I - Units (1 Ord Class A & 1 War),NASDAQ,Stock,Active,
MACIW,Melar Acquisition Corp I - Warrants (01/06/2031),NASDAQ,Stock,Active,
MACK,Merrimack Pharmaceuticals Inc,NASDAQ,Stock,Active,
MADE,ISHARES U.S. MANUFACTURING ETF,NYSE ARCA,ETF,Active,
MAGA,POINT BRIDGE AMERICA FIRST ETF,BATS,ETF,Active,
MAGC,ROUNDHILL CHINA MAGNIFICENT SEVEN ETF,BATS,ETF,Active,
MAGG,MADISON AGGREGATE BOND ETF,NYSE ARCA,ETF,Active,
MAGH,Magnitude International Ltd,NASDAQ,Stock,Active,
MAGN,Magnera Corp,NYSE,Stock,Active,
MAGO,Tuttle Capital Magnificent 7 Income Blast ETF,BATS,ETF,Active,
MAGS,ROUNDHILL MAGNIFICENT SEVEN ETF,BATS,ETF,Active,
MAGY,ROUNDHILL MAGNIFICENT SEVEN COVERED CALL ETF,BATS,ETF,Active,
MAIA,MAIA Biotechnology Inc,NYSE MKT,Stock,Active,
MAIN,Main Street Capital Corporation,NYSE,Stock,Active,
MAIR,Madison Air Solutions Corp - Class A,NYSE,Stock,Active,
MAKO,MAKO Surgical Corp,NASDAQ,Stock,Active,
MAKX,PROSHARES S&P KENSHO SMART FACTORIES ETF,NYSE ARCA,ETF,Active,
MAMA,Mama`s Creations Inc,NASDAQ,Stock,Active,
MAMB,MONARCH AMBASSADOR INCOME INDEX ETF,BATS,ETF,Active,
MAMK,MaxsMaking Inc - Class A,NASDAQ,Stock,Active,
MAMO,Massimo Group,NASDAQ,Stock,Active,
MAN,ManpowerGroup,NYSE,Stock,Active,
MANE,Veradermics Inc,NYSE,Stock,Active,
MANH,Manhattan Associates Inc,NASDAQ,Stock,Active,
MANI,Man Active Income ETF,NYSE ARCA,ETF,Active,
MANU,Manchester United Plc. - Class A,NYSE,Stock,Active,
MAPP,HARBOR MULTI-ASSET EXPLORER ETF,NYSE ARCA,ETF,Active,
MAR,Marriott International Inc - Class A,NASDAQ,Stock,Active,
MARA,Marathon Digital Holdings Inc,NASDAQ,Stock,Active,
MARB,FIRST TRUST MERGER ARBITRAGE ETF,NYSE ARCA,ETF,Active,
MARM,FT VEST U.S. EQUITY MAX BUFFER ETF - MARCH,BATS,ETF,Active,
MARO,YIELDMAX(R) MARA OPTION INCOME STRATEGY ETF,NYSE ARCA,ETF,Active,
MARPS,Marine Petroleum Trust,NASDAQ,Stock,Active,
MARS,Roundhill Space & Technology,BATS,ETF,Active,
MART,ALLIANZIM U.S. EQUITY BUFFER10 MAR ETF,NYSE ARCA,ETF,Active,
MARW,ALLIANZIM U.S. EQUITY BUFFER20 MAR ETF,NYSE ARCA,ETF,Active,
MARZ,TRUESHARES STRUCTURED OUTCOME (MARCH) ETF,BATS,ETF,Active,
MAS,Masco Corp,NYSE,Stock,Active,
MASI,Masimo Corp,NASDAQ,Stock,Active,
MASK,3 E Network Technology Group Ltd - Class A,NASDAQ,Stock,Active,
MASS,908 Devices Inc,NASDAQ,Stock,Active,
MAT,Mattel Inc,NASDAQ,Stock,Active,
MATE,Man ETF Series Trust - Man Active Trend Enhanced ETF,NASDAQ,ETF,Active,
MATH,Metalpha Technology Holding Ltd,NASDAQ,Stock,Active,
MATV,Mativ Holdings Inc,NYSE,Stock,Active,
MATW,Matthews International Corp - Class A,NASDAQ,Stock,Active,
MATX,Matson Inc,NYSE,Stock,Active,
MAX,MediaAlpha Inc - Class A,NYSE,Stock,Active,
MAXI,SIMPLIFY BITCOIN STRATEGY PLUS INCOME ETF,NASDAQ,ETF,Active,
MAXJ,ISHARES LARGE CAP MAX BUFFER JUN ETF,BATS,ETF,Active,
MAXN,Maxeon Solar Technologies Ltd,NASDAQ,Stock,Active,
MAYC,Corgi U.S. Equities 10 Structured Buffer ETF May Series,BATS,Stock,Active,
MAYP,PGIM S&P 500 BUFFER 12 ETF - MAY,BATS,ETF,Active,
MAYS,J.W. Mays Inc,NASDAQ,Stock,Active,
MAYT,ALLIANZIM U.S. EQUITY BUFFER10 MAY ETF,NYSE ARCA,ETF,Active,
MAYU,ALLIANZIM U.S. EQUITY BUFFER15 UNCAPPED MAY ETF,BATS,ETF,Active,
MAYW,ALLIANZIM U.S. EQUITY BUFFER20 MAY ETF,NYSE ARCA,ETF,Active,
MAYZ,TRUESHARES STRUCTURED OUTCOME (MAY) ETF,BATS,ETF,Active,
MAZE,Maze Therapeutics Inc,NASDAQ,Stock,Active,
MB,Masterbeef Group,NASDAQ,Stock,Active,
MBAI,CheckCap Ltd,NASDAQ,Stock,Active,
MBAV,M3 Brigade Acquisition V Corp - Class A,NASDAQ,Stock,Active,
MBAVU,M3 Brigade Acquisition V Corp - Units (1 Ord Share Class A & 1/3 War),NASDAQ,Stock,Active,
MBAVW,M3 Brigade Acquisition V Corp - Warrants(02/07/2029),NASDAQ,Stock,Active,
MBAY,Mediabay Inc,NASDAQ,Stock,Active,
MBB,ISHARES MBS ETF,NASDAQ,ETF,Active,
MBBA,iShares MortgageBacked Securities Active ETF,BATS,ETF,Active,
MBBB,VANECK MOODY'S ANALYTICS BBB CORPORATE BOND ETF,BATS,ETF,Active,
MBC,MasterBrand Inc,NYSE,Stock,Active,
MBC-W,MasterBrand Inc WhenIssued,NYSE,Stock,Active,
MBCC,MONARCH BLUE CHIPS CORE INDEX ETF,BATS,ETF,Active,
MBI,MBIA Inc,NYSE,Stock,Active,
MBIN,Merchants Bancorp,NASDAQ,Stock,Active,
MBINM,Merchants Bancorp,NASDAQ,Stock,Active,
MBINN,Merchants Bancorp Depositary Shares 6.00 Fixed Rate Series C NonCumulative Perpetual Preferred Stock,NASDAQ,Stock,Active,
MBIO,Mustang Bio Inc,NASDAQ,Stock,Active,
MBLY,Mobileye Global Inc - Class A,NASDAQ,Stock,Active,
MBND,SPDR NUVEEN MUNICIPAL BOND ETF,BATS,ETF,Active,
MBNKP,Medallion Bank,NASDAQ,Stock,Active,
MBOT,Microbot Medical Inc,NASDAQ,Stock,Active,
MBOX,FREEDOM DAY DIVIDEND ETF,NYSE ARCA,ETF,Active,
MBRX,Moleculin Biotech Inc,NASDAQ,Stock,Active,
MBS,ANGEL OAK MORTGAGE-BACKED SECURITIES ETF,NASDAQ,ETF,Active,
MBSD,FLEXSHARES DISCIPLINED DURATION MBS INDEX FUND,NYSE ARCA,ETF,Active,
MBSF,REGAN FLOATING RATE MBS ETF,NYSE ARCA,ETF,Active,
MBUU,Malibu Boats Inc - Class A,NASDAQ,Stock,Active,
MBVI,M3 Brigade Acquisition VI Corp - Class A,NASDAQ,Stock,Active,
MBVIU,M3 Brigade Acquisition VI Corp - Units (1 Ord Cls A & 1/3 War),NASDAQ,Stock,Active,
MBVIW,M3 Brigade Acquisition VI Corp - Warrants (18/08/2030),NASDAQ,Stock,Active,
MBWM,Mercantile Bank Corp,NASDAQ,Stock,Active,
MBX,MBX Biosciences Inc,NASDAQ,Stock,Active,
MC,Moelis & Co - Class A,NYSE,Stock,Active,
MCACR,ConnectM Technology Solutions Inc,NASDAQ,Stock,Active,
MCACU,ConnectM Technology Solutions Inc - Units (1 Ord Class A 1 War & 1 Right),NASDAQ,Stock,Active,
MCACW,ConnectM Technology Solutions Inc - Warrants (10/05/2027),NASDAQ,Stock,Active,
MCAHU,Mountain Crest Acquisition 6 Corp - Units (1 Ord Shs & 1 Rts),NASDAQ,Stock,Active,
MCB,Metropolitan Bank Holding Corp,NYSE,Stock,Active,
MCBS,MetroCity Bankshares Inc,NASDAQ,Stock,Active,
MCD,McDonald`s Corp,NYSE,Stock,Active,
MCDS,JPMorgan Fundamental Data Science Mid Core ETF,NASDAQ,ETF,Active,
MCEP:BAT,MidCon Energy Partners LP Common Units,NASDAQ,Stock,Active,
MCFT,MasterCraft Boat Holdings Inc,NASDAQ,Stock,Active,
MCGA,Yorkville Acquisition Corp - Class A,NASDAQ,Stock,Active,
MCGAU,Yorkville Acquisition Corp - Units (1 Ord Cls A & 1/3 War),NASDAQ,Stock,Active,
MCGAW,Yorkville Acquisition Corp - Warrants (06/06/2030),NASDAQ,Stock,Active,
MCH,MATTHEWS CHINA ACTIVE ETF,NYSE ARCA,ETF,Active,
MCHI,ISHARES MSCI CHINA ETF,NASDAQ,ETF,Active,
MCHP,Microchip Technology Inc,NASDAQ,Stock,Active,
MCHPP,Microchip Technology Inc,NASDAQ,Stock,Active,
MCHS,MATTHEWS CHINA DISCOVERY ACTIVE ETF,NASDAQ,ETF,Active,
MCHX,Marchex Inc - Class B,NASDAQ,Stock,Active,
MCI,Barings Corporate Investors,NYSE,ETF,Active,
MCK,Mckesson Corporation,NYSE,Stock,Active,
MCN,Madison Covered Call & Equity Strategy Fund,NYSE,ETF,Active,
MCO,Moody`s Corp,NYSE,Stock,Active,
MCOM,METRICOM INC,NASDAQ,Stock,Active,
MCR,MFS Charter Income Trust,NYSE,ETF,Active,
MCRB,Seres Therapeutics Inc,NASDAQ,Stock,Active,
MCRI,Monarch Casino & Resort Inc,NASDAQ,Stock,Active,
MCRP,Micropolis Holding Company,NYSE MKT,Stock,Active,
MCS,Marcus Corp,NYSE,Stock,Active,
MCSE,Franklin Sustainable International Equity ETF,NASDAQ,ETF,Active,
MCTA,Charming Medical Ltd - Class A,NASDAQ,Stock,Active,
MCVT,Mill City Ventures III Ltd,NASDAQ,Stock,Active,
MCW,Mister Car Wash Inc,NASDAQ,Stock,Active,
MCY,Mercury General Corp,NYSE,Stock,Active,
MD,Pediatrix Medical Group Inc,NYSE,Stock,Active,
MDA,MacDonald Dettwiler and Associates Ltd,NYSE,Stock,Active,
MDAI,Spectral AI Inc - Class A,NASDAQ,Stock,Active,
MDAIW,Spectral AI Inc - Warrants (11/09/2028),NASDAQ,Stock,Active,
MDB,MongoDB Inc - Class A,NASDAQ,Stock,Active,
MDBH,MDB Capital Holdings LLC - Class A,NASDAQ,Stock,Active,
MDCXW,Medicus Pharma Ltd warrant,NASDAQ,Stock,Active,
MDEV,FIRST TRUST INDXX MEDICAL DEVICES ETF,BATS,ETF,Active,
MDGL,Madrigal Pharmaceuticals Inc,NASDAQ,Stock,Active,
MDIA,MediaCo Holding Inc - Class A,NASDAQ,Stock,Active,
MDIV,MULTI-ASSET DIVERSIFIED INCOME INDEX FUND,NASDAQ,ETF,Active,
MDLN,Medline Inc - Class A,NASDAQ,Stock,Active,
MDLV,MORGAN DEMPSEY LARGE CAP VALUE ETF,BATS,ETF,Active,
MDLZ,Mondelez International Inc - Class A,NASDAQ,Stock,Active,
MDPL,MONARCH DIVIDEND PLUS INDEX ETF,BATS,ETF,Active,
MDRR,Medalist Diversified REIT Inc,NASDAQ,Stock,Active,
MDRRP,Medalist Diversified REIT Inc,NASDAQ,Stock,Active,
MDST,Westwood Salient Enhanced Midstream Income ETF,NYSE,ETF,Active,
MDT,Medtronic Plc,NYSE,Stock,Active,
MDU,MDU Resources Group Inc,NYSE,Stock,Active,
MDU-W,MDU Resources Group Inc WhenIssued,NYSE,Stock,Active,
MDV,Modiv Industrial Inc - Class C,NYSE,Stock,Active,
MDV-P-A,Modiv Industrial Inc,NYSE,Stock,Active,
MDWD,MediWound Ltd,NASDAQ,Stock,Active,
MDXG,Mimedx Group Inc,NASDAQ,Stock,Active,
MDXH,MDxHealth SA,NASDAQ,Stock,Active,
MDY,S&P MidCap 400 ETF,NYSE ARCA,ETF,Active,
MDYG,SPDR(R) S & P 400 MID CAP GROWTH ETF,NYSE ARCA,ETF,Active,
MDYG:BAT,SPDR S&P 400 Mid Cap Growth ETF,NYSE ARCA,ETF,Active,
MDYV,SPDR(R) S & P 400 MID CAP VALUE ETF,NYSE ARCA,ETF,Active,
MDYV:BAT,SPDR S&P 400 Mid Cap Value ETF,NYSE ARCA,ETF,Active,
MEAR,ISHARES SHORT MATURITY MUNICIPAL BOND ACTIVE ETF,BATS,ETF,Active,
MEC,Mayville Engineering Company Inc,NYSE,Stock,Active,
MED,Medifast Inc,NYSE,Stock,Active,
MEDI,HARBOR HEALTH CARE ETF,NYSE ARCA,ETF,Active,
MEDP,Medpace Holdings Inc,NASDAQ,Stock,Active,
MEDX,HORIZON KINETICS MEDICAL ETF,NASDAQ,ETF,Active,
MEGI,MainStay CBRE Global Infrastructure Megatrends Fund,NYSE,Stock,Active,
MEGL,Magic Empire Global Ltd,NASDAQ,Stock,Active,
MEHA,Functional Brands Inc,NASDAQ,Stock,Active,
MEI,Methode Electronics Inc,NYSE,Stock,Active,
MEKA,MELI Kaszek Pioneer Corp - Class A,NASDAQ,Stock,Active,
MELI,MercadoLibre Inc,NASDAQ,Stock,Active,
MEM,MATTHEWS EMERGING MARKETS EQUITY ACTIVE ETF,NYSE ARCA,ETF,Active,
MEMA,Man Active Emerging Markets Alternative ETF,NASDAQ,ETF,Active,
MEME,ROUNDHILL MEME STOCK ETF,NYSE ARCA,ETF,Active,
MEMS,MATTHEWS EMERGING MARKETS DISCOVERY ACTIVE ETF,NASDAQ,ETF,Active,
MEMX,MATTHEWS EMERGING MARKETS EX CHINA ACTIVE ETF,NYSE ARCA,ETF,Active,
MEMY,MEMORY PHARMACEUTICALS CORP,NASDAQ,Stock,Active,
MENS,Jyong Biotech Ltd,NASDAQ,Stock,Active,
MEOA,Minority Equality Opportunities Acquisition Inc - Class A,NASDAQ,Stock,Active,
MEOAW,Minority Equality Opportunities Acquisition Inc - Warrants (26/08/2026),NASDAQ,Stock,Active,
MEOH,Methanex Corp,NASDAQ,Stock,Active,
MER-P-K,Bank Of America Corp,NYSE,Stock,Active,
MERC,Mercer International Inc,NASDAQ,Stock,Active,
MESA,nan,NASDAQ,Stock,Active,
MESH,Meshflow Acquisition Corp - Class A,NASDAQ,Stock,Active,
MESHU,Meshflow Acquisition Corp - Units (1 Ord Cls A & 1/3 War),NASDAQ,Stock,Active,
MESHW,Meshflow Acquisition Corp - Warrants (20/11/2030),NASDAQ,Stock,Active,
MESO,Mesoblast Ltd,NASDAQ,Stock,Active,
MET,Metlife Inc,NYSE,Stock,Active,
MET-P-A,Metlife Inc,NYSE,Stock,Active,
MET-P-E,Metlife Inc,NYSE,Stock,Active,
MET-P-F,Metlife Inc 4.75 PRF PERPETUAL USD 25 11000th int Ser F,NYSE,Stock,Active,
META,Meta Platforms Inc - Class A,NASDAQ,Stock,Active,
METBV,Ramaco Resources Inc,NASDAQ,Stock,Active,
METC,Ramaco Resources Inc - Class A,NASDAQ,Stock,Active,
METCB,Ramaco Resources Inc - Class B,NASDAQ,Stock,Active,
METCI,Ramaco Resources Inc 8.250 Senior Notes due 2030,NASDAQ,Stock,Active,
METCV,Ramaco Resources Inc,NASDAQ,Stock,Active,
METCZ,Ramaco Resources Inc,NASDAQ,Stock,Active,
METD,DIREXION DAILY META BEAR 1X SHARES,NASDAQ,ETF,Active,
METL,Sprott Active Metals & Miners ETF,NASDAQ,ETF,Active,
METU,DIREXION DAILY META BULL 2X SHARES,NASDAQ,ETF,Active,
METV,ROUNDHILL BALL METAVERSE ETF,NYSE ARCA,ETF,Active,
METW,ROUNDHILL META WEEKLYPAY ETF,BATS,ETF,Active,
MEVO,M Evo Global Acquisition Corp II,NASDAQ,Stock,Active,
MEVOU,M Evo Global Acquisition Corp II - Units (1 Ord Cls A & 1/3 War),NASDAQ,Stock,Active,
MEVOW,M Evo Global Acquisition Corp II Warrants,NASDAQ,Stock,Active,
MEXX,DIREXION DAILY MSCI MEXICO BULL 3X SHARES,NYSE ARCA,ETF,Active,
MFA,MFA Financial Inc,NYSE,Stock,Active,
MFA-P-B,MFA Financial Inc,NYSE,Stock,Active,
MFA-P-C,MFA Financial Inc,NYSE,Stock,Active,
MFAN,MFA Financial Inc 8.875 Senior Notes due 2029,NYSE,Stock,Active,
MFAO,MFA Financial Inc,NYSE,Stock,Active,
MFC,Manulife Financial Corp,NYSE,Stock,Active,
MFD,Macquarie-First Tr. Global Inf. Utilities Div. & Income Fund,NYSE,ETF,Active,
MFDX,PIMCO RAFI DYNAMIC MULTI-FACTOR INTERNATIONAL EQUITY ETF,NYSE ARCA,ETF,Active,
MFEM,PIMCO RAFI DYNAMIC MULTI-FACTOR EMERGING MARKETS EQUITY ETF,NYSE ARCA,ETF,Active,
MFG,Mizuho Financial Group Inc,NYSE,Stock,Active,
MFI,mF International Ltd - Class A,NASDAQ,Stock,Active,
MFIC,MidCap Financial Investment Corporation,NASDAQ,Stock,Active,
MFICL,MidCap Financial Investment Corporation 8.00 Notes due 2028,NASDAQ,Stock,Active,
MFIN,Medallion Financial Corp,NASDAQ,Stock,Active,
MFLX,FIRST TRUST FLEXIBLE MUNICIPAL HIGH INCOME ETF,NASDAQ,ETF,Active,
MFM,MFS Municipal Income Trust,NYSE,ETF,Active,
MFSB,MFS ACTIVE CORE PLUS BOND ETF,NYSE,ETF,Active,
MFSG,MFS ACTIVE GROWTH ETF,NYSE,ETF,Active,
MFSI,MFS ACTIVE INTERNATIONAL ETF,NYSE,ETF,Active,
MFSM,MFS ACTIVE INTERMEDIATE MUNI BOND ETF,NYSE,ETF,Active,
MFSV,MFS ACTIVE VALUE ETF,NYSE,ETF,Active,
MFUL,MINDFUL CONSERVATIVE ETF,BATS,ETF,Active,
MFUS,PIMCO RAFI DYNAMIC MULTI-FACTOR U.S. EQUITY ETF,NYSE ARCA,ETF,Active,
MFUT,CAMBRIA CHESAPEAKE PURE TREND ETF,BATS,ETF,Active,
MFV,MFS Special Value Trust,NYSE,ETF,Active,
MG,Mistras Group Inc,NYSE,Stock,Active,
MGA,Magna International Inc,NYSE,Stock,Active,
MGC,VANGUARD MEGA CAP INDEX FUND ETF SHARES,NYSE ARCA,ETF,Active,
MGC:BAT,Vanguard Mega Cap ETF,NYSE ARCA,ETF,Active,
MGEE,MGE Energy Inc,NASDAQ,Stock,Active,
MGF,MFS Government Markets Income Trust,NYSE,ETF,Active,
MGI,Moneygram International Inc,NASDAQ,Stock,Active,
MGIH,Millennium Group International Holdings Ltd,NASDAQ,Stock,Active,
MGK,VANGUARD MEGA CAP GROWTH INDEX FUND ETF SHARES,NYSE ARCA,ETF,Active,
MGK:BAT,Vanguard Mega Cap Growth ETF,NYSE ARCA,ETF,Active,
MGLD,Marygold Companies Inc (The),NYSE MKT,Stock,Active,
MGM,MGM Resorts International,NYSE,Stock,Active,
MGMT,BALLAST SMALL/MID CAP ETF,NYSE ARCA,ETF,Active,
MGN,Megan Holdings Ltd,NASDAQ,Stock,Active,
MGNI,Magnite Inc,NASDAQ,Stock,Active,
MGNR,AMERICAN BEACON GLG NATURAL RESOURCES ETF,NYSE ARCA,ETF,Active,
MGNX,Macrogenics Inc,NASDAQ,Stock,Active,
MGOV,FIRST TRUST INTERMEDIATE GOVERNMENT OPPORTUNITIES ETF,NYSE ARCA,ETF,Active,
MGPI,MGP Ingredients Inc,NASDAQ,Stock,Active,
MGR,Affiliated Managers Group Inc,NYSE,Stock,Active,
MGRB,Affiliated Managers Group Inc,NYSE,Stock,Active,
MGRC,McGrath Rentcorp,NASDAQ,Stock,Active,
MGRD,Affiliated Managers Group Inc,NYSE,Stock,Active,
MGRE,Affiliated Managers Group Inc,NYSE,Stock,Active,
MGRT,Mega Fortune Company Ltd,NASDAQ,Stock,Active,
MGRX,Mangoceuticals Inc,NASDAQ,Stock,Active,
MGTA,Magenta Therapeutics Inc,NASDAQ,Stock,Active,
MGTX,MeiraGTx Holdings plc,NASDAQ,Stock,Active,
MGU,Macquarie Global Infrastructure Total Return Fund Inc,NYSE,ETF,Active,
MGV,VANGUARD MEGA CAP VALUE INDEX FUND ETF SHARES,NYSE ARCA,ETF,Active,
MGV:BAT,Vanguard Mega Cap Value ETF,NYSE ARCA,ETF,Active,
MGX,Metagenomi Inc,NASDAQ,Stock,Active,
MGY,Magnolia Oil & Gas Corp - Class A,NYSE,Stock,Active,
MGYR,Magyar Bancorp Inc,NASDAQ,Stock,Active,
MH,McGraw Hill Inc,NYSE,Stock,Active,
MHD,BlackRock MuniHoldings Fund Inc,NYSE,ETF,Active,
MHF,Western Asset Municipal High Income Fund Inc,NYSE,ETF,Active,
MHH,Mastech Digital Inc,NYSE MKT,Stock,Active,
MHIG,Milliman Healthcare Inflation Guard,NYSE ARCA,Stock,Active,
MHIP,Milliman Healthcare Inflation Plus,NYSE ARCA,Stock,Active,
MHK,Mohawk Industries Inc,NYSE,Stock,Active,
MHLA,Maiden Holdings Ltd,NYSE,Stock,Active,
MHN,BlackRock MuniHoldings New York Quality Fund Inc,NYSE,ETF,Active,
MHNC,Maiden Holdings North American Ltd 775 Nts 12012043,NYSE,Stock,Active,
MHO,MI Homes Inc,NYSE,Stock,Active,
MHUA,Meihua International Medical Technologies Co Ltd - Class A,NASDAQ,Stock,Active,
MHY,Western Asset Managed High Incm Fnd Inc,NYSE ARCA,ETF,Active,
MI,NFT Ltd -Class A,NYSE MKT,Stock,Active,
MIAX,Miami International Holdings Inc,NYSE,Stock,Active,
MICC,The Magnum Ice Cream Company N.V.,NYSE,Stock,Active,
MID,AMERICAN CENTURY MID CAP GROWTH IMPACT ETF,NYSE ARCA,ETF,Active,
MIDD,Middleby Corp,NASDAQ,Stock,Active,
MIDE,XTRACKERS S&P MIDCAP 400 ESG ETF,NYSE ARCA,ETF,Active,
MIDU,DIREXION DAILY MID CAP BULL 3X SHARES,NYSE ARCA,ETF,Active,
MIDZ,DIREXION DAILY MID CAP BEAR 3X SHARES,NYSE ARCA,ETF,Active,
MIG,VANECK MOODY'S ANALYTICS IG CORPORATE BOND ETF,BATS,ETF,Active,
MILN,GLOBAL X MILLENNIAL CONSUMER ETF,NASDAQ,ETF,Active,
MIMI,Mint Inc Ltd - Class A,NASDAQ,Stock,Active,
MIMO-WS-A,Airspan Networks Holdings Inc Warrants each whole warrant exercisable for one share of common stock at an exercise price of 12.50,AMEX,Stock,Active,
MIMO-WS-B,Airspan Networks Holdings Inc Warrants each whole warrant exercisable for one share of common stock at an exercise price of 15.00,AMEX,Stock,Active,
MIMO-WS-C,Airspan Networks Holdings Inc Warrants each whole warrant exercisable for one share of common stock at an exercise price of 17.50,AMEX,Stock,Active,
MIN,MFS Intermediate Income Trust,NYSE,ETF,Active,
MIND,MIND Technology Inc,NASDAQ,Stock,Active,
MINM,FiEE Inc,NASDAQ,Stock,Active,
MINN,MAIRS & POWER MINNESOTA MUNICIPAL BOND ETF,BATS,ETF,Active,
MINO,PIMCO MUNICIPAL INCOME OPPORTUNITIES ACTIVE EXCHANGE-TRADED FUND,NYSE ARCA,ETF,Active,
MINT,PIMCO ENHANCED SHORT MATURITY ACTIVE EXCHANGE-TRADED FUND,NYSE ARCA,ETF,Active,
MINT:BAT,PIMCO Enhanced Short Maturity Strategy Fund,NYSE ARCA,Stock,Active,
MINV,MATTHEWS ASIA INNOVATORS ACTIVE ETF,NYSE ARCA,ETF,Active,
MIR,Mirion Technologies Inc - Class A,NYSE,Stock,Active,
MIRA,Mira Pharmaceuticals Inc,NASDAQ,Stock,Active,
MIRM,Mirum Pharmaceuticals Inc,NASDAQ,Stock,Active,
MISL,FIRST TRUST INDXX AEROSPACE & DEFENSE ETF,NYSE ARCA,ETF,Active,
MIST,Milestone Pharmaceuticals Inc,NASDAQ,Stock,Active,
MITK,Mitek Systems Inc,NASDAQ,Stock,Active,
MITN,AG Mortgage Investment Trust Inc,NYSE,Stock,Active,
MITP,AG Mortgage Investment Trust Inc,NYSE,Stock,Active,
MITQ,Moving iMage Technologies Inc,NYSE MKT,Stock,Active,
MITT,AG Mortgage Investment Trust Inc,NYSE,Stock,Active,
MITT-P-A,AG Mortgage Investment Trust Inc,NYSE,Stock,Active,
MITT-P-B,AG Mortgage Investment Trust Inc,NYSE,Stock,Active,
MITT-P-C,AG Mortgage Investment Trust Inc,NYSE,Stock,Active,
MIY,BlackRock MuniYield Michigan Quality Fund Inc,NYSE,ETF,Active,
MJ,Amplify Alternative Harvest ETF,NYSE ARCA,ETF,Active,
MJUS,ETFMG U.S. Alternative Harvest ETF,NYSE ARCA,ETF,Active,
MKAM,MKAM ETF,NASDAQ,ETF,Active,
MKC,McCormick & Co. Inc (Non Voting),NYSE,Stock,Active,
MKC-V,McCormick & Co. Inc,NYSE,Stock,Active,
MKDW,MKDWELL Tech Inc,NASDAQ,Stock,Active,
MKDWW,MKDWELL Tech Inc - Warrants (10/06/2029),NASDAQ,Stock,Active,
MKFG-WS,Markforged Holding Corporation Warrants,NYSE,Stock,Active,
MKL,Markel Group Inc,NYSE,Stock,Active,
MKLY,McKinley Acquisition Corporation,NASDAQ,Stock,Active,
MKLYR,McKinley Acquisition Corporation Rights,NASDAQ,Stock,Active,
MKLYU,McKinley Acquisition Corp - Units (1 Ord Cls A & 1 Rts),NASDAQ,Stock,Active,
MKOR,MATTHEWS KOREA ACTIVE ETF,NYSE ARCA,ETF,Active,
MKSI,MKS Instruments Inc,NASDAQ,Stock,Active,
MKTN,Federated Hermes MDT Market Neutral ETF,NYSE ARCA,ETF,Active,
MKTW,Marketwise Inc - Class A,NASDAQ,Stock,Active,
MKTX,MarketAxess Holdings Inc,NASDAQ,Stock,Active,
MKZR,Mackenzie Realty Capital Inc,NASDAQ,Stock,Active,
ML-WS,MoneyLion Inc Wt Exp 06012027,NYSE,Stock,Active,
MLAA,Mountain Lake Acquisition Corp II,NASDAQ,Stock,Active,
MLAAU,Mountain Lake Acquisition Corp II - Units (1 Ord Cls A & 1/2 War),NASDAQ,Stock,Active,
MLAAW,Mountain Lake Acquisition Corp II Warrants,NASDAQ,Stock,Active,
MLAB,Mesa Laboratories Inc,NASDAQ,Stock,Active,
MLAC,Mountain Lake Acquisition Corp - Class A,NASDAQ,Stock,Active,
MLACR,Mountain Lake Acquisition Corp,NASDAQ,Stock,Active,
MLACU,Mountain Lake Acquisition Corp - Units (1 Ord Cls A & 1/2 War),NASDAQ,Stock,Active,
MLAIU,McLaren Technology Acquisition Corp - Units (1 Ord Class A & 1/2 War),NASDAQ,Stock,Active,
MLCI,Mount Logan Capital Inc,NASDAQ,Stock,Active,
MLCIL,Mount Logan Capital Inc,NASDAQ,Stock,Active,
MLCO,Melco Resorts & Entertainment Ltd,NASDAQ,Stock,Active,
MLDR,GLOBAL X INTERMEDIATE-TERM TREASURY LADDER ETF,NYSE ARCA,ETF,Active,
MLEC,Moolec Science SA,NASDAQ,Stock,Active,
MLECW,Moolec Science SA - Warrants (30/12/2027),NASDAQ,Stock,Active,
MLGO,MicroAlgo Inc,NASDAQ,Stock,Active,
MLI,Mueller Industries Inc,NYSE,Stock,Active,
MLKN,MillerKnoll Inc,NASDAQ,Stock,Active,
MLM,Martin Marietta Materials Inc,NYSE,Stock,Active,
MLN,VANECK LONG MUNI ETF,BATS,ETF,Active,
MLP,Maui Land & Pineapple Co. Inc,NYSE,Stock,Active,
MLPA,GLOBAL X MLP ETF,NYSE ARCA,ETF,Active,
MLPA:BAT,Global X MLP ETF,NYSE ARCA,ETF,Active,
MLPB,UBS AG London Branch,NYSE ARCA,ETF,Active,
MLPD,GLOBAL X MLP & ENERGY INFRASTRUCTURE COVERED CALL ETF,NYSE ARCA,ETF,Active,
MLPI,NEOS MLP & ENERGY INFRASTRUCTURE HIGH INCOME ETF,NYSE ARCA,ETF,Active,
MLPR,UBS AG London Branch,NYSE ARCA,Stock,Active,
MLPX,GLOBAL X MLP & ENERGY INFRASTRUCTURE ETF,NYSE ARCA,ETF,Active,
MLR,Miller Industries Inc,NYSE,Stock,Active,
MLSS,Milestone Scientific Inc,NYSE MKT,Stock,Active,
MLTX,MoonLake Immunotherapeutics - Class A,NASDAQ,Stock,Active,
MLYS,Mineralys Therapeutics Inc,NASDAQ,Stock,Active,
MMA,Alta Global Group Ltd,NYSE MKT,Stock,Active,
MMCA,NYLI MACKAY CALIFORNIA MUNI INTERMEDIATE ETF,NYSE ARCA,ETF,Active,
MMD,MainStay MacKay DefinedTerm Municipal Opportunities Fund,NYSE,ETF,Active,
MMED,MiniMed Group Inc,NASDAQ,Stock,Active,
MMI,Marcus & Millichap Inc,NYSE,Stock,Active,
MMID,MFS Active Exchange Traded Funds Trust Mid Cap,NYSE,Stock,Active,
MMIN,NYLI MACKAY MUNI INSURED ETF,NYSE ARCA,ETF,Active,
MMIT,NYLI MACKAY MUNI INTERMEDIATE ETF,NYSE ARCA,ETF,Active,
MMK,State Street Prime Money Market,NYSE,Stock,Active,
MMKT,TEXAS CAPITAL GOVERNMENT MONEY MARKET ETF,NYSE,ETF,Active,
MMLG,FIRST TRUST MULTI-MANAGER LARGE GROWTH ETF,NYSE ARCA,ETF,Active,
MMLP,Martin Midstream Partners LP,NASDAQ,Stock,Active,
MMM,3M Company,NYSE,Stock,Active,
MMM-W,3M Company WhenIssued,NYSE,Stock,Active,
MMS,Maximus Inc,NYSE,Stock,Active,
MMSC,FIRST TRUST MULTI-MANAGER SMALL CAP OPPORTUNITIES ETF,NYSE ARCA,ETF,Active,
MMSD,IQ MACKAY MUNICIPAL SHORT DURATION ETF,NYSE ARCA,ETF,Active,
MMSI,Merit Medical Systems Inc,NASDAQ,Stock,Active,
MMT,MFS Multimarket Income Trust,NYSE,ETF,Active,
MMTM,SPDR S&P 1500 MOMENTUM TILT ETF,NYSE ARCA,ETF,Active,
MMTX,Miluna Acquisition Corp - Class A,NASDAQ,Stock,Active,
MMTXU,Miluna Acquisition Corp - Units (1 Ord & 1/2 War),NASDAQ,Stock,Active,
MMTXW,Miluna Acquisition Corp - Warrants (29/09/2030),NASDAQ,Stock,Active,
MMU,Western Asset Managed Municipals Fund Inc,NYSE,ETF,Active,
MMYT,MakeMyTrip Ltd,NASDAQ,Stock,Active,
MNA,NYLI MERGER ARBITRAGE ETF,NYSE ARCA,ETF,Active,
MNA:BAT,IQ ARB Merger Arbitrage ETF,NYSE ARCA,ETF,Active,
MNBD,ALPS | BBH INTERMEDIATE MUNICIPAL BOND ETF,NYSE ARCA,ETF,Active,
MNDO,Mind C.T.I Ltd,NASDAQ,Stock,Active,
MNDR,Mobile health Network Solutions - Class A,NASDAQ,Stock,Active,
MNDY,Monday.Com Ltd,NASDAQ,Stock,Active,
MNKD,Mannkind Corp,NASDAQ,Stock,Active,
MNOV,Medicinova Inc,NASDAQ,Stock,Active,
MNP,Western Asset Municipal Partners Fund Inc,NYSE,ETF,Active,
MNPR,Monopar Therapeutics Inc,NASDAQ,Stock,Active,
MNR,Mach Natural Resources LP,NYSE,Stock,Active,
MNRO,Monro Inc,NASDAQ,Stock,Active,
MNSB,MainStreet Bancshares Inc,NASDAQ,Stock,Active,
MNSBP,MainStreet Bancshares Inc,NASDAQ,Stock,Active,
MNSO,MINISO Group Holding Ltd,NYSE,Stock,Active,
MNST,Monster Beverage Corp,NASDAQ,Stock,Active,
MNTK,Montauk Renewables Inc,NASDAQ,Stock,Active,
MNTN,MNTN Inc - Class A,NYSE,Stock,Active,
MNTS,Momentus Inc - Class A,NASDAQ,Stock,Active,
MNTSW,Momentus Inc - Warrants (12/08/2026),NASDAQ,Stock,Active,
MNVT,MOONVEST ETF,NASDAQ,ETF,Active,
MNY,MoneyHero Ltd - Class A,NASDAQ,Stock,Active,
MNYWW,MoneyHero Ltd - Warrants (13/09/2028),NASDAQ,Stock,Active,
MO,Altria Group Inc,NYSE,Stock,Active,
MOAT,VANECK MORNINGSTAR WIDE MOAT ETF,BATS,ETF,Active,
MOAT:BAT,Market Vectors Wide Moat Etf,BATS,Stock,Active,
MOB,Mobilicom Ltd,NASDAQ,Stock,Active,
MOBBW,Mobilicom Ltd - Warrants (31/08/2027),NASDAQ,Stock,Active,
MOBI,Mobia Medical Inc,NASDAQ,Stock,Active,
MOBX,Mobix Labs Inc - Class A,NASDAQ,Stock,Active,
MOBXW,Mobix Labs Inc - Warrants (16/07/2021),NASDAQ,Stock,Active,
MOD,Modine Manufacturing Company,NYSE,Stock,Active,
MODD,Modular Medical Inc,NASDAQ,Stock,Active,
MODL,VICTORYSHARES WESTEND U.S. SECTOR ETF,NASDAQ,ETF,Active,
MOG-A,Moog Inc - Class A,NYSE,Stock,Active,
MOG-B,Moog Inc - Class B,NYSE,Stock,Active,
MOGU,MOGU Inc,NYSE,Stock,Active,
MOH,Molina Healthcare Inc,NYSE,Stock,Active,
MOLN,Molecular Partners AG,NASDAQ,Stock,Active,
MOMO,Hello Group Inc,NASDAQ,Stock,Active,
MONCU,Monument Circle Acquisition Corp - Units (1 Ord Class A & 1/2 War),NASDAQ,Stock,Active,
MOO,VANECK AGRIBUSINESS ETF,NYSE ARCA,ETF,Active,
MOOD,RELATIVE SENTIMENT TACTICAL ALLOCATION ETF,NASDAQ,ETF,Active,
MORN,Morningstar Inc,NASDAQ,Stock,Active,
MORT,VANECK MORTGAGE REIT INCOME ETF,NYSE ARCA,ETF,Active,
MORT:BAT,Market Vectors Mortgage REIT Income ETF,NYSE ARCA,ETF,Active,
MOS,Mosaic Company,NYSE,Stock,Active,
MOTG,VANECK MORNINGSTAR GLOBAL WIDE MOAT ETF,BATS,ETF,Active,
MOTI,VANECK MORNINGSTAR INTERNATIONAL MOAT ETF,BATS,ETF,Active,
MOTO,GUINNESS ATKINSON SMART TRANSPORTATION & TECHNOLOGY ETF,NYSE ARCA,ETF,Active,
MOV,Movado Group Inc,NYSE,Stock,Active,
MOVE,Movano Inc,NASDAQ,Stock,Active,
MP,MP Materials Corporation,NYSE,Stock,Active,
MPA,BlackRock MuniYield Pennsylvania Quality Fund,NYSE,ETF,Active,
MPAA,Motorcar Parts of America Inc,NASDAQ,Stock,Active,
MPACW,Model Performance Acquisition Corp Warrant,NASDAQ,Stock,Active,
MPB,Mid Penn Bancorp Inc,NASDAQ,Stock,Active,
MPC,Marathon Petroleum Corp,NYSE,Stock,Active,
MPLN-WS,MultiPlan Corp Wt Exp 10082025,NYSE,Stock,Active,
MPLT,MapLight Therapeutics Inc,NASDAQ,Stock,Active,
MPLX,MPLX LP,NYSE,Stock,Active,
MPRA,Mercato Partners Acquisition Corp - Class A,NASDAQ,Stock,Active,
MPRAU,Mercato Partners Acquisition Corp - Units (1 Ord Class A & 1/2 War),NASDAQ,Stock,Active,
MPRAW,Mercato Partners Acquisition Corp - Warrants - (29/10/2026),NASDAQ,Stock,Active,
MPRO,MONARCH PROCAP INDEX ETF,BATS,ETF,Active,
MPT,Medical Properties Trust Inc,NYSE,Stock,Active,
MPTI,M-tron Industries Inc,NYSE MKT,Stock,Active,
MPTI-R,Mtron Industries Inc Rights expiring April 15 2026 Rights,AMEX,Stock,Active,
MPTI-R-W,Mtron Industries Inc Rights expiring April 15 2026 Rights when issued,AMEX,Stock,Active,
MPTI-WS,Mtron Industries Inc Warrants to Purchase Shares of Common Stock Expiring on or before April 25 2028,AMEX,Stock,Active,
MPU,Mega Matrix Inc - Class A,NYSE MKT,Stock,Active,
MPV,Barings Participation Investors,NYSE,ETF,Active,
MPWR,Monolithic Power System Inc,NASDAQ,Stock,Active,
MPWX,Tradr 2X Long MPWR Daily,BATS,Stock,Active,
MQ,Marqeta Inc - Class A,NASDAQ,Stock,Active,
MQQQ,TRADR 2X LONG INNOVATION 100 MONTHLY ETF,NASDAQ,ETF,Active,
MQT,BlackRock MuniYield Quality Fund II Inc,NYSE,ETF,Active,
MQY,BlackRock MuniYield Quality Fund Inc,NYSE,ETF,Active,
MRAL,GRANITESHARES 2X LONG MARA DAILY ETF,NASDAQ,ETF,Active,
MRAM,Everspin Technologies Inc,NASDAQ,Stock,Active,
MRBK,Meridian Corp,NASDAQ,Stock,Active,
MRCP,PGIM S&P 500 BUFFER 12 ETF - MARCH,BATS,ETF,Active,
MRCY,Mercury Systems Inc,NASDAQ,Stock,Active,
MRDB-WS,MariaDB plc Warrants each whole warrant exercisable for one Ordinary Share at an exercise price of 11.50 per share,NYSE,Stock,Active,
MRDN,Golden Matrix Group Inc,NASDAQ,Stock,Active,
MREO,Mereo Biopharma Group Plc,NASDAQ,Stock,Active,
MRGR,PROSHARES MERGER ETF,BATS,ETF,Active,
MRGR:BAT,ProShares Merger ETF,BATS,ETF,Active,
MRIN,Marin Software Inc,NASDAQ,Stock,Active,
MRK,Merck & Co Inc,NYSE,Stock,Active,
MRKR,Marker Therapeutics Inc,NASDAQ,Stock,Active,
MRLN,Marlin Business Services Corp,NASDAQ,Stock,Active,
MRM,MEDIROM Healthcare Technologies Inc,NASDAQ,Stock,Active,
MRNA,Moderna Inc,NASDAQ,Stock,Active,
MRNO,Murano Global Investments PLC - Class A,NASDAQ,Stock,Active,
MRNOW,Murano Global Investments PLC - Warrants (20/03/2029),NASDAQ,Stock,Active,
MRNX,DEFIANCE DAILY TARGET 2X ETF,NYSE ARCA,ETF,Active,
MRNY,YIELDMAX(R) MRNA OPTION INCOME STRATEGY ETF,NYSE ARCA,ETF,Active,
MRP,Millrose Properties Inc Class A,NYSE,Stock,Active,
MRP-W,Millrose Properties Inc Class A WhenIssued,NYSE,Stock,Active,
MRSH,Marsh & McLennan Cos. Inc,NYSE,Stock,Active,
MRSK,TOEWS AGILITY SHARES MANAGED RISK ETF,NYSE ARCA,ETF,Active,
MRT,MedEquities Realty Trust Inc,NYSE MKT,Stock,Active,
MRT-WS,Marti Technologies Inc Wt Exp,AMEX,Stock,Active,
MRTN,Marten Transport Ltd,NASDAQ,Stock,Active,
MRVI,Maravai LifeSciences Holdings Inc - Class A,NASDAQ,Stock,Active,
MRVL,Marvell Technology Inc,NASDAQ,Stock,Active,
MRVU,Direxion Daily MRVL Bull 2X ETF,NASDAQ,ETF,Active,
MRX,Marex Group Plc,NASDAQ,Stock,Active,
MS,Morgan Stanley,NYSE,Stock,Active,
MS-P-A,Morgan Stanley,NYSE,Stock,Active,
MS-P-E,Morgan Stanley,NYSE,Stock,Active,
MS-P-F,Morgan Stanley,NYSE,Stock,Active,
MS-P-I,Morgan Stanley,NYSE,Stock,Active,
MS-P-K,Morgan Stanley,NYSE,Stock,Active,
MS-P-L,Morgan Stanley,NYSE,Stock,Active,
MS-P-P,Morgan Stanley,NYSE,Stock,Active,
MSA,MSA Safety Inc,NYSE,Stock,Active,
MSAI,MultiSensor AI Holdings Inc,NASDAQ,Stock,Active,
MSAIW,MultiSensor AI Holdings Inc - Warrants - (19/12/2028),NASDAQ,Stock,Active,
MSB,Mesabi Trust,NYSE,Stock,Active,
MSBI,Midland States Bancorp Inc,NASDAQ,Stock,Active,
MSBIP,Midland States Bancorp Inc,NASDAQ,Stock,Active,
MSBT,Morgan Stanley Bitcoin Trust,NYSE ARCA,Stock,Active,
MSC,Studio City International Holdings Ltd,NYSE,Stock,Active,
MSCI,MSCI Inc,NYSE,Stock,Active,
MSD,Morgan Stanley Emerging Markets Debt Fund Inc,NYSE,ETF,Active,
MSDD,GRANITESHARES 2X SHORT MSTR DAILY ETF,NASDAQ,ETF,Active,
MSDL,Morgan Stanley Direct Lending Fund,NYSE,Stock,Active,
MSEX,Middlesex Water Company,NASDAQ,Stock,Active,
MSFD,DIREXION DAILY MSFT BEAR 1X SHARES,NASDAQ,ETF,Active,
MSFL,GRANITESHARES 2X LONG MSFT DAILY ETF,NASDAQ,ETF,Active,
MSFO,YIELDMAX(R) MSFT OPTION INCOME STRATEGY ETF,NYSE ARCA,ETF,Active,
MSFT,Microsoft Corporation,NASDAQ,Stock,Active,
MSFU,DIREXION DAILY MSFT BULL 2X SHARES,NASDAQ,ETF,Active,
MSFW,ROUNDHILL MSFT WEEKLYPAY ETF,BATS,ETF,Active,
MSFX,T-REX 2X LONG MICROSOFT DAILY TARGET ETF,BATS,ETF,Active,
MSFY,Kurv Yield Premium Strategy Microsoft (MSFT) ETF,BATS,ETF,Active,
MSGE,Madison Square Garden Entertainment Corp - Class A,NYSE,Stock,Active,
MSGM,Motorsport Games Inc - Class A,NASDAQ,Stock,Active,
MSGS,Madison Square Garden Sports Corp - Class A,NYSE,Stock,Active,
MSGY,Masonglory Ltd,NASDAQ,Stock,Active,
MSI,Motorola Solutions Inc,NYSE,Stock,Active,
MSIF,MSC Income Fund Inc,NYSE,Stock,Active,
MSII,REX MSTR GROWTH & INCOME ETF,BATS,ETF,Active,
MSLC,MORGAN STANLEY PATHWAY LARGE CAP EQUITY ETF,NYSE ARCA,ETF,Active,
MSLE,Satellos Bioscience Inc,NASDAQ,Stock,Active,
MSM,MSC Industrial Direct Co. Inc - Class A,NYSE,Stock,Active,
MSMR,MCELHENNY SHEFFIELD MANAGED RISK ETF,BATS,ETF,Active,
MSN,Emerson Radio Corp,NYSE MKT,Stock,Active,
MSOO,LEVERAGE SHARES 2X CAPPED ACCELERATED MSTR MONTHLY ETF,BATS,ETF,Active,
MSOS,ADVISORSHARES PURE US CANNABIS ETF,NYSE ARCA,ETF,Active,
MSOX,ADVISORSHARES MSOS DAILY LEVERAGED ETF,NYSE ARCA,ETF,Active,
MSR,MSR EXPLORATION LTD,NYSE,Stock,Active,
MSS,Maison Solutions Inc - Class A,NASDAQ,Stock,Active,
MSSM,MORGAN STANLEY PATHWAY SMALL-MID CAP EQUITY ETF,NYSE ARCA,ETF,Active,
MSSS,MONARCH SELECT SUBSECTOR INDEX ETF,BATS,ETF,Active,
MSST,YieldMax MSTR Performance & Distribution Target 25 ETF,BATS,ETF,Active,
MSTB,LHA MARKET STATE TACTICAL BETA ETF,BATS,ETF,Active,
MSTI,MADISON SHORT-TERM STRATEGIC INCOME ETF,NYSE ARCA,ETF,Active,
MSTK,Tuttle Capital MSTR 0DTE Covered Call ETF,BATS,ETF,Active,
MSTP,GRANITESHARES 2X LONG MSTR DAILY ETF,NASDAQ,ETF,Active,
MSTQ,LHA MARKET STATE TACTICAL Q ETF,BATS,ETF,Active,
MSTR,Microstrategy Inc - Class A,NASDAQ,Stock,Active,
MSTU,T-REX 2X LONG MSTR DAILY TARGET ETF,BATS,ETF,Active,
MSTW,ROUNDHILL MSTR WEEKLYPAY ETF,BATS,ETF,Active,
MSTX,Defiance Daily Target 2x Long MSTR ETF,NASDAQ,ETF,Active,
MSTY,YIELDMAX(R) MSTR OPTION INCOME STRATEGY ETF,NYSE ARCA,ETF,Active,
MSTZ,T-REX 2X INVERSE MSTR DAILY TARGET ETF,BATS,ETF,Active,
MSW,Ming Shing Group Holdings Ltd,NASDAQ,Stock,Active,
MT,ArcelorMittal,NYSE,Stock,Active,
MTA,Metalla Royalty and Streaming Ltd,NYSE MKT,Stock,Active,
MTAC,MedTech Acquisition Corp - Class A,NASDAQ,Stock,Active,
MTAL,MAC Copper Ltd,NYSE,Stock,Active,
MTB,M & T Bank Corp,NYSE,Stock,Active,
MTB-P-H,M & T Bank Corp,NYSE,Stock,Active,
MTBA,SIMPLIFY MBS ETF,NYSE ARCA,ETF,Active,
MTC,Mmtec Inc,NASDAQ,Stock,Active,
MTCH,Match Group Inc - New,NASDAQ,Stock,Active,
MTCR,Metacrine Inc,NASDAQ,Stock,Active,
MTD,Mettler-Toledo International Inc,NYSE,Stock,Active,
MTDR,Matador Resources Company,NYSE,Stock,Active,
MTEK,Maris Tech Ltd,NASDAQ,Stock,Active,
MTEKW,Maris Tech Ltd - Warrant (06/01/2027),NASDAQ,Stock,Active,
MTEN,Mingteng International Corporation Inc,NASDAQ,Stock,Active,
MTEST,nan,NYSE,Stock,Active,
MTEST-A,nan,NYSE,Stock,Active,
MTEX,Mannatech Inc,NASDAQ,Stock,Active,
MTG,MGIC Investment Corp,NYSE,Stock,Active,
MTGP,WISDOMTREE MORTGAGE PLUS BOND FUND,NYSE ARCA,ETF,Active,
MTH,Meritage Homes Corp,NYSE,Stock,Active,
MTLS,Materialise Nv,NASDAQ,Stock,Active,
MTN,Vail Resorts Inc,NYSE,Stock,Active,
MTNB,Matinas Biopharma Holdings Inc,NYSE MKT,Stock,Active,
MTNE-U,CH4 Natural Solutions Corp - Units (1 Ord Share Class A & 1/4 War),NYSE,Stock,Active,
MTR,Mesa Royalty Trust,NYSE,Stock,Active,
MTRA,INVESCO INTERNATIONAL GROWTH FOCUS ETF,BATS,ETF,Active,
MTRN,Materion Corp,NYSE,Stock,Active,
MTRX,Matrix Service Company,NASDAQ,Stock,Active,
MTSC:BAT,MTS Systems Corporation,NASDAQ,Stock,Active,
MTSI,MACOM Technology Solutions Holdings Inc,NASDAQ,Stock,Active,
MTUL,UBS AG London Branch,NYSE ARCA,Stock,Active,
MTUM,ISHARES MSCI USA MOMENTUM FACTOR ETF,BATS,ETF,Active,
MTUS,TimkenSteel Corp,NYSE,Stock,Active,
MTVA,MetaVia Inc,NASDAQ,Stock,Active,
MTW,Manitowoc Co. Inc,NYSE,Stock,Active,
MTX,Minerals Technologies Inc,NYSE,Stock,Active,
MTZ,Mastec Inc,NYSE,Stock,Active,
MU,Micron Technology Inc,NASDAQ,Stock,Active,
MUA,BlackRock Muniassets Fund Inc,NYSE,ETF,Active,
MUB,ISHARES NATIONAL MUNI BOND ETF,NYSE ARCA,ETF,Active,
MUC,BlackRock MuniHoldings California Quality Fund Inc,NYSE,ETF,Active,
MUD,Direxion Daily MU Bear 1X Shares,NASDAQ,ETF,Active,
MUE,BlackRock MuniHoldings Quality Fund II Inc,NYSE,ETF,Active,
MUFG,Mitsubishi UFJ Financial Group Inc,NYSE,Stock,Active,
MUI,BlackRock Municipal Income Fund Inc,NYSE,ETF,Active,
MUJ,BlackRock MuniHoldings New Jersey Quality Fund Inc,NYSE,ETF,Active,
MULL,GRANITESHARES 2X LONG MU DAILY ETF,NASDAQ,ETF,Active,
MULT,Franklin Multisector Income ETF,NASDAQ,ETF,Active,
MUNA,Northern Trust 2030 TaxExempt Distributing Ladder ETF,NYSE ARCA,ETF,Active,
MUNB,Northern Trust 2035 TaxExempt Distributing Ladder ETF,NYSE ARCA,ETF,Active,
MUNC,Northern Trust 2045 TaxExempt Distributing Ladder ETF,NYSE ARCA,ETF,Active,
MUND,Northern Trust 2055 TaxExempt Distributing Ladder ETF,NYSE ARCA,ETF,Active,
MUNI,PIMCO INTERMEDIATE MUNICIPAL BOND ACTIVE EXCHANGE-TRADED FUND,NYSE ARCA,ETF,Active,
MUNI:BAT,PIMCO Intermediate Municipal Bond Strategy Fund,NYSE ARCA,Stock,Active,
MUNX,AMG GW&K Muni Income ETF,NYSE ARCA,ETF,Active,
MUNY,Vanguard New York TaxExempt Bond ETF,BATS,ETF,Active,
MUR,Murphy Oil Corp,NYSE,Stock,Active,
MURFW,Murphy Canyon Acquisition Corp - Warrants (25/01/2027),NASDAQ,Stock,Active,
MUSA,Murphy USA Inc,NYSE,Stock,Active,
MUSE,nan,NYSE,Stock,Active,
MUSI,AMERICAN CENTURY MULTISECTOR INCOME ETF,NYSE ARCA,ETF,Active,
MUSQ,MUSQ GLOBAL MUSIC INDUSTRY INDEX ETF,NYSE ARCA,ETF,Active,
MUST,COLUMBIA MULTI-SECTOR MUNICIPAL INCOME ETF,NYSE ARCA,ETF,Active,
MUU,DIREXION DAILY MU BULL 2X SHARES,NASDAQ,ETF,Active,
MUX,McEwen Mining Inc,NYSE,Stock,Active,
MUZE,MUSE TECHNOLOGIES INC,NASDAQ,Stock,Active,
MUZEU,Muzero Acquisition Corp - Units (1 Ord Cls A & 1/2 War),NASDAQ,Stock,Active,
MUZEW,Muzero Acquisition Corp - Warrants (30/01/2031),NASDAQ,Stock,Active,
MVAL,VANECK MORNINGSTAR WIDE MOAT VALUE ETF,BATS,ETF,Active,
MVBF,MVB Financial Corp,NASDAQ,Stock,Active,
MVF,BlackRock MuniVest Fund Inc,NYSE,ETF,Active,
MVFD,MONARCH VOLUME FACTOR DIVIDEND TREE INDEX ETF,BATS,ETF,Active,
MVFG,MONARCH VOLUME FACTOR GLOBAL UNCONSTRAINED INDEX ETF,BATS,ETF,Active,
MVIS,Microvision Inc,NASDAQ,Stock,Active,
MVLL,GRANITESHARES 2X LONG MRVL DAILY ETF,NASDAQ,ETF,Active,
MVO,MV Oil Trust,NYSE,Stock,Active,
MVPA,MILLER VALUE PARTNERS APPRECIATION ETF,NYSE ARCA,ETF,Active,
MVPL,MILLER VALUE PARTNERS LEVERAGE ETF,NYSE ARCA,ETF,Active,
MVRK,Maverick Lifestyle Inc - Class A,NASDAQ,Stock,Active,
MVRL,UBS AG London Branch,NYSE ARCA,Stock,Active,
MVST,Microvast Holdings Inc,NASDAQ,Stock,Active,
MVSTW,Microvast Holdings Inc - Warrants (23/07/2026),NASDAQ,Stock,Active,
MVT,BlackRock Munivest Fund II Inc,NYSE,ETF,Active,
MVV,PROSHARES ULTRA MIDCAP400,NYSE ARCA,ETF,Active,
MWA,Mueller Water Products Inc - Series A,NYSE,Stock,Active,
MWC,Micware Co. Ltd,NASDAQ,Stock,Active,
MWG,Multi Ways Holdings Ltd - Class A,NYSE MKT,Stock,Active,
MWH,SOLV Energy Inc - Class A,NASDAQ,Stock,Active,
MWYN,Marwynn Holdings Inc,NASDAQ,Stock,Active,
MX,MagnaChip Semiconductor Corp,NYSE,Stock,Active,
MXC,Mexco Energy Corp,NYSE MKT,Stock,Active,
MXCT,MaxCyte Inc,NASDAQ,Stock,Active,
MXE,Mexico Equity And Income Fund Inc,NYSE,ETF,Active,
MXF,Mexico Fund Inc,NYSE,ETF,Active,
MXI,iShares Global Materials ETF,NYSE ARCA,ETF,Active,
MXI:BAT,iShares Global Materials ETF,NYSE ARCA,ETF,Active,
MXL,MaxLinear Inc,NASDAQ,Stock,Active,
MYCF,SPDR SSGA My2026 Corporate Bond ETF,NASDAQ,ETF,Active,
MYCG,SPDR SSGA My2027 Corporate Bond ETF,NASDAQ,ETF,Active,
MYCH,SPDR SSGA My2028 Corporate Bond ETF,NASDAQ,ETF,Active,
MYCI,SPDR SSGA My2029 Corporate Bond ETF,NASDAQ,ETF,Active,
MYCJ,SPDR SSGA My2030 Corporate Bond ETF,NASDAQ,ETF,Active,
MYCK,SPDR SSGA My2031 Corporate Bond ETF,NASDAQ,ETF,Active,
MYCL,SPDR SSGA My2032 Corporate Bond ETF,NASDAQ,ETF,Active,
MYCM,SPDR SSGA My2033 Corporate Bond ETF,NASDAQ,ETF,Active,
MYCN,SPDR SSGA My2034 Corporate Bond ETF,NASDAQ,ETF,Active,
MYD,BlackRock MuniYield Fund Inc,NYSE,ETF,Active,
MYE,Myers Industries Inc,NYSE,Stock,Active,
MYFW,First Western Financial Inc,NASDAQ,Stock,Active,
MYGN,Myriad Genetics Inc,NASDAQ,Stock,Active,
MYHB,State Street My2028 High Yield Corporate Bond ETF,NASDAQ,ETF,Active,
MYHC,State Street My2029 High Yield Corporate Bond ETF,NASDAQ,ETF,Active,
MYHD,State Street My2030 High Yield Corporate Bond ETF,NASDAQ,ETF,Active,
MYHE,State Street My2031 High Yield Corporate Bond ETF,NASDAQ,ETF,Active,
MYI,BlackRock MuniYield Quality Fund III Inc,NYSE,ETF,Active,
MYLD,CAMBRIA MICRO AND SMALLCAP SHAREHOLDER YIELD ETF,BATS,ETF,Active,
MYMF,SPDR SSGA My2026 Municipal Bond ETF,NASDAQ,ETF,Active,
MYMG,SPDR SSGA My2027 Municipal Bond ETF,NASDAQ,ETF,Active,
MYMH,SPDR SSGA My2028 Municipal Bond ETF,NASDAQ,ETF,Active,
MYMI,SPDR SSGA My2029 Municipal Bond ETF,NASDAQ,ETF,Active,
MYMJ,SPDR SSGA My2030 Municipal Bond ETF,NASDAQ,ETF,Active,
MYMK,SPDR SSGA My2031 Municipal Bond ETF,NASDAQ,ETF,Active,
MYN,BlackRock MuniYield New York Quality Fund Inc,NYSE,ETF,Active,
MYND,Mynd.ai Inc,NYSE MKT,Stock,Active,
MYO,Myomo Inc,NYSE MKT,Stock,Active,
MYPS,PLAYSTUDIOS Inc - Class A,NASDAQ,Stock,Active,
MYPSW,PLAYSTUDIOS Inc Warrant,NASDAQ,Stock,Active,
MYRG,MYR Group Inc,NASDAQ,Stock,Active,
MYSE,Myseum Inc,NASDAQ,Stock,Active,
MYSEW,Myseum Inc - Warrants - Series A (13/08/2024),NASDAQ,Stock,Active,
MYSZ,My Size Inc,NASDAQ,Stock,Active,
MYXXR,Maywood Acquisition Corp 2 Rights,NASDAQ,Stock,Active,
MYXXU,Maywood Acquisition Corp 2 - Units (1 Ord Cls A & 1 Rts),NASDAQ,Stock,Active,
MYXXW,Maywood Acquisition Corp 2 Warrants,NASDAQ,Stock,Active,
MYY,PROSHARES SHORT MIDCAP400,NYSE ARCA,ETF,Active,
MZTI,The Marzetti Company,NASDAQ,Stock,Active,
MZYX,MOZAYYX Acquisition Corp - Class A,NYSE,Stock,Active,
MZYX-U,MOZAYYX Acquisition Corp - Units (1 Ord Cls A & 1/4 War),NYSE,Stock,Active,
MZYX-WS,MOZAYYX Acquisition Corp - Warrants(01/01/9999),NYSE,Stock,Active,
MZZ,PROSHARES ULTRASHORT MIDCAP400,NYSE ARCA,ETF,Active,
NAN,Nano Labs Ltd,NASDAQ,Stock,Active,
NAACU,North Atlantic Acquisition Corp - Units (1 Ord Share Class A & 1/3 War),NASDAQ,Stock,Active,
NAAS,Naas Technology Inc,NASDAQ,Stock,Active,
NABL,N-able Inc,NYSE,Stock,Active,
NAC,Nuveen California Quality Municipal Income Fund,NYSE,ETF,Active,
NACP,IMPACT SHARES NAACP MINORITY EMPOWERMENT ETF,NYSE ARCA,ETF,Active,
NAD,Nuveen Quality Municipal Income Fund,NYSE,ETF,Active,
NAGE,Niagen Bioscience Inc,NASDAQ,Stock,Active,
NAII,Natural Alternatives International Inc,NASDAQ,Stock,Active,
NAIL,DIREXION DAILY HOMEBUILDERS & SUPPLIES BULL 3X SHARES,NYSE ARCA,ETF,Active,
NAK,Northern Dynasty Minerals Ltd,NYSE MKT,Stock,Active,
NAKA,Nakamoto Inc,NASDAQ,Stock,Active,
NAKAW,Kindly MD Inc - Warrants (31/05/2029),NASDAQ,Stock,Active,
NAMI,Jinxin Technology Holding Company,NASDAQ,Stock,Active,
NAMM,Namib Minerals.,NASDAQ,Stock,Active,
NAMMW,Namib Minerals Warrants,NASDAQ,Stock,Active,
NAMS,NewAmsterdam Pharma Company NV,NASDAQ,Stock,Active,
NAMSW,NewAmsterdam Pharma Company NV - Warrants (15/11/2027),NASDAQ,Stock,Active,
NANC,UNUSUAL WHALES SUBVERSIVE DEMOCRATIC TRADING ETF,BATS,ETF,Active,
NANR,SPDR S&P NORTH AMERICAN NATURAL RESOURCES ETF,NYSE ARCA,ETF,Active,
NAPR,Innovator Growth-100 Power Buffer ETF - April,BATS,ETF,Active,
NAT,Nordic American Tankers Ltd,NYSE,Stock,Active,
NATH,Nathan`s Famous Inc,NASDAQ,Stock,Active,
NATL,National Interstate Corp,NASDAQ,Stock,Active,
NATL-W,NCR Atleos Corporation WhenIssued,NYSE,Stock,Active,
NATO,THEMES TRANSATLANTIC DEFENSE ETF,NASDAQ,ETF,Active,
NATR,Nature`s Sunshine Products Inc,NASDAQ,Stock,Active,
NAUG,Innovator Growth-100 Power Buffer ETF - August,BATS,ETF,Active,
NAUT,Nautilus Biotechnology Inc,NASDAQ,Stock,Active,
NAVI,Navient Corp,NASDAQ,Stock,Active,
NAVN,Navan Inc - Class A,NASDAQ,Stock,Active,
NAZ,Nuveen Arizona Quality Municipal Income Fund,NYSE,ETF,Active,
NB,NioCorp Developments Ltd,NASDAQ,Stock,Active,
NBB,Nuveen Taxable Municipal Income Fund,NYSE,ETF,Active,
NBBK,NB Bancorp Inc,NASDAQ,Stock,Active,
NBCE,NEUBERGER BERMAN CHINA EQUITY ETF,NYSE ARCA,ETF,Active,
NBCM,NEUBERGER BERMAN COMMODITY STRATEGY ETF,NYSE ARCA,ETF,Active,
NBCR,NEUBERGER BERMAN CORE EQUITY ETF,NYSE ARCA,ETF,Active,
NBDS,NEUBERGER BERMAN DISRUPTERS ETF,NYSE ARCA,ETF,Active,
NBET,NEUBERGER BERMAN ENERGY TRANSITION & INFRASTRUCTURE ETF,NYSE ARCA,ETF,Active,
NBFC,NEUBERGER BERMAN FLEXIBLE CREDIT INCOME ETF,NYSE ARCA,ETF,Active,
NBFR,Innovator Nasdaq100 Managed 10 Buffer,NYSE ARCA,Stock,Active,
NBGX,NEUBERGER BERMAN GROWTH ETF,NYSE ARCA,ETF,Active,
NBH,Neuberger Berman Municipal Fund Inc,NYSE MKT,ETF,Active,
NBHC,National Bank Holdings Corp - Class A,NYSE,Stock,Active,
NBIE,Neuberger International Core Equity,NYSE ARCA,Stock,Active,
NBIG,LEVERAGE SHARES 2X LONG NBIS DAILY ETF,NASDAQ,ETF,Active,
NBIL,GraniteShares 2x Long NBIS Daily ETF,NASDAQ,ETF,Active,
NBIS,Nebius Group N.V. - Class A,NASDAQ,Stock,Active,
NBIX,Neurocrine Biosciences Inc,NASDAQ,Stock,Active,
NBIZ,Tradr 2X Short NBIS Daily ETF,BATS,ETF,Active,
NBJP,NEUBERGER BERMAN JAPAN EQUITY ETF,NYSE ARCA,ETF,Active,
NBL:BAT,Noble Energy Inc,NASDAQ,Stock,Active,
NBN,Northeast Bank,NASDAQ,Stock,Active,
NBO,Neuberger Berman New York Municipal Fund Inc,NYSE MKT,ETF,Active,
NBOS,NEUBERGER BERMAN OPTION STRATEGY ETF,NYSE ARCA,ETF,Active,
NBP,NovaBridge Biosciences.,NASDAQ,Stock,Active,
NBR,Nabors Industries Ltd,NYSE,Stock,Active,
NBRG,Newbridge Acquisition Ltd,NASDAQ,Stock,Active,
NBRGR,Newbridge Acquisition Ltd Rights,NASDAQ,Stock,Active,
NBRGU,Newbridge Acquisition Ltd - Units (1 Ord Cls A & 1 Rts),NASDAQ,Stock,Active,
NBSD,NEUBERGER BERMAN SHORT DURATION INCOME ETF,NYSE ARCA,ETF,Active,
NBSM,NEUBERGER BERMAN SMALL-MID CAP ETF,NYSE ARCA,ETF,Active,
NBTB,NBT Bancorp. Inc,NASDAQ,Stock,Active,
NBTR,NEUBERGER BERMAN TOTAL RETURN BOND ETF,NYSE ARCA,ETF,Active,
NBTX,Nanobiotix,NASDAQ,Stock,Active,
NBW,Neuberger Berman California Municipal Fund Inc,NYSE MKT,ETF,Active,
NBXG,Neuberger Berman Next Generation Connectivity Fund Inc,NYSE,Stock,Active,
NC,Nacco Industries Inc - Class A,NYSE,Stock,Active,
NCA,Nuveen California Municipal Value Fund.,NYSE,ETF,Active,
NCDL,Nuveen Churchill Direct Lending Corp,NYSE,Stock,Active,
NCEL,NLS Pharmaceutics Ltd,NASDAQ,Stock,Active,
NCEW,New Century Logistics (BVI) Ltd,NASDAQ,Stock,Active,
NCI,Neo Concept International Group Holdings Ltd,NASDAQ,Stock,Active,
NCIQ,Hashdex Nasdaq Crypto Index US ETF,NASDAQ,ETF,Active,
NCL,Northann Corp,NYSE MKT,Stock,Active,
NCLH,Norwegian Cruise Line Holdings Ltd,NYSE,Stock,Active,
NCMI,National Cinemedia Inc,NASDAQ,Stock,Active,
NCNA,NuCana plc,NASDAQ,Stock,Active,
NCNO,Ncino Inc,NASDAQ,Stock,Active,
NCPB,NUVEEN CORE PLUS BOND ETF,NASDAQ,ETF,Active,
NCPL,Netcapital Inc,NASDAQ,Stock,Active,
NCPLW,Netcapital Inc - Warrants(05/07/2027),NASDAQ,Stock,Active,
NCRA,Nocera Inc,NASDAQ,Stock,Active,
NCSM,NCS Multistage Holdings Inc,NASDAQ,Stock,Active,
NCT,Intercont (Cayman) Ltd,NASDAQ,Stock,Active,
NCTY,The9 Ltd,NASDAQ,Stock,Active,
NCV,Virtus Convertible & Income Fund,NYSE,ETF,Active,
NCV-P-A,Virtus Convertible & Income Fund,NYSE,Stock,Active,
NCZ,Virtus Convertible & Income Fund II,NYSE,ETF,Active,
NCZ-P-A,Virtus Convertible & Income Fund II,NYSE,Stock,Active,
NDAA,NED DAVIS RESEARCH 360 DYNAMIC ALLOCATION ETF,NASDAQ,ETF,Active,
NDAC,NightDragon Acquisition Corp - Class A,NASDAQ,Stock,Active,
NDACU,NightDragon Acquisition Corp - Units (1 Ord Share Class A & 1/5 War),NASDAQ,Stock,Active,
NDACW,NightDragon Acquisition Corp - Warrants (26/02/2026),NASDAQ,Stock,Active,
NDAQ,Nasdaq Inc - 144A,NASDAQ,Stock,Active,
NDEC,Innovator Growth100 Power Buffer ETF December,BATS,ETF,Active,
NDIA,GLOBAL X INDIA ACTIVE ETF,NYSE ARCA,ETF,Active,
NDIV,Amplify Natural Resources Dividend Income ETF,NYSE ARCA,ETF,Active,
NDLS,Noodles & Company - Class A,NASDAQ,Stock,Active,
NDMO,Nuveen Dynamic Municipal Opportunities Fund,NYSE,Stock,Active,
NDOW,ANYDRUS ADVANTAGE ETF,BATS,ETF,Active,
NDP,Tortoise Energy Independence Fund Inc,NYSE,ETF,Active,
NDRA,ENDRA Life Sciences Inc,NASDAQ,Stock,Active,
NDSN,Nordson Corp,NASDAQ,Stock,Active,
NE,Noble Corp Plc - Class A,NYSE,Stock,Active,
NE-WS,Noble Corporation plc Tranche 1 Warrants,NYSE,Stock,Active,
NE-WS-A,Noble Corporation plc Tranche 2 Warrants,NYSE,Stock,Active,
NEA,Nuveen AMT-Free Quality Municipal Income Fund,NYSE,ETF,Active,
NEAR,ISHARES SHORT DURATION BOND ACTIVE ETF,BATS,ETF,Active,
NEBX,Tradr 2X Long NBIS Daily ETF,BATS,ETF,Active,
NECB,NorthEast Community Bancorp Inc,NASDAQ,Stock,Active,
NEE,NextEra Energy Inc,NYSE,Stock,Active,
NEE-P-Q,NextEra Energy Inc. Corporate Units,NYSE,Stock,Active,
NEE-P-R,NextEra Energy Inc Corporate Units expiring 09012019,NYSE,Stock,Active,
NEE-P-S,NextEra Energy Inc 7.299 Corporate Units,NYSE,Stock,Active,
NEE-P-T,NextEra Energy Inc 7.234 Corporate Units,NYSE,Stock,Active,
NEE-P-U,NextEra Energy Inc Series U Junior Subordinated Debentures due June 1 2085,NYSE,Stock,Active,
NEE-P-V,NextEra Energy Inc 7.375 Corporate Units,NYSE,Stock,Active,
NEE-P-W,NextEra Energy Capital Holdings Inc Series Z Junior Subordinated Debentures due April 15 2086,NYSE,Stock,Active,
NEEPN,NextEra Energy Capital Holdings Inc,NYSE,Stock,Active,
NEGG,Newegg Commerce Inc,NASDAQ,Stock,Active,
NEHCW,New Era Helium Inc Warrants,NASDAQ,Stock,Active,
NEHI,NEOS ETHEREUM HIGH INCOME ETF,BATS,ETF,Active,
NELS,Nelson Select ETF,BATS,ETF,Active,
NEM,Newmont Corp,NYSE,Stock,Active,
NEMG,Leverage Shares 2x Long NEM Daily ETF,NASDAQ,ETF,Active,
NEN,New England Realty Associates LP,NYSE MKT,Stock,Active,
NEO,Neogenomics Inc,NASDAQ,Stock,Active,
NEOG,Neogen Corp,NASDAQ,Stock,Active,
NEON,Neonode Inc,NASDAQ,Stock,Active,
NEOV,NeoVolta Inc,NASDAQ,Stock,Active,
NEOVW,NeoVolta Inc - Warrants(01/04/2027),NASDAQ,Stock,Active,
NEPH,Nephros Inc,NASDAQ,Stock,Active,
NERD,ROUNDHILL VIDEO GAMES ETF,BATS,ETF,Active,
NERV,Minerva Neurosciences Inc,NASDAQ,Stock,Active,
NESR,National Energy Services Reunited Corp,NASDAQ,Stock,Active,
NET,Cloudflare Inc - Class A,NYSE,Stock,Active,
NETG,NETGRAVITY INC,NASDAQ,Stock,Active,
NETL,NETLEASE CORPORATE REAL ESTATE ETF,NYSE ARCA,ETF,Active,
NETX,NETLOJIX COMMUNICATIONS INC,BATS,Stock,Active,
NEU,NewMarket Corp,NYSE,Stock,Active,
NEUP,Neuphoria Therapeutics Inc,NASDAQ,Stock,Active,
NEWP,New Pacific Metals Corp - New,NYSE MKT,Stock,Active,
NEWT,NewtekOne Inc,NASDAQ,Stock,Active,
NEWTG,NewtekOne Inc,NASDAQ,Stock,Active,
NEWTH,NewtekOne Inc,NASDAQ,Stock,Active,
NEWTI,NewtekOne Inc,NASDAQ,Stock,Active,
NEWTO,NewtekOne Inc 8.50 Fixed Rate Senior Notes due 2031,NASDAQ,Stock,Active,
NEWTZ,NewtekOne Inc,NASDAQ,Stock,Active,
NEWZ,STOCKSNIPS AI-POWERED SENTIMENT US ALL CAP ETF,NASDAQ,ETF,Active,
NEXA,Nexa Resources S.A.,NYSE,Stock,Active,
NEXM,NexMetals Mining Corp,NASDAQ,Stock,Active,
NEXN,Nexxen International Ltd,NASDAQ,Stock,Active,
NEXR,Nexera Technologies Ltd,NASDAQ,Stock,Active,
NEXRW,Nexera Technologies Ltd - Warrants (26/08/2027),NASDAQ,Stock,Active,
NEXT,NextDecade Corporation,NASDAQ,Stock,Active,
NFBK,Northfield Bancorp Inc,NASDAQ,Stock,Active,
NFE,New Fortress Energy Inc - Class A,NASDAQ,Stock,Active,
NFEB,Innovator Growth100 Power Buffer ETF February,BATS,ETF,Active,
NFG,National Fuel Gas Company,NYSE,Stock,Active,
NFGC,New Found Gold Corp,NYSE MKT,Stock,Active,
NFJ,Virtus AllianzGI Dividend Interest & Premium Strategy Fund,NYSE,ETF,Active,
NFLP,Kurv Yield Premium Strategy Netflix (NFLX) ETF,BATS,ETF,Active,
NFLT,VIRTUS NEWFLEET MULTI-SECTOR BOND ETF,NYSE ARCA,ETF,Active,
NFLU,T-REX 2X LONG NFLX DAILY TARGET ETF,BATS,ETF,Active,
NFLW,ROUNDHILL NFLX WEEKLYPAY ETF,BATS,ETF,Active,
NFLX,Netflix Inc,NASDAQ,Stock,Active,
NFLY,YIELDMAX(R) NFLX OPTION INCOME STRATEGY ETF,NYSE ARCA,ETF,Active,
NFRA,FLEXSHARES STOXX GLOBAL BROAD INFRASTRUCTURE INDEX FUND,NYSE ARCA,ETF,Active,
NFRX,Harrison Street Infrastructure Active ETF,NASDAQ,ETF,Active,
NFTY,FIRST TRUST INDIA NIFTY 50 EQUAL WEIGHT ETF,NASDAQ,ETF,Active,
NFXL,DIREXION DAILY NFLX BULL 2X SHARES,NASDAQ,ETF,Active,
NFXS,DIREXION DAILY NFLX BEAR 1X SHARES,NASDAQ,ETF,Active,
NFYS-U,Enphys Acquisition Corp Units each consisting of one Class A ordinary share and onehalf of one redeemable warrant,NYSE,Stock,Active,
NG,Novagold Resources Inc,NYSE MKT,Stock,Active,
NGEN,NANOGEN INC,NASDAQ,Stock,Active,
NGG,National Grid Plc,NYSE,Stock,Active,
NGIO,NuGenerex Immuno-Oncology Inc,NASDAQ,Stock,Active,
NGL,NGL Energy Partners LP,NYSE,Stock,Active,
NGL-P-B,NGL Energy Partners LP,NYSE,Stock,Active,
NGL-P-C,NGL ENERGY PARTNERS LP 9625 Class C FixedtoFloating Rate Cumulative Redeemable Perpetual Preferred Units representing limited partner interests,NYSE,Stock,Active,
NGNE,Neoleukin Therapeutics Inc,NASDAQ,Stock,Active,
NGS,Natural Gas Services Group Inc,NYSE,Stock,Active,
NGVC,Natural Grocers by Vitamin Cottage Inc,NYSE,Stock,Active,
NGVT,Ingevity Corp,NYSE,Stock,Active,
NHC,National Healthcare Corp,NYSE MKT,Stock,Active,
NHI,National Health Investors Inc,NYSE,Stock,Active,
NHIC,NewHold Investment Corp III - Class A,NASDAQ,Stock,Active,
NHICU,NewHold Investment Corp II - Units (1 Ord Share Class A & 1/2 War),NASDAQ,Stock,Active,
NHICW,NewHold Investment Corp III - Warrants (01/01/9999),NASDAQ,Stock,Active,
NHIVU,NewHold Investment Corp IV - Units (1 Ord Cls A & 1/3 War),NASDAQ,Stock,Active,
NHP,NATIONWIDE HEALTH PROPERTIES INC,NYSE,Stock,Active,
NHPAP,National Healthcare Properties Inc,NASDAQ,Stock,Active,
NHPBP,National Healthcare Properties Inc,NASDAQ,Stock,Active,
NHS,Neuberger Berman High Yield Strategies Fund,NYSE MKT,ETF,Active,
NHTC,Natural Health Trends Corp,NASDAQ,Stock,Active,
NHYB,Nuveen High Yield Corporate Bond ETF,NYSE ARCA,ETF,Active,
NHYM,Nuveen High Yield Municipal Income ETF,NYSE ARCA,ETF,Active,
NI,NiSource Inc,NYSE,Stock,Active,
NIC,Nicolet Bankshares Inc,NYSE,Stock,Active,
NICE,NICE Ltd,NASDAQ,Stock,Active,
NICM,Nicola Mining Inc,NASDAQ,Stock,Active,
NID,Nuveen Intermediate Duration Municipal Term Fund,NYSE,ETF,Active,
NIE,Virtus Equity & Convertible Income Fund,NYSE,ETF,Active,
NIHI,NEOS MSCI EAFE HIGH INCOME ETF,BATS,ETF,Active,
NIKL,Sprott Nickel Miners ETF,NASDAQ,ETF,Active,
NIM,Nuveen Select Maturities Municipal Fund,NYSE,ETF,Active,
NINE,Nine Energy Service Inc,NYSE,Stock,Active,
NIO,NIO Inc,NYSE,Stock,Active,
NIOBW,NioCorp Developments Ltd - Warrants (17/03/2028),NASDAQ,Stock,Active,
NIOG,Leverage Shares 2X Long NIO Daily ETF,NASDAQ,ETF,Active,
NIPG,NIP Group Inc,NASDAQ,Stock,Active,
NIQ,NIQ Global Intelligence plc,NYSE,Stock,Active,
NITE,THE NIGHTVIEW FUND,NYSE ARCA,ETF,Active,
NIU,Niu Technologies,NASDAQ,Stock,Active,
NIVF,NewGenIvf Group Ltd - Class A,NASDAQ,Stock,Active,
NIVFW,NewGenIvf Group Ltd - Warrants (03/04/2029),NASDAQ,Stock,Active,
NIXT,RESEARCH AFFILIATES DELETIONS ETF,NASDAQ,ETF,Active,
NIXX,Nixxy Inc,NASDAQ,Stock,Active,
NIXXW,Nixxy Inc - Warrants (15/06/2026),NASDAQ,Stock,Active,
NJAN,Innovator Growth-100 Power Buffer ETF - January,BATS,ETF,Active,
NJNK,Columbia U.S. High Yield ETF,NYSE ARCA,ETF,Active,
NJR,New Jersey Resources Corporation,NYSE,Stock,Active,
NJUL,Innovator Growth-100 Power Buffer ETF - July,BATS,ETF,Active,
NJUN,Innovator Growth-100 Power Buffer ETF - June,BATS,ETF,Active,
NKE,Nike Inc - Class B,NYSE,Stock,Active,
NKEL,AXS 2X NKE Bull Daily ETF,NASDAQ,ETF,Active,
NKEQ,AXS 2X NKE Bear Daily ETF,NASDAQ,ETF,Active,
NKG,Nuveen Georgia Quality Municipal Income Fund,NYSE,ETF,Active,
NKLR,Terra Innovatum Global N.V.,NASDAQ,Stock,Active,
NKSH,National Bankshares Inc,NASDAQ,Stock,Active,
NKTR,Nektar Therapeutics,NASDAQ,Stock,Active,
NKTX,Nkarta Inc,NASDAQ,Stock,Active,
NKX,Nuveen California AMT-Free Quality Municipal Income Fund,NYSE,ETF,Active,
NL,NL Industries Inc,NYSE,Stock,Active,
NLOP,Net Lease Office Properties,NYSE,Stock,Active,
NLOP-W,Net Lease Office Properties of Beneficial Interest WhenIssued,NYSE,Stock,Active,
NLR,VANECK URANIUM AND NUCLEAR ETF,NYSE ARCA,ETF,Active,
NLSI,NEOS LONG/SHORT EQUITY INCOME ETF,BATS,ETF,Active,
NLY,Annaly Capital Management Inc,NYSE,Stock,Active,
NLY-P-F,Annaly Capital Management Inc,NYSE,Stock,Active,
NLY-P-G,Annaly Capital Management Inc,NYSE,Stock,Active,
NLY-P-I,Annaly Capital Management Inc,NYSE,Stock,Active,
NMAI,Nuveen Multi-Asset Income Fund,NYSE,Stock,Active,
NMAR,Innovator Growth100 Power Buffer ETF March,BATS,ETF,Active,
NMAX,Newsmax Inc Class B,NYSE,Stock,Active,
NMAY,Innovator Growth100 Power Buffer ETF May,BATS,ETF,Active,
NMB,Simplify National Muni Bond ETF,NYSE ARCA,ETF,Active,
NMBL,Nimble Storage Inc,NYSE ARCA,Stock,Active,
NMCO,Nuveen Municipal Credit Opportunities Fund,NYSE,Stock,Active,
NMFC,New Mountain Finance Corp,NASDAQ,Stock,Active,
NMFCZ,New Mountain Finance Corp,NASDAQ,Stock,Active,
NMG,Nouveau Monde Graphite Inc,NYSE,Stock,Active,
NMI,Nuveen Municipal Income Fund,NYSE,ETF,Active,
NMIH,NMI Holdings Inc - Class A,NASDAQ,Stock,Active,
NML,Neuberger Berman Energy Infrastructure and Income Fund Inc,NYSE MKT,ETF,Active,
NMM,Navios Maritime Partners L.P.,NYSE,Stock,Active,
NMP,NMP Acquisition Corp - Class A,NASDAQ,Stock,Active,
NMPAR,NMP Acquisition Corp,NASDAQ,Stock,Active,
NMPAU,NMP Acquisition Corp - Units (1 Ord Cls A & 1 Rts),NASDAQ,Stock,Active,
NMR,Nomura Holdings Inc,NYSE,Stock,Active,
NMRA,Neumora Therapeutics Inc,NASDAQ,Stock,Active,
NMRK,Newmark Group Inc - Class A,NASDAQ,Stock,Active,
NMS,Nuveen Minnesota Quality Municipal Income Fund,NYSE,ETF,Active,
NMT,Nuveen Massachusetts Quality Municipal Income Fund,NYSE,ETF,Active,
NMTC,NeuroOne Medical Technologies Corp,NASDAQ,Stock,Active,
NMZ,Nuveen Municipal High Income Opportunity Fund,NYSE,ETF,Active,
NN,NextNav Inc,NASDAQ,Stock,Active,
NNAVW,NextNav Inc - Warrants (28/10/2026),NASDAQ,Stock,Active,
NNBR,NN Inc,NASDAQ,Stock,Active,
NNDM,Nano Dimension Ltd,NASDAQ,Stock,Active,
NNE,Nano Nuclear Energy Inc,NASDAQ,Stock,Active,
NNEX,Tradr 2X Long NNE Daily ETF,BATS,ETF,Active,
NNI,Nelnet Inc - Class A,NYSE,Stock,Active,
NNN,NNN REIT Inc,NYSE,Stock,Active,
NNNN,Anbio Biotechnology - Class A,NASDAQ,Stock,Active,
NNOV,Innovator Growth100 Power Buffer ETF November,BATS,ETF,Active,
NNOX,Nano X Imaging Ltd,NASDAQ,Stock,Active,
NNVC,NanoViricides Inc,NYSE MKT,Stock,Active,
NNY,Nuveen New York Municipal Value Fund,NYSE,ETF,Active,
NOA,North American Construction Group Ltd,NYSE,Stock,Active,
NOAC,Natural Order Acquisition Corp,NASDAQ,Stock,Active,
NOACU,Natural Order Acquisition Corp - Units (1 Ord & 1 War),NASDAQ,Stock,Active,
NOACW,Natural Order Acquisition Corp - Warrants (15/09/2025),NASDAQ,Stock,Active,
NOAH,Noah Holdings Ltd,NYSE,Stock,Active,
NOBL,PROSHARES S&P 500 DIVIDEND ARISTOCRATS ETF,BATS,ETF,Active,
NOC,Northrop Grumman Corp,NYSE,Stock,Active,
NOCT,Innovator Growth-100 Power Buffer ETF- October,BATS,ETF,Active,
NODK,NI Holdings Inc,NASDAQ,Stock,Active,
NOEM,CO2 Energy Transition Corp,NASDAQ,Stock,Active,
NOEMR,CO2 Energy Transition Corp,NASDAQ,Stock,Active,
NOEMU,CO2 Energy Transition Corp - Units (1 Ord1 War & 1 Rts),NASDAQ,Stock,Active,
NOEMW,CO2 Energy Transition Corp - Warrants(23/10/2029),NASDAQ,Stock,Active,
NOEQ,Northern Trust US Equity,NYSE ARCA,Stock,Active,
NOG,Northern Oil and Gas Inc,NYSE,Stock,Active,
NOK,Nokia Corp,NYSE,Stock,Active,
NOM,Nuveen Missouri Quality Municipal Income Fund,NYSE,ETF,Active,
NOMA,Nomadar Corp - Class A,NASDAQ,Stock,Active,
NOMD,Nomad Foods Ltd,NYSE,Stock,Active,
NORW,GLOBAL X MSCI NORWAY ETF,NYSE ARCA,ETF,Active,
NORW:BAT,Global X FTSE Nordic Region ETF,NYSE ARCA,ETF,Active,
NOTE-WS,FiscalNote Holdings Inc Warrants to purchase one share of Class A common stock each at an exercise price of 11.50 per share,NYSE,Stock,Active,
NOTV,Inotiv Inc,NASDAQ,Stock,Active,
NOV,NOV Inc,NYSE,Stock,Active,
NOVP,PGIM S&P 500 BUFFER 12 ETF - NOVEMBER,BATS,ETF,Active,
NOVT,Novanta Inc,NASDAQ,Stock,Active,
NOVV,Nova Vision Acquisition Corp,NASDAQ,Stock,Active,
NOVVR,Nova Vision Acquisition Corp,NASDAQ,Stock,Active,
NOVVU,Nova Vision Acquisition Corp - Unit (1 Ordinary share 1 Wrt & 1 Rts),NASDAQ,Stock,Active,
NOVVW,Nova Vision Acquisition Corp - Warrants (31/12/2028),NASDAQ,Stock,Active,
NOW,ServiceNow Inc,NYSE,Stock,Active,
NOWL,GRANITESHARES 2X LONG NOW DAILY ETF,NASDAQ,ETF,Active,
NP,Neptune Insurance Holdings Inc - Class A,NYSE,Stock,Active,
NPAC,New Providence Acquisition Corp III - Class A,NASDAQ,Stock,Active,
NPACU,New Providence Acquisition Corp III - Units (1 Ord Share Class A & 1/3 War),NASDAQ,Stock,Active,
NPACW,New Providence Acquisition Corp III - Warrants (24/04/2030),NASDAQ,Stock,Active,
NPB,Northpointe Bancshares Inc,NYSE,Stock,Active,
NPCE,NeuroPace Inc,NASDAQ,Stock,Active,
NPCT,Nuveen Core Plus Impact Fund,NYSE,Stock,Active,
NPFD,Nuveen Variable Rate Preferred & Income Fund,NYSE,Stock,Active,
NPFE,NPF Core Equity,BATS,Stock,Active,
NPFI,NUVEEN PREFERRED AND INCOME ETF,NASDAQ,ETF,Active,
NPK,National Presto Industries Inc,NYSE,Stock,Active,
NPKI,Newpark Resources Inc,NYSE,Stock,Active,
NPO,EnPro Industries Inc,NYSE,Stock,Active,
NPT,Texxon Holding Ltd,NASDAQ,Stock,Active,
NPV,Nuveen Virginia Quality Municipal Income Fund,NYSE,ETF,Active,
NPWR,NET Power Inc - Class A,NYSE,Stock,Active,
NPWR-WS,NET Power Inc Redeemable warrants each whole warrant exercisable for one share of Class A Common Stock at an exercise price of 11.50,NYSE,Stock,Active,
NQP,Nuveen Pennsylvania Quality Municipal Income Fund,NYSE,ETF,Active,
NRC,National Research Corp,NASDAQ,Stock,Active,
NRDS,Nerdwallet Inc - Class A,NASDAQ,Stock,Active,
NRDY,Nerdy Inc - Class A,NYSE,Stock,Active,
NREF,NexPoint Real Estate Finance Inc,NYSE,Stock,Active,
NREF-P-A,NexPoint Real Estate Finance Inc,NYSE,Stock,Active,
NRES,XTRACKERS RREEF GLOBAL NATURAL RESOURCES ETF,NASDAQ,ETF,Active,
NRG,NRG Energy Inc,NYSE,Stock,Active,
NRGD,Bank of Montreal,NYSE ARCA,Stock,Active,
NRGU,Bank of Montreal,NYSE ARCA,Stock,Active,
NRGV,Energy Vault Holdings Inc,NYSE,Stock,Active,
NRIM,Northrim Bancorp Inc,NASDAQ,Stock,Active,
NRIX,Nurix Therapeutics Inc,NASDAQ,Stock,Active,
NRK,Nuveen New York AMT-Free Quality Municipal Income Fund,NYSE,ETF,Active,
NRO,Neuberger Berman Real Estate Securities Income Fund Inc,NYSE MKT,ETF,Active,
NRO-R,Neuberger Berman Real Estate Securities Income Fund Inc Rights expiring February 19 2025 Rights,AMEX,Stock,Active,
NRO-R-W,Neuberger Berman Real Estate Securities Income Fund Inc Rights expiring February 19 2025 Rights when issued,AMEX,Stock,Active,
NRP,Natural Resource Partners LP,NYSE,Stock,Active,
NRSH,AZTLAN NORTH AMERICA NEARSHORING STOCK SELECTION ETF,NYSE ARCA,ETF,Active,
NRSN,NeuroSense Therapeutics Ltd,NASDAQ,Stock,Active,
NRSNW,NeuroSense Therapeutics Ltd - Warrants (09/11/2026),NASDAQ,Stock,Active,
NRT,North European Oil Royalty Trust,NYSE,Stock,Active,
NRUC,National Rural Utilities Coop Finance Corp,NYSE,Stock,Active,
NRXP,NRX Pharmaceuticals Inc,NASDAQ,Stock,Active,
NRXPW,NRX Pharmaceuticals Inc - Warrants (24/05/2026),NASDAQ,Stock,Active,
NRXS,Neuraxis Inc,NYSE MKT,Stock,Active,
NSA,National Storage Affiliates Trust,NYSE,Stock,Active,
NSA-P-A,National Storage Affiliates Trust,NYSE,Stock,Active,
NSA-P-B,National Storage Affiliates Trust,NYSE,Stock,Active,
NSC,Norfolk Southern Corp,NYSE,Stock,Active,
NSCI,Nuveen Securitized Income ETF,NYSE ARCA,ETF,Active,
NSEP,Innovator Growth-100 Power Buffer ETF - September,BATS,ETF,Active,
NSI,NATIONAL SECURITY EMERGING MARKETS INDEX ETF,NASDAQ,ETF,Active,
NSIT,Insight Enterprises Inc,NASDAQ,Stock,Active,
NSL,Nuveen Senior Income Fund,NYSE,ETF,Active,
NSP,Insperity Inc,NYSE,Stock,Active,
NSPL,NightShares 500 1x/1.5x ETF,NYSE ARCA,ETF,Active,
NSPR,InspireMD Inc,NASDAQ,Stock,Active,
NSRX,Nasus Pharma Ltd,NYSE MKT,Stock,Active,
NSSC,NAPCO Security Technologies Inc,NASDAQ,Stock,Active,
NSTS,NSTS Bancorp Inc,NASDAQ,Stock,Active,
NSYS,Nortech Systems Inc,NASDAQ,Stock,Active,
NTAP,Netapp Inc,NASDAQ,Stock,Active,
NTB,Bank of N T Butterfield & Son Ltd,NYSE,Stock,Active,
NTBL,Notable Labs Inc Ord,NASDAQ,Stock,Active,
NTCL,NetClass Technology Inc - Class A,NASDAQ,Stock,Active,
NTCT,Netscout Systems Inc,NASDAQ,Stock,Active,
NTES,NetEase Inc,NASDAQ,Stock,Active,
NTEST,NTEST,NYSE,Stock,Active,
NTEST-A,NTESTA,NYSE,Stock,Active,
NTEST-B,NTESTB,NYSE,Stock,Active,
NTEST-C,NTESTC,NYSE,Stock,Active,
NTEST-G,nan,NYSE,Stock,Active,
NTEST-H,nan,NYSE,Stock,Active,
NTEST-I,nan,NYSE,Stock,Active,
NTEST-J,nan,NYSE,Stock,Active,
NTEST-K,nan,NYSE,Stock,Active,
NTEST-L,nan,NYSE,Stock,Active,
NTEST-M,nan,NYSE,Stock,Active,
NTEST-N,nan,NYSE,Stock,Active,
NTEST-O,nan,NYSE,Stock,Active,
NTEST-P,nan,NYSE,Stock,Active,
NTEST-Q,nan,NYSE,Stock,Active,
NTEST-Y,nan,NYSE,Stock,Active,
NTEST-Z,nan,NYSE,Stock,Active,
NTG,Tortoise Midstream Energy Fund Inc,NYSE,ETF,Active,
NTGR,Netgear Inc,NASDAQ,Stock,Active,
NTHI,NeOnc Technologies Holdings Inc,NASDAQ,Stock,Active,
NTIC,Northern Technologies International Corp,NASDAQ,Stock,Active,
NTIP,Network-1 Technologies Inc,NYSE MKT,Stock,Active,
NTLA,Intellia Therapeutics Inc,NASDAQ,Stock,Active,
NTNX,Nutanix Inc - Class A,NASDAQ,Stock,Active,
NTR,Nutrien Ltd,NYSE,Stock,Active,
NTRA,Natera Inc,NASDAQ,Stock,Active,
NTRB,Nutriband Inc,NASDAQ,Stock,Active,
NTRBW,Nutriband Inc - Warrants (30/09/2026),NASDAQ,Stock,Active,
NTRP,Neurotrope Inc,NASDAQ,Stock,Active,
NTRS,Northern Trust Corp,NASDAQ,Stock,Active,
NTRSO,Northern Trust Corp,NASDAQ,Stock,Active,
NTSE,WISDOMTREE EMERGING MARKETS EFFICIENT CORE FUND,NYSE ARCA,ETF,Active,
NTSI,WISDOMTREE INTERNATIONAL EFFICIENT CORE FUND,NYSE ARCA,ETF,Active,
NTSK,Netskope Inc - Class A,NASDAQ,Stock,Active,
NTST,Netstreit Corp,NYSE,Stock,Active,
NTSX,WISDOMTREE U.S. EFFICIENT CORE FUND,NYSE ARCA,ETF,Active,
NTWK,Netsol Technologies Inc,NASDAQ,Stock,Active,
NTWO,nan,NASDAQ,Stock,Active,
NTWOU,Newbury Street II Acquisition Corp - Units (1 Ord Cls A & 1/2 War),NASDAQ,Stock,Active,
NTWOW,Newbury Street II Acquisition Corp Warrant,NASDAQ,Stock,Active,
NTZ,Natuzzi S.P.A.,NYSE,Stock,Active,
NU,Nu Holdings Ltd Class A,NYSE,Stock,Active,
NUAG,NUVEEN ENHANCED YIELD U.S. AGGREGATE BOND ETF,NYSE ARCA,ETF,Active,
NUAI,New Era Energy & Digital Inc,NASDAQ,Stock,Active,
NUAIW,New Era Energy & Digital Inc Warrants,NASDAQ,Stock,Active,
NUBD,NUVEEN ESG U.S. AGGREGATE BOND ETF,NYSE ARCA,ETF,Active,
NUCL,Eagle Nuclear Energy Corp,NASDAQ,Stock,Active,
NUCLW,Eagle Nuclear Energy Corp - Warrants (25/02/2031),NASDAQ,Stock,Active,
NUDM,NUVEEN ESG INTERNATIONAL DEVELOPED MARKETS EQUITY ETF,BATS,ETF,Active,
NUDV,NUVEEN ESG DIVIDEND ETF,BATS,ETF,Active,
NUE,Nucor Corp,NYSE,Stock,Active,
NUEM,NUVEEN ESG EMERGING MARKETS EQUITY ETF,BATS,ETF,Active,
NUG,Leverage Shares 2X Long NU Daily ETF,NASDAQ,ETF,Active,
NUGO,NUVEEN GROWTH OPPORTUNITIES ETF,NYSE ARCA,ETF,Active,
NUGT,DIREXION DAILY GOLD MINERS INDEX BULL 2X SHARES,NYSE ARCA,ETF,Active,
NUHY,NUVEEN ESG HIGH YIELD CORPORATE BOND ETF,NYSE ARCA,ETF,Active,
NUKZ,RANGE NUCLEAR RENAISSANCE INDEX ETF,NYSE ARCA,ETF,Active,
NULC,NUVEEN ESG LARGE-CAP ETF,BATS,ETF,Active,
NULG,NUVEEN ESG LARGE-CAP GROWTH ETF,BATS,ETF,Active,
NULV,NUVEEN ESG LARGE-CAP VALUE ETF,BATS,ETF,Active,
NUMG,NUVEEN ESG MID-CAP GROWTH ETF,BATS,ETF,Active,
NUMI,Nuveen Municipal Income ETF,NYSE ARCA,ETF,Active,
NUMV,NUVEEN ESG MID-CAP VALUE ETF,BATS,ETF,Active,
NUO,Nuveen Ohio Quality Municipal Income Fund,NYSE,ETF,Active,
NURE,NUVEEN SHORT-TERM REIT ETF,BATS,ETF,Active,
NUS,Nu Skin Enterprises Inc - Class A,NYSE,Stock,Active,
NUSA,NUVEEN ESG 1-5 YEAR U.S. AGGREGATE BOND ETF,NYSE ARCA,ETF,Active,
NUSB,NUVEEN ULTRA SHORT INCOME ETF,NASDAQ,ETF,Active,
NUSC,NUVEEN ESG SMALL-CAP ETF,BATS,ETF,Active,
NUTR,Nusatrip Inc,NASDAQ,Stock,Active,
NUTX,Nutex Health Inc,NASDAQ,Stock,Active,
NUV,Nuveen Municipal Value Fund Inc,NYSE,ETF,Active,
NUVB,Nuvation Bio Inc - Class A,NYSE,Stock,Active,
NUVB-WS,Nuvation Bio Inc Warrants,NYSE,Stock,Active,
NUVL,Nuvalent Inc - Class A,NASDAQ,Stock,Active,
NUVO,Nuvo Group Ltd,NYSE MKT,Stock,Active,
NUW,Nuveen AMT-Free Municipal Value Fund,NYSE,ETF,Active,
NUWE,Nuwellis Inc,NASDAQ,Stock,Active,
NVA,Nova Minerals Ltd,NYSE MKT,Stock,Active,
NVAWW,Nova Minerals Ltd - Warrants (24/07/2029),NASDAQ,Stock,Active,
NVAX,Novavax Inc,NASDAQ,Stock,Active,
NVBT,ALLIANZIM U.S. EQUITY BUFFER10 NOV ETF,NYSE ARCA,ETF,Active,
NVBU,ALLIANZIM U.S. EQUITY BUFFER15 UNCAPPED NOV ETF,BATS,ETF,Active,
NVBW,ALLIANZIM U.S. EQUITY BUFFER20 NOV ETF,NYSE ARCA,ETF,Active,
NVCR,NovoCure Ltd,NASDAQ,Stock,Active,
NVCT,Nuvectis Pharma Inc,NASDAQ,Stock,Active,
NVD,GRANITESHARES 2X SHORT NVDA DAILY ETF,NASDAQ,ETF,Active,
NVDA,NVIDIA Corp,NASDAQ,Stock,Active,
NVDD,DIREXION DAILY NVDA BEAR 1X SHARES,NASDAQ,ETF,Active,
NVDG,LEVERAGE SHARES 2X LONG NVDA DAILY ETF,NASDAQ,ETF,Active,
NVDL,GRANITESHARES 2X LONG NVDA DAILY ETF,NASDAQ,ETF,Active,
NVDO,LEVERAGE SHARES 2X CAPPED ACCELERATED NVDA MONTHLY ETF,BATS,ETF,Active,
NVDQ,T-Rex 2X Inverse NVIDIA Daily Target ETF,BATS,ETF,Active,
NVDS,Tradr 1.5X Short NVDA Daily ETF,NASDAQ,ETF,Active,
NVDU,DIREXION DAILY NVDA BULL 2X SHARES,NASDAQ,ETF,Active,
NVDX,T-REX 2X LONG NVIDIA DAILY TARGET ETF,BATS,ETF,Active,
NVDY,YIELDMAX(R) NVDA OPTION INCOME STRATEGY ETF,NYSE ARCA,ETF,Active,
NVEC,NVE Corp,NASDAQ,Stock,Active,
NVG,Nuveen AMT-Free Municipal Credit Income Fund,NYSE,ETF,Active,
NVGS,Navigator Holdings Ltd,NYSE,Stock,Active,
NVII,REX NVDA GROWTH & INCOME ETF,BATS,ETF,Active,
NVIR,HORIZON KINETICS ENERGY AND REMEDIATION ETF,NYSE ARCA,ETF,Active,
NVMI,Nova Ltd,NASDAQ,Stock,Active,
NVNI,Nvni Group Ltd,NASDAQ,Stock,Active,
NVNIW,Nvni Group Ltd - Warrants (01/11/2028),NASDAQ,Stock,Active,
NVNO,enVVeno Medical Corporation,NASDAQ,Stock,Active,
NVO,Novo Nordisk,NYSE,Stock,Active,
NVR,NVR Inc,NYSE,Stock,Active,
NVRI,Enviri Corp,NYSE,Stock,Active,
NVS,Novartis AG,NYSE,Stock,Active,
NVSAU,New Vista Acquisition Corp - Units (1 Ord Share Class A & 1/3 War),NASDAQ,Stock,Active,
NVST,Envista Holdings Corp,NYSE,Stock,Active,
NVT,nVent Electric plc,NYSE,Stock,Active,
NVTS,Navitas Semiconductor Corp,NASDAQ,Stock,Active,
NVTX,Tradr 2X Long NVTS Daily ETF,BATS,ETF,Active,
NVVE,Nuvve Holding Corp,NASDAQ,Stock,Active,
NVW,Roundhill NVDA WeeklyPay ETF,AMEX,ETF,Active,
NVX,Novonix Ltd,NASDAQ,Stock,Active,
NVYY,GraniteShares YieldBOOST NVDA ETF,NASDAQ,ETF,Active,
NWAX,New America Acquisition I Corp Class A,NYSE,Stock,Active,
NWAX-U,New America Acquisition I Corp - Units (1 Ord Cls A & 1/2 War),NYSE,Stock,Active,
NWAX-WS,New America Acquisition I Corp Warrants each whole warrant is exercisable to purchase one share of Class A common stock,NYSE,Stock,Active,
NWBI,Northwest Bancshares Inc,NASDAQ,Stock,Active,
NWE,NorthWestern Energy Group Inc,NASDAQ,Stock,Active,
NWFL,Norwood Financial Corp,NASDAQ,Stock,Active,
NWG,NatWest Group Plc,NYSE,Stock,Active,
NWGL,Nature Wood Group Ltd,NASDAQ,Stock,Active,
NWL,Newell Brands Inc,NASDAQ,Stock,Active,
NWMX,Tradr 2X Long NEM Daily ETF,BATS,ETF,Active,
NWN,Northwest Natural Holding Company,NYSE,Stock,Active,
NWPX,Northwest Pipe Company,NASDAQ,Stock,Active,
NWS,News Corp - Class B,NASDAQ,Stock,Active,
NWSA,News Corp - Class A,NASDAQ,Stock,Active,
NWTG,Newton Golf Company,NASDAQ,Stock,Active,
NX,Quanex Building Products Corp,NYSE,Stock,Active,
NXC,Nuveen California Select Tax-Free Income Portfolio,NYSE,ETF,Active,
NXDR,Nextdoor Holdings Inc - Class A,NYSE,Stock,Active,
NXDT,NexPoint Diversified Real Estate Trust,NYSE,Stock,Active,
NXDT-P-A,NexPoint Diversified Real Estate Trust,NYSE,Stock,Active,
NXE,NexGen Energy Ltd,NYSE,Stock,Active,
NXG,NXG NextGen Infrastructure Income Fund,NYSE,Stock,Active,
NXG-R,NXG NextGen Infrastructure Income Fund Rights expiring July 17 2024 Rights,NYSE,Stock,Active,
NXG-R-W,NXG NextGen Infrastructure Income Fund Rights expiring August 13 2025 Rights when issued,NYSE,Stock,Active,
NXGL,Nexgel Inc,NASDAQ,Stock,Active,
NXGLW,Nexgel Inc - Warrants (17/12/2026),NASDAQ,Stock,Active,
NXJ,Nuveen New Jersey Quality Municipal Income Fund,NYSE,ETF,Active,
NXL,Nexalin Technology Inc,NASDAQ,Stock,Active,
NXN,Nuveen New York Select Tax-Free Income Portfolio,NYSE,ETF,Active,
NXP,Nuveen Select Tax-Free Income Portfolio,NYSE,ETF,Active,
NXPI,NXP Semiconductors NV,NASDAQ,Stock,Active,
NXPL,NextPlat Corp,NASDAQ,Stock,Active,
NXPLW,NextPlat Corp - Warrants (29/04/2026),NASDAQ,Stock,Active,
NXRT,NexPoint Residential Trust Inc,NYSE,Stock,Active,
NXST,Nexstar Media Group Inc,NASDAQ,Stock,Active,
NXT,Nextracker Inc - Class A,NASDAQ,Stock,Active,
NXT(EXP20091224),Nextracker Inc,NASDAQ,Stock,Active,
NXTC,Nextcure Inc,NASDAQ,Stock,Active,
NXTE,AXS GREEN ALPHA ETF,NYSE ARCA,ETF,Active,
NXTG,FIRST TRUST INDXX NEXTG ETF,NASDAQ,ETF,Active,
NXTI,SIMPLIFY NEXT INTANGIBLE CORE INDEX ETF,BATS,ETF,Active,
NXTS,Nexentis Technologies Inc,NASDAQ,Stock,Active,
NXTT,Next Technology Holding Inc,NASDAQ,Stock,Active,
NXU,Energy Vault Holdings Inc - Class A,NYSE,Stock,Active,
NXUS,Nuveen International Aggregate Bond ETF,NYSE ARCA,ETF,Active,
NXXT,NextNRG Inc,NASDAQ,Stock,Active,
NYAX,Nayax Ltd,NASDAQ,Stock,Active,
NYC,American Strategic Investment Co - Class A,NYSE,Stock,Active,
NYCB- PR-U,New York Community Capital Trust V Bifurcated Opt Nts Unit Secs Bonuses,NYSE,Stock,Active,
NYCB-P-U,New York Community Bancorp Inc Capital Tr V BONUSES,NYSE,Stock,Active,
NYF,ISHARES NEW YORK MUNI BOND ETF,NYSE ARCA,ETF,Active,
NYMT,nan,NASDAQ,Stock,Active,
NYMTH,New York Mortgage Trust Inc 9.875 Senior Notes Due 2030,NASDAQ,Stock,Active,
NYNY,Empire Resorts Inc,NASDAQ,Stock,Active,
NYT,New York Times Co. - Class A,NYSE,Stock,Active,
NYXH,Nyxoah SA,NASDAQ,Stock,Active,
NZAC,SPDR MSCI ACWI CLIMATE PARIS ALIGNED ETF,NASDAQ,ETF,Active,
NZF,Nuveen Municipal Credit Income Fund,NYSE,ETF,Active,
NZRO,STRATEGY SHARES HALT CLIMATE CHANGE ETF,NASDAQ,ETF,Active,
O,Realty Income Corp,NYSE,Stock,Active,
OABI,OmniAb Inc,NASDAQ,Stock,Active,
OABIW,OmniAb Inc - Warrants (01/11/2027),NASDAQ,Stock,Active,
OACC,Oaktree Acquisition Corp III Life Sciences - Class A,NASDAQ,Stock,Active,
OACCU,Oaktree Acquisition Corp III Life Sciences - Units (1 Ordinary Cls A & 1/5 Warr),NASDAQ,Stock,Active,
OACCW,Oaktree Acquisition Corp III Life Sciences - Warrants(04/10/2029),NASDAQ,Stock,Active,
OACP,ONEASCENT CORE PLUS BOND ETF,NYSE ARCA,ETF,Active,
OAEM,ONEASCENT EMERGING MARKETS ETF,NYSE ARCA,ETF,Active,
OAIM,ONEASCENT INTERNATIONAL EQUITY ETF,NYSE ARCA,ETF,Active,
OAK-P-A,Oaktree Capital Group LLC,NYSE,Stock,Active,
OAK-P-B,Oaktree Capital Group LLC,NYSE,Stock,Active,
OAKM,OAKMARK U.S. LARGE CAP ETF,NYSE ARCA,ETF,Active,
OAKU,Oak Woods Acquisition Corp - Class A,NASDAQ,Stock,Active,
OAKUR,Oak Woods Acquisition Corp,NASDAQ,Stock,Active,
OAKUU,Oak Woods Acquisition Corp - Units (1 Ord Class A & 1 War 1 Right ),NASDAQ,Stock,Active,
OAKUW,Oak Woods Acquisition Corp - Warrants (23/03/2028),NASDAQ,Stock,Active,
OALC,ONEASCENT LARGE CAP CORE ETF,NYSE ARCA,ETF,Active,
OARK,YIELDMAX(R) INNOVATION OPTION INCOME STRATEGY ETF,NYSE ARCA,ETF,Active,
OASC,ONEASCENT SMALL CAP CORE ETF,NYSE ARCA,ETF,Active,
OBA,Oxley Bridge Acquisition Ltd - Class A,NASDAQ,Stock,Active,
OBAI,TG-17 Inc,NASDAQ,Stock,Active,
OBAWU,Oxley Bridge Acquisition Ltd - Units (1 Ord Cls A & 1/2 War),NASDAQ,Stock,Active,
OBAWW,Oxley Bridge Acquisition Ltd - Warrants (17/06/2030),NASDAQ,Stock,Active,
OBDC,Blue Owl Capital Corp,NYSE,Stock,Active,
OBE,Obsidian Energy Ltd,NYSE MKT,Stock,Active,
OBIL,F/M US TREASURY 12 MONTH BILL ETF,NASDAQ,ETF,Active,
OBIO,Orchestra BioMed Holdings Inc,NASDAQ,Stock,Active,
OBK,Origin Bancorp Inc,NYSE,Stock,Active,
OBND,SPDR LOOMIS SAYLES OPPORTUNISTIC BOND ETF,BATS,ETF,Active,
OBOR,KRANESHARES MSCI ONE BELT ONE ROAD INDEX ETF,NYSE ARCA,ETF,Active,
OBT,Orange County Bancorp Inc,NASDAQ,Stock,Active,
OC,Owens Corning,NYSE,Stock,Active,
OCC,Optical Cable Corp,NASDAQ,Stock,Active,
OCCI,OFS Credit Company Inc,NASDAQ,Stock,Active,
OCCIN,OFS Credit Company Inc,NASDAQ,Stock,Active,
OCDB,Aptus October Deep Buffer,BATS,Stock,Active,
OCFC,OceanFirst Financial Corp,NASDAQ,Stock,Active,
OCG,Oriental Culture Holding Ltd,NASDAQ,Stock,Active,
OCGN,Ocugen Inc,NASDAQ,Stock,Active,
OCIO,CLEARSHARES OCIO ETF,NYSE ARCA,ETF,Active,
OCS,Oculis Holding AG,NASDAQ,Stock,Active,
OCSAW,Oculis Holding AG - Warrants (02/03/2028),NASDAQ,Stock,Active,
OCSL,Oaktree Specialty Lending Corp,NASDAQ,Stock,Active,
OCTH,Innovator Premium Income 20 Barrier ETF - October,BATS,ETF,Active,
OCTJ,Innovator Premium Income 30 Barrier ETF - October,BATS,ETF,Active,
OCTM,FT Vest U.S. Equity Max Buffer ETF - October,BATS,ETF,Active,
OCTP,PGIM S&P 500 BUFFER 12 ETF - OCTOBER,BATS,ETF,Active,
OCTT,ALLIANZIM U.S. EQUITY BUFFER10 OCT ETF,NYSE ARCA,ETF,Active,
OCTU,ALLIANZIM U.S. EQUITY BUFFER15 UNCAPPED OCT ETF,BATS,ETF,Active,
OCTVV,Octave Intelligence plc,NASDAQ,Stock,Active,
OCTW,ALLIANZIM U.S. EQUITY BUFFER20 OCT ETF,NYSE ARCA,ETF,Active,
OCTZ,TRUESHARES STRUCTURED OUTCOME (OCTOBER) ETF,BATS,ETF,Active,
OCUL,Ocular Therapeutix Inc,NASDAQ,Stock,Active,
ODC,Oil-Dri Corp Of America,NYSE,Stock,Active,
ODD,ODDITY Tech Ltd - Class A,NASDAQ,Stock,Active,
ODDS,PACER BLUESTAR DIGITAL ENTERTAINMENT ETF,NASDAQ,ETF,Active,
ODDZ,Corgi Sports Betting & Gambling,BATS,Stock,Active,
ODFL,Old Dominion Freight Line Inc,NASDAQ,Stock,Active,
ODHY,OBRA DEFENSIVE HIGH YIELD ETF,NYSE ARCA,ETF,Active,
ODP,ODP Corporation (The),NASDAQ,Stock,Active,
ODTE,VegaShares SPX NDX RTY Premium Income ETF,NASDAQ,ETF,Active,
ODTX,Odyssey Therapeutics Inc,NASDAQ,Stock,Active,
ODV,Osisko Development Corp,NYSE,Stock,Active,
ODVWZ,Osisko Development Corp - Warrants (27/05/2027),NASDAQ,Stock,Active,
OEC,Orion S.A,NYSE,Stock,Active,
OEF,ISHARES S&P 100 ETF,NYSE ARCA,ETF,Active,
OESX,Orion Energy Systems Inc,NASDAQ,Stock,Active,
OEUR,ALPS OShares Europe Quality Dividend ETF,NYSE,ETF,Active,
OFAL,OFA Group,NASDAQ,Stock,Active,
OFG,OFG Bancorp,NYSE,Stock,Active,
OFIX,Orthofix Medical Inc,NASDAQ,Stock,Active,
OFLX,Omega Flex Inc,NASDAQ,Stock,Active,
OFRM,Once Upon a Farm,NYSE,Stock,Active,
OFS,OFS Capital Corp,NASDAQ,Stock,Active,
OFSSH,OFS Capital Corp,NASDAQ,Stock,Active,
OFSSO,OFS Capital Corp,NASDAQ,Stock,Active,
OGCP,Empire State Realty OP LP,NYSE ARCA,Stock,Active,
OGE,Oge Energy Corp,NYSE,Stock,Active,
OGEN,Oragenics Inc,NYSE MKT,Stock,Active,
OGI,OrganiGram Holdings Inc,NASDAQ,Stock,Active,
OGIG,ALPS | O'SHARES GLOBAL INTERNET GIANTS ETF SHARES,NYSE ARCA,ETF,Active,
OGN,Organon & Company,NYSE,Stock,Active,
OGS,ONE Gas Inc,NYSE,Stock,Active,
OGSP,OBRA HIGH GRADE STRUCTURED PRODUCTS ETF,NYSE ARCA,ETF,Active,
OHACU,Oceanhawk Acquisition Corp - Units (1 Ord Cls A & 1 Rts),NASDAQ,Stock,Active,
OHI,Omega Healthcare Investors Inc,NYSE,Stock,Active,
OHPA,Orion Acquisition Corp - Class A,NASDAQ,Stock,Active,
OHPAU,Orion Acquisition Corp - Units (1 Ord Share Class A & 1/4 War),NASDAQ,Stock,Active,
OHPAW,Orion Acquisition Corp - Warrants (19/02/2026),NASDAQ,Stock,Active,
OI,O-I Glass Inc,NYSE,Stock,Active,
OIA,Invesco Municipal Income Opportunities Trust,NYSE,ETF,Active,
OIH,VANECK OIL SERVICES ETF,NYSE ARCA,ETF,Active,
OII,Oceaneering International Inc,NYSE,Stock,Active,
OILD,Bank of Montreal,NYSE ARCA,ETF,Active,
OILK,PROSHARES K-1 FREE CRUDE OIL STRATEGY ETF,BATS,ETF,Active,
OILT,Texas Capital Texas Oil Index ETF,NYSE ARCA,ETF,Active,
OILU,Bank of Montreal,NYSE ARCA,ETF,Active,
OIM,OneIM Acquisition Corp,NASDAQ,Stock,Active,
OIMAU,Oneim Acquisition Corp - Units (1 Ord Cls A & 1/6 War),NASDAQ,Stock,Active,
OIMAW,OneIM Acquisition Corp Warrant,NASDAQ,Stock,Active,
OIO,OIO Group.,NASDAQ,ETF,Active,
OIOWW,OIO Group. - Warrants (02/08/2028),NASDAQ,Stock,Active,
OIS,Oil States International Inc,NYSE,Stock,Active,
OKE,Oneok Inc,NYSE,Stock,Active,
OKLL,Defiance Daily Target 2x Long OKLO ETF,NASDAQ,ETF,Active,
OKLO,Oklo Inc,NYSE,Stock,Active,
OKLS,Defiance Daily Target 2X Short OKLO ETF,NYSE ARCA,ETF,Active,
OKTA,Okta Inc - Class A,NASDAQ,Stock,Active,
OKTG,Leverage Shares 2X Long OKTA Daily ETF,NASDAQ,ETF,Active,
OKTX,Tradr 2X Long OKTA Daily ETF,BATS,ETF,Active,
OKUR,Reneo Pharmaceuticals Inc - Class A,NASDAQ,Stock,Active,
OKYO,OKYO Pharma Ltd - New,NASDAQ,Stock,Active,
OLB,OLB Group Inc,NASDAQ,Stock,Active,
OLED,Universal Display Corp,NASDAQ,Stock,Active,
OLK,Olink Holding AB (publ),NASDAQ,Stock,Active,
OLLI,Ollies Bargain Outlet Holdings Inc,NASDAQ,Stock,Active,
OLMA,Olema Pharmaceuticals Inc,NASDAQ,Stock,Active,
OLN,Olin Corp,NYSE,Stock,Active,
OLOX,Olenox Industries Inc,NASDAQ,Stock,Active,
OLP,One Liberty Properties Inc,NYSE,Stock,Active,
OLPX,Olaplex Holdings Inc,NASDAQ,Stock,Active,
OM,Outset Medical Inc,NASDAQ,Stock,Active,
OMAB,Grupo Aeroportuario del Centro Norte S.A.B de C.V.,NASDAQ,Stock,Active,
OMAH,VISTASHARES TARGET 15 BERKSHIRE SELECT INCOME ETF,NYSE ARCA,ETF,Active,
OMC,Omnicom Group Inc,NYSE,Stock,Active,
OMCL,Omnicell Inc,NASDAQ,Stock,Active,
OMDA,Omada Health Inc,NASDAQ,Stock,Active,
OMER,Omeros Corporation,NASDAQ,Stock,Active,
OMEX,Odyssey Marine Exploration Inc,NASDAQ,Stock,Active,
OMF,OneMain Holdings Inc,NYSE,Stock,Active,
OMFL,INVESCO RUSSELL 1000(R) DYNAMIC MULTIFACTOR ETF,BATS,ETF,Active,
OMFS,INVESCO RUSSELL 2000(R) DYNAMIC MULTIFACTOR ETF,BATS,ETF,Active,
OMH,Ohmyhome Ltd,NASDAQ,Stock,Active,
OMSE,OMS Energy Technologies Inc,NASDAQ,Stock,Active,
ON,ON Semiconductor Corp,NASDAQ,Stock,Active,
ONB,Old National Bancorp,NASDAQ,Stock,Active,
ONBPO,Old National Bancorp,NASDAQ,Stock,Active,
ONBPP,Old National Bancorp,NASDAQ,Stock,Active,
ONC,BeiGene Ltd,NASDAQ,Stock,Active,
ONCH,1RT Acquisition Corp,NASDAQ,Stock,Active,
ONCHU,1RT Acquisition Corp - Units (1 Ord Cls A & 1 War),NASDAQ,Stock,Active,
ONCHW,1RT Acquisition Corp Warrant,NASDAQ,Stock,Active,
ONCO,Onconetix Inc,NASDAQ,Stock,Active,
ONCT,Oncternal Therapeutics Inc,NASDAQ,Stock,Active,
ONCY,Oncolytics Biotech Inc,NASDAQ,Stock,Active,
OND,PROSHARES ON-DEMAND ETF PROSHARE ON-DEMAND ETF,NYSE ARCA,ETF,Active,
ONDG,Leverage Shares 2X Long ONDS Daily ETF,NASDAQ,ETF,Active,
ONDL,Defiance Daily Target 2X Long ONDS ETF,BATS,ETF,Active,
ONDS,Ondas Holdings Inc,NASDAQ,Stock,Active,
ONDU,Tradr 2X Long ONDS Daily ETF,BATS,ETF,Active,
ONEG,OneConstruction Group Ltd,NASDAQ,Stock,Active,
ONEH,TrueShares Equity Hedge ETF,BATS,ETF,Active,
ONEO,SPDR RUSSELL 1000 MOMENTUM FOCUS ETF,NYSE ARCA,ETF,Active,
ONEQ,FIDELITY NASDAQ COMPOSITE INDEX ETF,NASDAQ,ETF,Active,
ONEV,SPDR RUSSELL 1000 LOW VOLATILITY FOCUS ETF,NYSE ARCA,ETF,Active,
ONEW,Onewater Marine Inc - Class A,NASDAQ,Stock,Active,
ONEY,SPDR RUSSELL 1000 YIELD FOCUS ETF,NYSE ARCA,ETF,Active,
ONEZ,TRUESHARES SEASONALITY LADDERED BUFFERED ETF,BATS,ETF,Active,
ONFO,Onfolio Holdings Inc,NASDAQ,Stock,Active,
ONFOW,Onfolio Holdings Inc - Warrants (02/01/2027),NASDAQ,Stock,Active,
ONIT,Ocwen Financial Corp,NYSE,Stock,Active,
ONL,Orion Office REIT Inc,NYSE,Stock,Active,
ONLN,PROSHARES ONLINE RETAIL ETF,NYSE ARCA,ETF,Active,
ONMD,OneMedNet Corp,NASDAQ,Stock,Active,
ONMDW,OneMedNet Corp - Warrants (05/05/2026),NASDAQ,Stock,Active,
ONOF,GLOBAL X ADAPTIVE U.S. RISK MANAGEMENT ETF,NYSE ARCA,ETF,Active,
ONON,On Holding AG Class A,NYSE,Stock,Active,
ONT,Onterris Inc,NYSE,Stock,Active,
ONTO,Onto Innovation Inc,NYSE,Stock,Active,
OOMA,Ooma Inc,NYSE,Stock,Active,
OOQB,One One Nasdaq100 and Bitcoin ETF,NASDAQ,ETF,Active,
OOSB,One One S&P 500 and Bitcoin ETF,NASDAQ,ETF,Active,
OOSP,OBRA OPPORTUNISTIC STRUCTURED PRODUCTS ETF,NYSE ARCA,ETF,Active,
OOTO,DIREXION DAILY TRAVEL & VACATION BULL 2X SHARES,NYSE ARCA,ETF,Active,
OPAD,Offerpad Solutions Inc - Class A,NYSE,Stock,Active,
OPAL,OPAL Fuels Inc - Class A,NASDAQ,Stock,Active,
OPBK,OP Bancorp,NASDAQ,Stock,Active,
OPCH,Option Care Health Inc,NASDAQ,Stock,Active,
OPEG,Leverage Shares 2X Long OPEN Daily ETF,NASDAQ,ETF,Active,
OPEN,Opendoor Technologies Inc,NASDAQ,Stock,Active,
OPENL,Opendoor Technologies Inc - Warrants - Series A (20/11/2026),NASDAQ,Stock,Active,
OPENW,Opendoor Technologies Inc - Warrants - Series K (20/11/2026),NASDAQ,Stock,Active,
OPENZ,Opendoor Technologies Inc - Warrants - Series Z (20/11/2026),NASDAQ,Stock,Active,
OPER,CLEARSHARES ULTRA-SHORT MATURITY ETF,NYSE ARCA,ETF,Active,
OPEX,Tradr 2X Long OPEN Daily ETF,BATS,ETF,Active,
OPFI,OppFi Inc - Class A,NYSE,Stock,Active,
OPFI-WS,OppFi Inc Wt Exp 08312027,NYSE,Stock,Active,
OPHC,Optimumbank Holdings Inc,NYSE MKT,Stock,Active,
OPK,Opko Health Inc,NASDAQ,Stock,Active,
OPLN,Openlane Inc,NYSE,Stock,Active,
OPP,RiverNorth/DoubleLine Strategic opportunity fund Inc,NYSE,ETF,Active,
OPP-P-A,RiverNorth/DoubleLine Strategic opportunity fund Inc,NYSE,Stock,Active,
OPP-P-B,RiverNorth/DoubleLine Strategic opportunity fund Inc,NYSE,Stock,Active,
OPP-P-C,RiverNorthDoubleLine Strategic Opportunity Fund Inc 6.00 Series C Term Preferred Stock Liquidation Preference 10.00 per share,AMEX,Stock,Active,
OPPE,WISDOMTREE EUROPEAN OPPORTUNITIES FUND,NYSE ARCA,ETF,Active,
OPPJ,WISDOMTREE JAPAN OPPORTUNITIES FUND,NASDAQ,ETF,Active,
OPRA,Opera Ltd,NASDAQ,Stock,Active,
OPRT,Oportun Financial Corp,NASDAQ,Stock,Active,
OPRX,OptimizeRx Corp,NASDAQ,Stock,Active,
OPTH,Optimi Health Corp,NASDAQ,Stock,Active,
OPTN,OptiNose Inc,NASDAQ,Stock,Active,
OPTT,Ocean Power Technologies - Reg S,NYSE MKT,Stock,Active,
OPTU,Altice USA Inc - Class A,NYSE,Stock,Active,
OPTX,NETOPTIX CORP,NASDAQ,Stock,Active,
OPTXW,Syntec Optics Holdings Inc Wt Exp,NASDAQ,Stock,Active,
OPTZ,OPTIMIZE STRATEGY INDEX ETF,NASDAQ,ETF,Active,
OPXS,Optex Systems Holdings Inc,NASDAQ,Stock,Active,
OPY,Oppenheimer Holdings Inc - Class A,NYSE,Stock,Active,
OR,Osisko Gold Royalties Ltd,NYSE,Stock,Active,
ORA,Ormat Technologies Inc,NYSE,Stock,Active,
ORBS,Eightco Holdings Inc,NASDAQ,Stock,Active,
ORC,Orchid Island Capital Inc,NYSE,Stock,Active,
ORCL,Oracle Corp,NYSE,Stock,Active,
ORCS,Direxion Daily ORCL Bear 1X ETF,NASDAQ,ETF,Active,
ORCU,Direxion Daily ORCL Bull 2X ETF,NASDAQ,ETF,Active,
ORGN,Origin Materials Inc,NASDAQ,Stock,Active,
ORGNW,Origin Materials Inc - Warrants (23/06/2026),NASDAQ,Stock,Active,
ORGO,Organogenesis Holdings Inc - Class A,NASDAQ,Stock,Active,
ORI,Old Republic International Corp,NYSE,Stock,Active,
ORIC,ORIC Pharmaceuticals Inc,NASDAQ,Stock,Active,
ORIO,Mogo Inc (Sub Voting),NASDAQ,Stock,Active,
ORIQ,Origin Investment Corp I,NASDAQ,Stock,Active,
ORIQU,Origin Investment Corp I - Units (1 Ord Cls & 1/2 War),NASDAQ,Stock,Active,
ORIQW,Origin Investment Corp I onehalf of one redeemable warrant.,NASDAQ,Stock,Active,
ORIS,Oriental Rise Holdings Ltd,NASDAQ,Stock,Active,
ORKA,ARCA biopharma Inc,NASDAQ,Stock,Active,
ORKT,Orangekloud Technology Inc - Class A,NASDAQ,Stock,Active,
ORLA,Orla Mining Ltd,NYSE MKT,Stock,Active,
ORLG,Leverage Shares 2X Long ORLY Daily ETF,NASDAQ,ETF,Active,
ORLY,O`Reilly Automotive Inc,NASDAQ,Stock,Active,
ORMP,Oramed Pharmaceuticals Inc,NASDAQ,Stock,Active,
ORN,Orion Group Holdings Inc,NYSE,Stock,Active,
ORO,Arrow Valtoro ETF,BATS,ETF,Active,
ORR,MILITIA LONG/SHORT EQUITY ETF,NASDAQ,ETF,Active,
ORRF,Orrstown Financial Services Inc,NASDAQ,Stock,Active,
OSBC,Old Second Bancorporation Inc,NASDAQ,Stock,Active,
OSCG,Leverage Shares 2X Long OSCR Daily ETF,NASDAQ,ETF,Active,
OSCR,Oscar Health Inc - Class A,NYSE,Stock,Active,
OSCV,OPUS SMALL CAP VALUE ETF,BATS,ETF,Active,
OSCX,Defiance Daily Target 2x Long OSCR ETF,NASDAQ,ETF,Active,
OSEA,HARBOR INTERNATIONAL COMPOUNDERS ETF,NYSE ARCA,ETF,Active,
OSG,Overseas Shipholding Group Inc - Class A,NYSE,Stock,Active,
OSIS,OSI Systems Inc,NASDAQ,Stock,Active,
OSK,Oshkosh Corp,NYSE,Stock,Active,
OSPN,OneSpan Inc,NASDAQ,Stock,Active,
OSRH,Bellevue Life Sciences Acquisition Corp,NASDAQ,Stock,Active,
OSRHW,Bellevue Life Sciences Acquisition Corp - Warrants (09/02/2028),NASDAQ,Stock,Active,
OSS,One Stop Systems Inc,NASDAQ,Stock,Active,
OST,Ostin Technology Group Co Ltd,NASDAQ,Stock,Active,
OSTX,OS Therapies Inc,NYSE MKT,Stock,Active,
OSUR,Orasure Technologies Inc,NASDAQ,Stock,Active,
OSW,OneSpaWorld Holdings Ltd,NASDAQ,Stock,Active,
OTAI-U,Starlink AI Acquisition Corp - Units (1 Ord Shs & 1 Rts),NYSE,Stock,Active,
OTEL:BAT,Otelco Inc,NASDAQ,Stock,Active,
OTEX,Open Text Corp,NASDAQ,Stock,Active,
OTF,Blue Owl Technology Finance Corp,NYSE,Stock,Active,
OTGA,OTG Acquisition Corp I - Class A,NASDAQ,Stock,Active,
OTGAU,OTG Acquisition Corp I - Units (1 Ord Cls A & 1/2 War),NASDAQ,Stock,Active,
OTGAW,OTG Acquisition Corp I - Warrants (05/09/2030),NASDAQ,Stock,Active,
OTGL,OTG LATIN AMERICA ETF,NASDAQ,ETF,Active,
OTH,Off The Hook YS Inc,NYSE MKT,Stock,Active,
OTIS,Otis Worldwide Corp,NYSE,Stock,Active,
OTLK,Outlook Therapeutics Inc,NASDAQ,Stock,Active,
OTLY,Oatly Group AB,NASDAQ,Stock,Active,
OTMO,Otonomo Technologies Ltd,NASDAQ,Stock,Active,
OTMOW,Otonomo Technologies Ltd - Warrants (13/08/2026),NASDAQ,Stock,Active,
OTTR,Otter Tail Corporation,NASDAQ,Stock,Active,
OUNZ,VanEck Merk Gold Trust,NYSE ARCA,ETF,Active,
OUSA,ALPS | O'SHARES U.S. QUALITY DIVIDEND ETF SHARES,NYSE ARCA,ETF,Active,
OUSM,ALPS | O'SHARES U.S. SMALL-CAP QUALITY DIVIDEND ETF SHARES,NYSE ARCA,ETF,Active,
OUST,Ouster Inc - Class A,NASDAQ,Stock,Active,
OUST-WS,Ouster Inc Warrants,NYSE,Stock,Active,
OUST-WS-A,Ouster Inc Warrants to purchase Common Stock,AMEX,Stock,Active,
OUSTW,Ouster Inc Warrants,NASDAQ,Stock,Active,
OUT,Outfront Media Inc,NYSE,Stock,Active,
OVB,OVERLAY SHARES CORE BOND ETF,BATS,ETF,Active,
OVBC,Ohio Valley Banc Corp,NASDAQ,Stock,Active,
OVF,OVERLAY SHARES FOREIGN EQUITY ETF,BATS,ETF,Active,
OVID,Ovid Therapeutics Inc,NASDAQ,Stock,Active,
OVL,OVERLAY SHARES LARGE CAP EQUITY ETF,BATS,ETF,Active,
OVLH,OVERLAY SHARES HEDGED LARGE CAP EQUITY ETF,BATS,ETF,Active,
OVLY,Oak Valley Bancorp,NASDAQ,Stock,Active,
OVM,OVERLAY SHARES MUNICIPAL BOND ETF,BATS,ETF,Active,
OVS,OVERLAY SHARES SMALL CAP EQUITY ETF,BATS,ETF,Active,
OVV,Ovintiv Inc,NYSE,Stock,Active,
OWL,Blue Owl Capital Inc - Class A,NYSE,Stock,Active,
OWL-WS,Blue Owl Capital Inc Redeemable Warrants,NYSE,Stock,Active,
OWLS,OBOOK Holdings Inc - Class A,NASDAQ,Stock,Active,
OWLT,Owlet Inc - Class A,NYSE,Stock,Active,
OWNB,BITWISE BITCOIN STANDARD CORPORATIONS ETF,NYSE ARCA,ETF,Active,
OWNS,CCM Affordable Housing MBS ETF,NYSE ARCA,ETF,Active,
OXBR,Oxbridge Re Holdings Ltd,NASDAQ,Stock,Active,
OXBRW,Oxbridge Re Holdings Ltd - Warrants (26/03/2024),NASDAQ,Stock,Active,
OXLC,Oxford Lane Capital Corp,NASDAQ,ETF,Active,
OXLCG,Oxford Lane Capital Corp,NASDAQ,Stock,Active,
OXLCI,Oxford Lane Capital Corp,NASDAQ,Stock,Active,
OXLCL,Oxford Lane Capital Corp,NASDAQ,Stock,Active,
OXLCM,Oxford Lane Capital Corp,NASDAQ,Stock,Active,
OXLCN,Oxford Lane Capital Corp,NASDAQ,Stock,Active,
OXLCO,Oxford Lane Capital Corp,NASDAQ,Stock,Active,
OXLCP,Oxford Lane Capital Corp,NASDAQ,Stock,Active,
OXLCZ,Oxford Lane Capital Corp,NASDAQ,Stock,Active,
OXM,Oxford Industries Inc,NYSE,Stock,Active,
OXSQ,Oxford Square Capital Corp,NASDAQ,Stock,Active,
OXSQG,Oxford Square Capital Corp,NASDAQ,Stock,Active,
OXSQH,Oxford Square Capital Corp,NASDAQ,Stock,Active,
OXUSU,Borealis Foods Inc - Units (1 Ord Class A & 1 War),NASDAQ,Stock,Active,
OXY,Occidental Petroleum Corp,NYSE,Stock,Active,
OXY-WS,Occidental Petroleum Corp - Warrants (03/08/2027),NYSE,Stock,Active,
OYSE,Oyster Enterprises II Acquisition Corp,NASDAQ,Stock,Active,
OYSER,Oyster Enterprises II Acquisition Corp Rights,NASDAQ,Stock,Active,
OYSEU,Oyster Enterprises II Acquisition Corp - Units (1 Ord Cls A & 1 Rts),NASDAQ,Stock,Active,
OZ,Belpointe REIT Inc,NYSE MKT,Stock,Active,
OZEM,ROUNDHILL GLP-1 & WEIGHT LOSS ETF,NASDAQ,ETF,Active,
OZK,Bank OZK,NASDAQ,Stock,Active,
OZKAP,Bank OZK,NASDAQ,Stock,Active,
OZON,Ozon Holdings PLC,NASDAQ,Stock,Active,
P,Everpure Inc - Class A,NYSE,Stock,Active,
PAA,Plains All American Pipeline LP,NASDAQ,Stock,Active,
PAAA,PGIM AAA CLO ETF,NYSE ARCA,ETF,Active,
PAAC,Proem Acquisition Corp I,NASDAQ,Stock,Active,
PAACU,Proem Acquisition Corp I - Units (1 Ord Shs & 1/2 War),NASDAQ,Stock,Active,
PAACW,Proem Acquisition Corp I - Warrants (29/01/2031),NASDAQ,Stock,Active,
PAAS,Pan American Silver Corp,NYSE,Stock,Active,
PAB,PGIM ACTIVE AGGREGATE BOND ETF,NYSE ARCA,ETF,Active,
PABD,ISHARES PARIS-ALIGNED CLIMATE MSCI WORLD EX USA ETF,NASDAQ,ETF,Active,
PABU,ISHARES PARIS-ALIGNED CLIMATE MSCI USA ETF,NASDAQ,ETF,Active,
PAC,Grupo Aeroportuario Del Pacifico SAB de CV,NYSE,Stock,Active,
PACB,Pacific Biosciences of California Inc,NASDAQ,Stock,Active,
PACH,Pioneer Acquisition I Corp - Class A,NASDAQ,Stock,Active,
PACHU,Pioneer Acquisition I Corp - Units (1 Ord Cls A & 1/2 War),NASDAQ,Stock,Active,
PACHW,Pioneer Acquisition I Corp - Warrants (16/06/2030),NASDAQ,Stock,Active,
PACI-U,PROOF Acquisition Corp I Units each consisting of one share of Class A common stock 0.0001 par value and onehalf of one redeemable warrant,NYSE,Stock,Active,
PACK,Ranpak Holdings Corp - Class A,NYSE,Stock,Active,
PACS,PACS Group Inc,NYSE,Stock,Active,
PACWP,PacWest Bancorp Depositary Shares Each Representing a 140th Interest in a Share of 7.75 Fixed Rate NonCumulative Perpetual Preferred Stock Series A,NASDAQ,Stock,Active,
PACX,Pioneer Merger Corp - Class A,NASDAQ,Stock,Active,
PACXW,Pioneer Merger Corp - Warrants(07/01/2026),NASDAQ,Stock,Active,
PAG,Penske Automotive Group Inc,NYSE,Stock,Active,
PAGP,Plains GP Holdings LP - Class A,NASDAQ,Stock,Active,
PAGS,PagSeguro Digital Ltd - Class A,NYSE,Stock,Active,
PAHC,Phibro Animal Health Corp - Class A,NASDAQ,Stock,Active,
PAI,Western Asset Investment Grade Income Fund Inc,NYSE,ETF,Active,
PAII,Pyrophyte Acquisition Corp II Class A,NYSE,Stock,Active,
PAII-U,Pyrophyte Acquisition Corp II Units each consisting of one Class A ordinary share and onehalf of one redeemable warrant,NYSE,Stock,Active,
PAII-WS,Pyrophyte Acquisition Corp II Warrants each whole warrant exercisable for one Class A Ordinary Share at an exercise price of 11.50 per share,NYSE,Stock,Active,
PAL,Proficient Auto Logistics Inc,NASDAQ,Stock,Active,
PALC,PACER LUNT LARGE CAP MULTI-FACTOR ALTERNATOR ETF,NYSE ARCA,ETF,Active,
PALD,Direxion Daily PANW Bear 1X Shares,NASDAQ,ETF,Active,
PALI,Palisade Bio Inc,NASDAQ,Stock,Active,
PALL,abrdn Physical Palladium Shares ETF,NYSE ARCA,ETF,Active,
PALL:BAT,ETFS Physical Palladium Shares,NYSE ARCA,Stock,Active,
PALO,Paloma Acquisition Corp I - Class A,NASDAQ,Stock,Active,
PALOU,Paloma Acquisition Corp I,NASDAQ,Stock,Active,
PALOW,Paloma Acquisition Corp I - Warrants(12/02/2031),NASDAQ,Stock,Active,
PALU,Direxion Daily PANW Bull 2X Shares,NASDAQ,ETF,Active,
PAM,Pampa Energia SA,NYSE,ETF,Active,
PAMC,PACER LUNT MIDCAP MULTI-FACTOR ALTERNATOR ETF,NYSE ARCA,ETF,Active,
PAMT,P.A.M. Transportation Services Inc,NASDAQ,Stock,Active,
PANL,Pangaea Logistics Solutions Ltd,NASDAQ,Stock,Active,
PANW,Palo Alto Networks Inc,NASDAQ,Stock,Active,
PAPI,PARAMETRIC EQUITY PREMIUM INCOME ETF,NYSE ARCA,ETF,Active,
PAPL,Pineapple Financial Inc,NYSE MKT,Stock,Active,
PAPR,Innovator U.S. Equity Power Buffer ETF - April,BATS,ETF,Active,
PAR,Par Technology Corp,NYSE,Stock,Active,
PARAP,Paramount Global Conv Pfd,NASDAQ,Stock,Active,
PARK,Park Dental Partners Inc,NASDAQ,Stock,Active,
PARR,Par Pacific Holdings Inc,NYSE,Stock,Active,
PASG,Passage Bio Inc,NASDAQ,Stock,Active,
PASW,Ping An Biomedical Co Ltd,NASDAQ,Stock,Active,
PATH,UiPath Inc - Class A,NYSE,Stock,Active,
PATK,Patrick Industries Inc,NASDAQ,Stock,Active,
PATN,PACER NASDAQ INTERNATIONAL PATENT LEADERS ETF,NASDAQ,ETF,Active,
PATX,Tradr 2X Long PATH Daily ETF,BATS,ETF,Active,
PAUG,Innovator U.S. Equity Power Buffer ETF - August,BATS,ETF,Active,
PAVE,GLOBAL X U.S. INFRASTRUCTURE DEVELOPMENT ETF,BATS,ETF,Active,
PAVM,PAVmed Inc,NASDAQ,Stock,Active,
PAVS,Paranovus Entertainment Technology Ltd - Class A,NASDAQ,Stock,Active,
PAWZ,PROSHARES PET CARE ETF,BATS,ETF,Active,
PAX,Patria Investments Ltd - Class A,NASDAQ,Stock,Active,
PAXS,PIMCO Access Income Fund,NYSE,Stock,Active,
PAY,Paymentus Holdings Inc - Class A,NYSE,Stock,Active,
PAYC,Paycom Software Inc,NYSE,Stock,Active,
PAYH,TrueShares S&P Autocallable High Income ETF,BATS,ETF,Active,
PAYO,Payoneer Global Inc,NASDAQ,Stock,Active,
PAYP,PayPay Corp,NASDAQ,Stock,Active,
PAYR,Federated Hermes Enhanced Income ETF,BATS,ETF,Active,
PAYS,PaySign Inc,NASDAQ,Stock,Active,
PAYX,Paychex Inc,NASDAQ,Stock,Active,
PB,Prosperity Bancshares Inc,NYSE,Stock,Active,
PBA,Pembina Pipeline Corporation,NYSE,Stock,Active,
PBAP,PGIM S&P 500 BUFFER 20 ETF - APRIL,BATS,ETF,Active,
PBAU,PGIM S&P 500 BUFFER 20 ETF - AUGUST,BATS,ETF,Active,
PBD,INVESCO GLOBAL CLEAN ENERGY ETF,NYSE ARCA,ETF,Active,
PBDC,Putnam BDC Income ETF,NYSE ARCA,ETF,Active,
PBDE,PGIM S&P 500 BUFFER 20 ETF - DECEMBER,BATS,ETF,Active,
PBE,INVESCO BIOTECHNOLOGY & GENOME ETF,NYSE ARCA,ETF,Active,
PBEU,Portfolio Building Block European Banks Index ETF,NASDAQ,ETF,Active,
PBF,PBF Energy Inc - Class A,NYSE,Stock,Active,
PBFB,PGIM S&P 500 BUFFER 20 ETF - FEBRUARY,BATS,ETF,Active,
PBFR,PGIM LADDERED S&P 500 BUFFER 20 ETF,BATS,ETF,Active,
PBFS,Pioneer Bancorp Inc,NASDAQ,Stock,Active,
PBH,Prestige Consumer Healthcare Inc,NYSE,Stock,Active,
PBHC,Pathfinder Bancorp Inc,NASDAQ,Stock,Active,
PBI,Pitney Bowes Inc,NYSE,Stock,Active,
PBI-P-B,Pitney Bowes Inc,NYSE,Stock,Active,
PBJ,INVESCO FOOD & BEVERAGE ETF,NYSE ARCA,ETF,Active,
PBJA,PGIM S&P 500 BUFFER 20 ETF - JANUARY,BATS,ETF,Active,
PBJL,PGIM S&P 500 BUFFER 20 ETF - JULY,BATS,ETF,Active,
PBJN,PGIM S&P 500 BUFFER 20 ETF - JUNE,BATS,ETF,Active,
PBL,PGIM PORTFOLIO BALLAST ETF,BATS,ETF,Active,
PBM,Psyence Biomedical Ltd,NASDAQ,Stock,Active,
PBMR,PGIM S&P 500 BUFFER 20 ETF - MARCH,BATS,ETF,Active,
PBMWW,Psyence Biomedical Ltd - Warrants (25/01/2029),NASDAQ,Stock,Active,
PBMY,PGIM S&P 500 BUFFER 20 ETF - MAY,BATS,ETF,Active,
PBNV,PGIM S&P 500 BUFFER 20 ETF - NOVEMBER,BATS,ETF,Active,
PBOC,PGIM S&P 500 BUFFER 20 ETF - OCTOBER,BATS,ETF,Active,
PBOG,Portfolio Building Block Integrated Oil and Gas and Exploration and Production Index ETF,NASDAQ,ETF,Active,
PBOT,Pictet AI & Automation ETF,NYSE ARCA,ETF,Active,
PBP,INVESCO S&P 500 BUYWRITE ETF,NYSE ARCA,ETF,Active,
PBP:BAT,PowerShares S&P 500 BuyWrite Portfolio,BATS,Stock,Active,
PBPH,Portfolio Building Block World Pharma and Biotech Index ETF,NASDAQ,ETF,Active,
PBR,Petroleo Brasileiro S.A. Petrobras,NYSE,Stock,Active,
PBR-A,Petroleo Brasileiro S.A. Petrobras,NYSE,Stock,Active,
PBRG,Leverage Shares 2X Long PBR Daily ETF,NASDAQ,ETF,Active,
PBSE,PGIM S&P 500 BUFFER 20 ETF - SEPTEMBER,BATS,ETF,Active,
PBT,Permian Basin Royalty Trust,NYSE,Stock,Active,
PBTP,INVESCO 0-5 YR US TIPS ETF,BATS,ETF,Active,
PBUS,INVESCO MSCI USA ETF,BATS,ETF,Active,
PBW,INVESCO WILDERHILL CLEAN ENERGY ETF,NYSE ARCA,ETF,Active,
PBYI,Puma Biotechnology Inc,NASDAQ,Stock,Active,
PC,Premium Catering (Holdings) Ltd,NASDAQ,Stock,Active,
PCAP,Patriot Capital Funding Inc,NASDAQ,Stock,Active,
PCAPU,ProCap Acquisition Corp - Units (1 Ord Share Class A & 1/3 War),NASDAQ,Stock,Active,
PCAPW,ProCap Acquisition Corp Warrant,NASDAQ,Stock,Active,
PCAR,Paccar Inc,NASDAQ,Stock,Active,
PCB,PCB Bancorp.,NASDAQ,Stock,Active,
PCCE,Polen Capital China Growth ETF,NYSE ARCA,ETF,Active,
PCCT,Spectaire Holdings Inc - Class A,NASDAQ,Stock,Active,
PCCTU,Perception Capital Corp II - Units (1 Ord Share Class A & 1/2 War),NASDAQ,Stock,Active,
PCEB,Polen Euro High Yield Bond,NYSE ARCA,Stock,Active,
PCEF,INVESCO CEF INCOME COMPOSITE ETF,NYSE ARCA,ETF,Active,
PCEF:BAT,PowerShares CEF Income Composite Portfolio,NYSE ARCA,Stock,Active,
PCF,High Income Securities Fund,NYSE,ETF,Active,
PCFI,Polen Floating Rate Income ETF,NYSE ARCA,ETF,Active,
PCG,PG&E Corp,NYSE,Stock,Active,
PCG-P-A,Pacific Gas & Electric Company,NYSE MKT,Stock,Active,
PCG-P-B,Pacific Gas & Electric Company,NYSE MKT,Stock,Active,
PCG-P-C,Pacific Gas & Electric Company,NYSE MKT,Stock,Active,
PCG-P-D,Pacific Gas & Electric Company,NYSE MKT,Stock,Active,
PCG-P-E,Pacific Gas & Electric Company,NYSE MKT,Stock,Active,
PCG-P-G,Pacific Gas & Electric Company,NYSE MKT,Stock,Active,
PCG-P-H,Pacific Gas & Electric Company,NYSE MKT,Stock,Active,
PCG-P-I,Pacific Gas & Electric Company,NYSE MKT,Stock,Active,
PCGG,Polen Capital Global Growth ETF,NYSE ARCA,ETF,Active,
PCHI,FundVantage Trust Polen High Income,NYSE ARCA,Stock,Active,
PCIG,Polen Capital International Growth ETF,NYSE ARCA,ETF,Active,
PCLA,PicoCELA Inc,NASDAQ,Stock,Active,
PCLC,Polen 5Perspectives Large Growth,NYSE ARCA,Stock,Active,
PCLG,Polen Focus Growth ETF,NYSE ARCA,ETF,Active,
PCLN,Priceline.com Inc,NYSE ARCA,Stock,Active,
PCLO,VIRTUS SEIX AAA Private Credit CLO ETF,NYSE ARCA,ETF,Active,
PCM,PCM Fund Inc,NYSE,ETF,Active,
PCMM,BondBloxx Private Credit CLO ETF,NASDAQ,ETF,Active,
PCN,PIMCO Corporate & Income Strategy Fund,NYSE,ETF,Active,
PCOR,Procore Technologies Inc,NYSE,Stock,Active,
PCPI,PIMCO Inflation PLUS Active Exchange-Traded Fund,NASDAQ,ETF,Active,
PCQ,Pimco California Municipal Income Fund,NYSE,ETF,Active,
PCR,Simplify VettaFi Private Credit Strategy ETF,NYSE ARCA,ETF,Active,
PCRB,Putnam ESG Core Bond ETF,NYSE ARCA,ETF,Active,
PCRX,Pacira BioSciences Inc,NASDAQ,Stock,Active,
PCS,MetroPCS Communications Inc,BATS,Stock,Active,
PCSA,Processa Pharmaceuticals Inc,NASDAQ,Stock,Active,
PCSC,Perceptive Capital Solutions Corp - Class A,NASDAQ,Stock,Active,
PCSG,Polen 5Perspectives SmallMid Growth,NYSE ARCA,Stock,Active,
PCT,PureCycle Technologies Inc,NASDAQ,Stock,Active,
PCTTU,PureCycle Technologies Inc - Units (1 Ord Class A & 3/4 War),NASDAQ,Stock,Active,
PCTTW,PureCycle Technologies Inc - Warrants (17/03/2026),NASDAQ,Stock,Active,
PCTY,Paylocity Holding Corp,NASDAQ,Stock,Active,
PCVX,Vaxcyte Inc,NASDAQ,Stock,Active,
PCY,INVESCO EMERGING MARKETS SOVEREIGN DEBT ETF,NYSE ARCA,ETF,Active,
PCYO,Pure Cycle Corp,NASDAQ,Stock,Active,
PD,Pagerduty Inc,NYSE,Stock,Active,
PDBA,Invesco Agriculture Commodity Strategy No K-1 ETF,NASDAQ,ETF,Active,
PDBC,INVESCO OPTIMUM YIELD DIVERSIFIED COMMODITY STRATEGY NO K-1 ETF,NASDAQ,ETF,Active,
PDC,Earlyworks Co Ltd,NASDAQ,Stock,Active,
PDCC,Pearl Diver Credit Company Inc,NYSE,Stock,Active,
PDD,PDD Holdings Inc,NASDAQ,Stock,Active,
PDDL,GRANITESHARES 2X LONG PDD DAILY ETF,NASDAQ,ETF,Active,
PDEC,Innovator U.S. Equity Power Buffer ETF - December,BATS,ETF,Active,
PDEX,Pro-Dex Inc (co),NASDAQ,Stock,Active,
PDFS,PDF Solutions Inc,NASDAQ,Stock,Active,
PDI,PIMCO Dynamic Income Fund,NYSE,ETF,Active,
PDLB,Ponce Financial Group Inc,NASDAQ,Stock,Active,
PDLI:BAT,PDL BioPharma Inc,NASDAQ,Stock,Active,
PDM,Piedmont Office Realty Trust Inc - Class A,NYSE,Stock,Active,
PDN,INVESCO FTSE RAFI DEVELOPED MARKETS EX-U.S. SMALL-MID ETF,NYSE ARCA,ETF,Active,
PDO,PIMCO Dynamic Income Opportunities Fund,NYSE,ETF,Active,
PDP,INVESCO DORSEY WRIGHT MOMENTUM ETF,NASDAQ,ETF,Active,
PDS,Precision Drilling Corp,NYSE,Stock,Active,
PDSB,PDS Biotechnology Corporation,NASDAQ,Stock,Active,
PDT,John Hancock Premium Dividend Fund,NYSE,ETF,Active,
PDX,PIMCO Energy and Tactical Credit Opportunities Fund,NYSE,Stock,Active,
PDYN,Palladyne AI Corp,NASDAQ,Stock,Active,
PDYNW,Palladyne AI Corp - Warrants (24/09/2026),NASDAQ,Stock,Active,
PEB,Pebblebrook Hotel Trust,NYSE,Stock,Active,
PEB-P-E,Pebblebrook Hotel Trust,NYSE,Stock,Active,
PEB-P-F,Pebblebrook Hotel Trust,NYSE,Stock,Active,
PEB-P-G,Pebblebrook Hotel Trust,NYSE,Stock,Active,
PEB-P-H,Pebblebrook Hotel Trust,NYSE,Stock,Active,
PEBK,Peoples Bancorp Of North Carolina Inc,NASDAQ,Stock,Active,
PEBO,Peoples Bancorp Inc (Marietta OH),NASDAQ,Stock,Active,
PECEU,Peace Acquisition Corp - Units (1 Ord Shs1 Rts & 1 War),NASDAQ,Stock,Active,
PECO,Phillips Edison & Company Inc - New,NASDAQ,Stock,Active,
PED,PEDEVCO Corp,NYSE MKT,Stock,Active,
PEG,Public Service Enterprise Group Inc,NYSE,Stock,Active,
PEGA,Pegasystems Inc,NASDAQ,Stock,Active,
PEJ,INVESCO LEISURE AND ENTERTAINMENT ETF,NYSE ARCA,ETF,Active,
PELI,Pelican Acquisition Corp,NASDAQ,Stock,Active,
PELIR,Pelican Acquisition Corp,NASDAQ,Stock,Active,
PELIU,Pelican Acquisition Corp - Units (1 Ord Shs & 1 Rts),NASDAQ,Stock,Active,
PEMX,Putnam Emerging Markets ex-China ETF,NYSE ARCA,ETF,Active,
PEN,Penumbra Inc,NYSE,Stock,Active,
PENG,Penguin Solutions Inc,NASDAQ,Stock,Active,
PENN,PENN Entertainment Inc,NASDAQ,Stock,Active,
PEO,Adams Natural Resources Fund Inc,NYSE,ETF,Active,
PEP,PepsiCo Inc,NASDAQ,Stock,Active,
PEPG,PepGen Inc,NASDAQ,Stock,Active,
PEPLW,PepperLime Health Acquisition Corp - Warrants (01/10/2026),NASDAQ,Stock,Active,
PERF,Perfect Corp - Class A,NYSE,Stock,Active,
PERF-WS,Perfect Corp Warrants each exercisable for one Class A Ordinary Share at a price of 11.50 per share,NYSE,Stock,Active,
PERI,Perion Network Ltd,NASDAQ,Stock,Active,
PESI,Perma-Fix Environmental Services Inc,NASDAQ,Stock,Active,
PETS,Petmed Express Inc,NASDAQ,Stock,Active,
PETZ,TDH Holdings Inc,NASDAQ,Stock,Active,
PEW,GrabAGun Digital Holdings Inc,NYSE,Stock,Active,
PEW-WS,GrabAGun Digital Holdings Inc Warrants each whole warrant exercisable to purchase one share of Common Stock at an exercise price of 11.50 per share,NYSE,Stock,Active,
PEX,ProShares Global Listed Private Equity ETF,BATS,ETF,Active,
PEXL,PACER US EXPORT LEADERS ETF,NYSE ARCA,ETF,Active,
PEY,INVESCO HIGH YIELD EQUITY DIVIDEND ACHIEVERS ETF,NASDAQ,ETF,Active,
PEZ,INVESCO DORSEY WRIGHT CONSUMER CYCLICALS MOMENTUM ETF,NASDAQ,ETF,Active,
PFAI,Pinnacle Food Group Ltd - Class A,NASDAQ,Stock,Active,
PFBC,Preferred Bank,NASDAQ,Stock,Active,
PFD,Flaherty & Crumrine Preferred and Income Fund Inc,NYSE,ETF,Active,
PFE,Pfizer Inc,NYSE,Stock,Active,
PFEB,Innovator U.S. Equity Power Buffer ETF - February,BATS,ETF,Active,
PFEL,AXS 2X PFE Bull Daily ETF,NASDAQ,ETF,Active,
PFES,AXS 2X PFE Bear Daily ETF,NASDAQ,ETF,Active,
PFF,ISHARES PREFERRED AND INCOME SECURITIES ETF,NASDAQ,ETF,Active,
PFFA,VIRTUS INFRACAP U.S. PREFERRED STOCK ETF,NYSE ARCA,ETF,Active,
PFFD,GLOBAL X U.S. PREFERRED ETF,NYSE ARCA,ETF,Active,
PFFL,ETRACS 2xMonthly Pay Leveraged Preferred Stock Index ETN due September 25 2048,NYSE ARCA,ETF,Active,
PFFR,INFRACAP REIT PREFERRED ETF,NYSE ARCA,ETF,Active,
PFFV,GLOBAL X VARIABLE RATE PREFERRED ETF,NYSE ARCA,ETF,Active,
PFG,Principal Financial Group Inc,NASDAQ,Stock,Active,
PFGC,Performance Food Group Company,NYSE,Stock,Active,
PFH,Prudential Financial Inc,NYSE,Stock,Active,
PFI,INVESCO DORSEY WRIGHT FINANCIAL MOMENTUM ETF,NASDAQ,ETF,Active,
PFIG,INVESCO FUNDAMENTAL INVESTMENT GRADE CORPORATE BOND ETF,NYSE ARCA,ETF,Active,
PFIG:BAT,PowerShares Fundamental Investment Grade Corporate Bond Portfolio,NYSE ARCA,Stock,Active,
PFIS,Peoples Financial Services Corp,NASDAQ,Stock,Active,
PFIX,SIMPLIFY INTEREST RATE HEDGE ETF,NYSE ARCA,ETF,Active,
PFL,Pimco Income Strategy Fund,NYSE,ETF,Active,
PFLD,AAM LOW DURATION PREFERRED AND INCOME SECURITIES ETF,NYSE ARCA,ETF,Active,
PFLT,PennantPark Floating Rate Capital Ltd,NYSE,Stock,Active,
PFM,INVESCO DIVIDEND ACHIEVERS ETF,NASDAQ,ETF,Active,
PFN,Pimco Income Strategy Fund II,NYSE,ETF,Active,
PFO,Flaherty & Crumrine Preferred and Income Opportunity Fund Inc,NYSE,ETF,Active,
PFRL,PGIM FLOATING RATE INCOME ETF,NYSE ARCA,ETF,Active,
PFS,Provident Financial Services Inc,NYSE,Stock,Active,
PFSA,Profusa Inc,NASDAQ,Stock,Active,
PFSI,PennyMac Financial Services Inc,NYSE,Stock,Active,
PFUT,Putnam Sustainable Future ETF,NYSE ARCA,ETF,Active,
PFX,PhenixFIN Corp,NASDAQ,ETF,Active,
PFXF,VANECK PREFERRED SECURITIES EX FINANCIALS ETF,NYSE ARCA,ETF,Active,
PFXF:BAT,Market Vectors Preferred Securities ex Financials ETF,NYSE ARCA,ETF,Active,
PFXNL,PhenixFIN Corp,NASDAQ,Stock,Active,
PFXNZ,PhenixFIN Corp,NASDAQ,Stock,Active,
PG,Procter & Gamble Company,NYSE,Stock,Active,
PGAC,Pantages Capital Acquisition Corp Cl A Ord Shs,NASDAQ,Stock,Active,
PGACR,Pantages Capital Acquisition Corporation Right,NASDAQ,Stock,Active,
PGACU,Aifeex Nexus Acquisition Corp - Units ( Ord Cls A & 1 Rts),NASDAQ,Stock,Active,
PGC,Peapack-Gladstone Financial Corp,NASDAQ,Stock,Active,
PGEN,Precigen Inc,NASDAQ,Stock,Active,
PGF,INVESCO FINANCIAL PREFERRED ETF,NYSE ARCA,ETF,Active,
PGHY,INVESCO GLOBAL EX-US HIGH YIELD CORPORATE BOND ETF,NYSE ARCA,ETF,Active,
PGJ,INVESCO GOLDEN DRAGON CHINA ETF,NASDAQ,ETF,Active,
PGNY,Progyny Inc,NASDAQ,Stock,Active,
PGP,Pimco Global StocksPLUS & Income Fund,NYSE,ETF,Active,
PGR,Progressive Corp,NYSE,Stock,Active,
PGRI,Putnam International Stock ETF,NYSE ARCA,ETF,Active,
PGRO,Putnam Focused Large Cap Growth ETF,NYSE ARCA,ETF,Active,
PGX,INVESCO PREFERRED ETF,NYSE ARCA,ETF,Active,
PGY,Pagaya Technologies Ltd - Class A,NASDAQ,Stock,Active,
PGYWW,Pagaya Technologies Ltd - Warrants(01/09/2027),NASDAQ,Stock,Active,
PGZ,Principal Real Estate Income Fund,NYSE,ETF,Active,
PH,Parker-Hannifin Corp,NYSE,Stock,Active,
PHAR,Pharming Group N.V.,NASDAQ,Stock,Active,
PHAT,Phathom Pharmaceuticals Inc,NASDAQ,Stock,Active,
PHD,Pioneer Floating Rate Fund Inc,NYSE,ETF,Active,
PHDG,INVESCO S&P 500 DOWNSIDE HEDGED ETF,NYSE ARCA,ETF,Active,
PHDG:BAT,PowerShares S&P 500 Downside Hedged Portfolio,NYSE ARCA,Stock,Active,
PHEQ,PARAMETRIC HEDGED EQUITY ETF,NYSE ARCA,ETF,Active,
PHG,Koninklijke Philips N.V.,NYSE,Stock,Active,
PHGE,BiomX Inc,NYSE MKT,Stock,Active,
PHGE-U,BiomX Inc - Units (1 Ord & 1 War),NYSE MKT,Stock,Active,
PHI,PLDT Inc,NYSE,Stock,Active,
PHIN,PHINIA Inc,NYSE,Stock,Active,
PHIN-W,PHINIA Inc WhenIssued,NYSE,Stock,Active,
PHIO,Phio Pharmaceuticals Corp,NASDAQ,Stock,Active,
PHK,Pimco High Income Fund,NYSE,ETF,Active,
PHM,PulteGroup Inc,NYSE,Stock,Active,
PHO,INVESCO WATER RESOURCES ETF,NASDAQ,ETF,Active,
PHOE,Phoenix Asia Holdings Ltd,NASDAQ,Stock,Active,
PHR,Phreesia Inc,NYSE,Stock,Active,
PHUN,Phunware Inc,NASDAQ,Stock,Active,
PHVS,Pharvaris NV,NASDAQ,Stock,Active,
PHX,PHX Minerals Inc - Class A,NYSE,Stock,Active,
PHXE-P,Phoenix Energy One LLC.,NYSE MKT,Stock,Active,
PHXM,PHAXIAM Therapeutics SA ADR,NASDAQ,Stock,Active,
PHYD,Putnam ESG High Yield ETF,NYSE ARCA,ETF,Active,
PHYL,PGIM ACTIVE HIGH YIELD BOND ETF,NYSE ARCA,ETF,Active,
PHYS,Sprott Physical Gold Trust,NYSE ARCA,ETF,Active,
PHYS:BAT,Sprott Physical Gold Trust,NYSE ARCA,Stock,Active,
PI,Impinj Inc,NASDAQ,Stock,Active,
PICB,INVESCO INTERNATIONAL CORPORATE BOND ETF,NYSE ARCA,ETF,Active,
PICB:BAT,PowerShares International Corporate Bond Portfolio,NYSE ARCA,Stock,Active,
PICK,ISHARES MSCI GLOBAL METALS & MINING PRODUCERS ETF,BATS,ETF,Active,
PICK:BAT,Ishares Msci Global Metals & Mining Producers Etf,BATS,Stock,Active,
PICS,PicS N.V. - Class A,NASDAQ,Stock,Active,
PID,INVESCO INTERNATIONAL DIVIDEND ACHIEVERS ETF,NASDAQ,ETF,Active,
PIE,INVESCO DORSEY WRIGHT EMERGING MARKETS MOMENTUM ETF,NASDAQ,ETF,Active,
PIEQ,PRINCIPAL INTERNATIONAL EQUITY ETF,BATS,ETF,Active,
PIFI,CLEARSHARES PITON INTERMEDIATE FIXED INCOME ETF,NYSE ARCA,ETF,Active,
PII,Polaris Inc,NYSE,Stock,Active,
PIII,P3 Health Partners Inc - Class A,NASDAQ,Stock,Active,
PIIIW,P3 Health Partners Inc - Warrants (19/11/2026),NASDAQ,Stock,Active,
PILL,DIREXION DAILY PHARMACEUTICAL & MEDICAL BULL 3X SHARES,NYSE ARCA,ETF,Active,
PIM,Putnam Master Intermediate Income Trust,NYSE,ETF,Active,
PIN:BAT,PowerShares India Portfolio,NYSE ARCA,Stock,Active,
PINE,Alpine Income Property Trust Inc,NYSE,Stock,Active,
PINK,SIMPLIFY HEALTH CARE ETF,NYSE ARCA,ETF,Active,
PINS,Pinterest Inc - Class A,NYSE,Stock,Active,
PIO,INVESCO GLOBAL WATER ETF,NASDAQ,ETF,Active,
PIPE,Invesco SteelPath MLP & Energy Infrastructure ETF,AMEX,ETF,Active,
PIPR,Piper Sandler Co`s,NYSE,Stock,Active,
PIRS,Pieris Pharmaceuticals Inc,NASDAQ,Stock,Active,
PIT,VANECK COMMODITY STRATEGY ETF,BATS,ETF,Active,
PIZ,INVESCO DORSEY WRIGHT DEVELOPED MARKETS MOMENTUM ETF,NASDAQ,ETF,Active,
PJAN,Innovator U.S. Equity Power Buffer ETF - January,BATS,ETF,Active,
PJBF,PGIM JENNISON BETTER FUTURE ETF,BATS,ETF,Active,
PJFG,PGIM JENNISON FOCUSED GROWTH ETF,NYSE ARCA,ETF,Active,
PJFM,PGIM Jennison Focused Mid-Cap ETF,BATS,ETF,Active,
PJFV,PGIM JENNISON FOCUSED VALUE ETF,NYSE ARCA,ETF,Active,
PJIO,PGIM Jennison International Opportunities ETF,NYSE ARCA,ETF,Active,
PJP,INVESCO PHARMACEUTICALS ETF,NYSE ARCA,ETF,Active,
PJT,PJT Partners Inc - Class A,NYSE,Stock,Active,
PJUL,Innovator U.S. Equity Power Buffer ETF - July,BATS,ETF,Active,
PJUN,Innovator U.S. Equity Power Buffer ETF - June,BATS,ETF,Active,
PJUS,PGIM Jennison U.S. Core Equity,BATS,Stock,Active,
PK,Park Hotels & Resorts Inc,NYSE,Stock,Active,
PKB,INVESCO BUILDING & CONSTRUCTION ETF,NYSE ARCA,ETF,Active,
PKBK,Parke Bancorp Inc,NASDAQ,Stock,Active,
PKE,Park Aerospace Corp,NYSE,Stock,Active,
PKG,Packaging Corp Of America,NYSE,Stock,Active,
PKOH,Park-Ohio Holdings Corp,NASDAQ,Stock,Active,
PKW,INVESCO BUYBACK ACHIEVERS ETF,NASDAQ,ETF,Active,
PKX,POSCO Holdings Inc,NYSE,Stock,Active,
PL,Planet Labs PBC - Class A,NYSE,Stock,Active,
PL-WS,Planet Labs PBC Wt Exp 06122026,NYSE,Stock,Active,
PLA,nan,NYSE,Stock,Active,
PLAB,Photronics Inc,NASDAQ,Stock,Active,
PLAG,Planet Green Holdings Corp,NYSE MKT,Stock,Active,
PLAY,Dave & Buster`s Entertainment Inc,NASDAQ,Stock,Active,
PLBC,Plumas Bancorp.,NASDAQ,Stock,Active,
PLBL,Polibeli Group Ltd,NASDAQ,Stock,Active,
PLBY,PLBY Group Inc,NASDAQ,Stock,Active,
PLCE,Childrens Place Inc,NASDAQ,Stock,Active,
PLD,Prologis Inc,NYSE,Stock,Active,
PLDR,Putnam Sustainable Leaders ETF,NYSE ARCA,ETF,Active,
PLG,Platinum Group Metals Ltd,NYSE MKT,Stock,Active,
PLGI,PL Growth and Income ETF,BATS,ETF,Active,
PLGO,Pelagos Insurance Capital Ltd,NYSE,Stock,Active,
PLM-R-W,Polymet Mining Corp Rights expiring April 4 2023 Rights when issued,AMEX,Stock,Active,
PLMI,Plum Acquisition Corp I - Class A,NASDAQ,Stock,Active,
PLMIU,Plum Acquisition Corp I - Units (1 Ord Share Class A & 1/5 War),NASDAQ,Stock,Active,
PLMIW,Plum Acquisition Corp I - Warrants (15/03/2026),NASDAQ,Stock,Active,
PLMK,Plum Acquisition Corp IV - Class A,NASDAQ,Stock,Active,
PLMKU,Plum Acquisition Corp IV - Units (1 Ord cls A & 1/2 Warr),NASDAQ,Stock,Active,
PLMKW,Plum Acquisition Corp IV - Warrants (19/08/2029),NASDAQ,Stock,Active,
PLMR,Palomar Holdings Inc,NASDAQ,Stock,Active,
PLNT,Planet Fitness Inc - Class A,NYSE,Stock,Active,
PLOO,LEVERAGE SHARES 2X CAPPED ACCELERATED PLTR MONTHLY ETF,BATS,ETF,Active,
PLOW,Douglas Dynamics Inc,NYSE,Stock,Active,
PLPC,Preformed Line Products Company,NASDAQ,Stock,Active,
PLRX,Pliant Therapeutics Inc,NASDAQ,Stock,Active,
PLRZ,Polyrizon Ltd,NASDAQ,Stock,Active,
PLSE,Pulse Biosciences Inc,NASDAQ,Stock,Active,
PLSM,Pulsenmore Ltd,NASDAQ,Stock,Active,
PLT,nan,NYSE,Stock,Active,
PLTA,ProShares Trust Ultra PLTR,NYSE ARCA,Stock,Active,
PLTD,T-REX 2X INVERSE PLTR DAILY TARGET ETF,NASDAQ,ETF,Active,
PLTG,LEVERAGE SHARES 2X LONG PLTR DAILY ETF,NASDAQ,ETF,Active,
PLTK,Playtika Holding Corp,NASDAQ,Stock,Active,
PLTM,GraniteShares Platinum Shares,NYSE ARCA,ETF,Active,
PLTR,Palantir Technologies Inc - Class A,NASDAQ,Stock,Active,
PLTS,Platinum Analytics Cayman Ltd - Class A,NASDAQ,Stock,Active,
PLTU,T-REX 2X LONG PLTR DAILY TARGET ETF,NASDAQ,ETF,Active,
PLTW,ROUNDHILL PLTR WEEKLYPAY ETF,AMEX,ETF,Active,
PLTY,YieldMax PLTR Option Income Strategy ETF,NYSE ARCA,ETF,Active,
PLTZ,Defiance Daily Target 2x Short PLTR ETF,NASDAQ,ETF,Active,
PLUG,Plug Power Inc,NASDAQ,Stock,Active,
PLUL,Leverage Shares 2X Long PLUG Daily ETF,NASDAQ,ETF,Active,
PLUN-U,Plutonian Acquisition Corp II - Units (1 Ord Class A & 1 RTS),NYSE,Stock,Active,
PLUR,Pluri Inc,NASDAQ,Stock,Active,
PLUS,ePlus Inc,NASDAQ,Stock,Active,
PLUT,Plutus Financial Group Ltd,NASDAQ,Stock,Active,
PLX,Protalix BioTherapeutics Inc,NYSE MKT,Stock,Active,
PLXS,Plexus Corp,NASDAQ,Stock,Active,
PLYX,Polaryx Therapeutics Inc,NASDAQ,Stock,Active,
PM,Philip Morris International Inc,NYSE,Stock,Active,
PMAR,Innovator U.S. Equity Power Buffer ETF - March,BATS,ETF,Active,
PMAX,Powell Max Ltd - Class A,NASDAQ,Stock,Active,
PMAY,Innovator U.S. Equity Power Buffer ETF - May,BATS,ETF,Active,
PMBS,PIMCO Mortgage-Backed Securities Active Exchange-Traded Fund,NASDAQ,ETF,Active,
PMCB,PharmaCyte Biotech Inc,NASDAQ,Stock,Active,
PMEC,Primech Holdings Ltd,NASDAQ,Stock,Active,
PMF,Pimco Municipal Income Fund,NYSE,ETF,Active,
PMI,Picard Medical Inc,NYSE MKT,Stock,Active,
PMIO,PGIM MUNICIPAL INCOME OPPORTUNITIES ETF,NYSE ARCA,ETF,Active,
PML,Pimco Municipal Income Fund II,NYSE,ETF,Active,
PMM,Putnam Managed Municipal Income Trust.,NYSE,ETF,Active,
PMMF,iShares Prime Money Market ETF,NYSE ARCA,ETF,Active,
PMN,ProMIS Neurosciences Inc,NASDAQ,Stock,Active,
PMNT,Perfect Moment Ltd,NYSE MKT,Stock,Active,
PMO,Putnam Municipal Opportunities Trust,NYSE,ETF,Active,
PMT,Pennymac Mortgage Investment Trust,NYSE,Stock,Active,
PMT-P-A,Pennymac Mortgage Investment Trust,NYSE,Stock,Active,
PMT-P-B,Pennymac Mortgage Investment Trust,NYSE,Stock,Active,
PMT-P-C,Pennymac Mortgage Investment Trust,NYSE,Stock,Active,
PMTR,Perimeter Acquisition Corp I - Class A,NASDAQ,Stock,Active,
PMTRU,Perimeter Acquisition Corp I - Units (1 Ord Cls A & 1/2 War),NASDAQ,Stock,Active,
PMTRW,Perimeter Acquisition Corp I - Warrants (13/05/2030),NASDAQ,Stock,Active,
PMTS,CPI Card Group Inc,NASDAQ,Stock,Active,
PMTU,Pennymac Mortgage Investment Trust,NYSE,Stock,Active,
PMTV,Pennymac Mortgage Investment Trust,NYSE,Stock,Active,
PMTW,Pennymac Mortgage Investment Trust,NYSE,Stock,Active,
PMVP,PMV Pharmaceuticals Inc,NASDAQ,Stock,Active,
PMX,Pimco Municipal Income Fund III,NYSE,ETF,Active,
PN,Skycorp Solar Group Ltd - Series A,NASDAQ,Stock,Active,
PNBK,Patriot National Bancorp Inc,NASDAQ,Stock,Active,
PNC,PNC Financial Services Group Inc,NYSE,Stock,Active,
PNF,Pimco New York Municipal Income Fund,NYSE,ETF,Active,
PNFP,Pinnacle Financial Partners Inc,NYSE,Stock,Active,
PNFP-P-A,Pinnacle Financial Partners Inc,NYSE,Stock,Active,
PNFP-P-B,Pinnacle Financial Partners Inc,NYSE,Stock,Active,
PNFP-P-C,Pinnacle Financial Partners Inc,NYSE,Stock,Active,
PNI,Pimco New York Municipal Income Fund II,NYSE,ETF,Active,
PNNT,PennantPark Investment Corporation,NYSE,Stock,Active,
PNOV,Innovator U.S. Equity Power Buffer ETF - November,BATS,ETF,Active,
PNQI,INVESCO NASDAQ INTERNET ETF,NASDAQ,ETF,Active,
PNR,Pentair plc,NYSE,Stock,Active,
PNRG,PrimeEnergy Resources Corp,NASDAQ,Stock,Active,
PNST-WS,Pinstripes Holdings Inc Warrants,NYSE,Stock,Active,
PNTG,Pennant Group Inc,NASDAQ,Stock,Active,
PNW,Pinnacle West Capital Corp,NYSE,Stock,Active,
POAS,Phaos Technology (Cayman) Holdings Ltd - Class A,NYSE MKT,Stock,Active,
POCI,Precision Optics Corp Inc,NASDAQ,Stock,Active,
POCT,Innovator U.S. Equity Power Buffer ETF - October,BATS,ETF,Active,
PODC,PodcastOne Inc,NASDAQ,Stock,Active,
PODD,Insulet Corporation,NASDAQ,Stock,Active,
POEL,Defiance Daily Target 2X Long POET,BATS,Stock,Active,
POET,POET Technologies Inc,NASDAQ,Stock,Active,
POL-WS,Polished Inc Wt Exp 06022026,AMEX,Stock,Active,
POLA,Polar Power Inc,NASDAQ,Stock,Active,
POLE,Andretti Acquisition Corp II - Class A,NASDAQ,Stock,Active,
POLEU,Andretti Acquisition Corp II - Units (1 Ord Class A & 1/2 War),NASDAQ,Stock,Active,
POLEW,Andretti Acquisition Corp II - Warrants(09/09/2029),NASDAQ,Stock,Active,
POM,Pomdoctor Ltd,NASDAQ,Stock,Active,
PONO,Pono Capital Four Inc,NASDAQ,Stock,Active,
PONOR,Pono Capital Four Inc Rights,NASDAQ,Stock,Active,
PONOU,Pono Capital Four Inc - Units (1 Ord Cls A & 1 Rts),NASDAQ,Stock,Active,
PONX,Investment Managers Series Trust II Tradr 2X Long PONY Daily,BATS,Stock,Active,
PONY,Pony AI Inc,NASDAQ,Stock,Active,
POOL,Pool Corporation,NASDAQ,Stock,Active,
POR,Portland General Electric Company,NYSE,Stock,Active,
POST,Post Holdings Inc,NYSE,Stock,Active,
POWA,INVESCO BLOOMBERG PRICING POWER ETF,NYSE ARCA,ETF,Active,
POWI,Power Integrations Inc,NASDAQ,Stock,Active,
POWL,Powell Industries Inc,NASDAQ,Stock,Active,
POWR,iShares MSCI Global Energy Producers ETF,NYSE ARCA,ETF,Active,
POWW,AMMO Inc,NASDAQ,Stock,Active,
POWWP,AMMO Inc,NASDAQ,Stock,Active,
PPA,INVESCO AEROSPACE & DEFENSE ETF,NYSE ARCA,ETF,Active,
PPBT,Purple Biotech Ltd,NASDAQ,Stock,Active,
PPC,Pilgrim`s Pride Corp,NASDAQ,Stock,Active,
PPCB,Propanc Biopharma Inc,NASDAQ,Stock,Active,
PPEM,Putnam PanAgora ESG Emerging Markets Equity ETF,NYSE ARCA,ETF,Active,
PPG,PPG Industries Inc,NYSE,Stock,Active,
PPH,VanEck Pharmaceutical ETF,NASDAQ,ETF,Active,
PPHC,Public Policy Holding Company Inc,NASDAQ,Stock,Active,
PPIE,Putnam PanAgora ESG International Equity ETF,NYSE ARCA,ETF,Active,
PPIH,Perma-Pipe International Holdings Inc,NASDAQ,Stock,Active,
PPL,PPL Corp,NYSE,Stock,Active,
PPLC,PORTFOLIOPLUS S&P 500 (R) ETF,NYSE ARCA,ETF,Active,
PPLT,abrdn Physical Platinum Shares ETF,NYSE ARCA,ETF,Active,
PPLT:BAT,ETFS Physical Platinum Shares,NYSE ARCA,Stock,Active,
PPSI,Pioneer Power Solutions Inc,NASDAQ,Stock,Active,
PPT,Putnam Premier Income Trust,NYSE,ETF,Active,
PPTA,Perpetua Resources Corp Com,NASDAQ,Stock,Active,
PPTY,U.S. DIVERSIFIED REAL ESTATE ETF,NYSE ARCA,ETF,Active,
PQDI,PRINCIPAL SPECTRUM TAX-ADVANTAGED DIVIDEND ACTIVE ETF,NYSE ARCA,ETF,Active,
PQJL,PGIM Nasdaq-100 Buffer 12 ETF - July,NASDAQ,ETF,Active,
PQNT,Pictet AI Enhanced International Equity ETF,NYSE ARCA,ETF,Active,
PR,Permian Resources Corp - Class A,NYSE,Stock,Active,
PRA,Proassurance Corporation,NYSE,Stock,Active,
PRAA,PRA Group Inc,NASDAQ,Stock,Active,
PRAB,State Street IG Public & Private ABS,NYSE ARCA,Stock,Active,
PRAE,PLANROCK ALTERNATIVE GROWTH ETF,NYSE ARCA,ETF,Active,
PRAX,Praxis Precision Medicines Inc,NASDAQ,Stock,Active,
PRAY,FIS CHRISTIAN STOCK FUND,NYSE ARCA,ETF,Active,
PRCH,Porch Group Inc - Class A,NASDAQ,Stock,Active,
PRCP:BAT,Perceptron Inc,NASDAQ,Stock,Active,
PRCS,PARNASSUS CORE SELECT ETF,NYSE,ETF,Active,
PRCT,Procept BioRobotics Corp,NASDAQ,Stock,Active,
PRDO,Perdoceo Education Corporation,NASDAQ,Stock,Active,
PRDS,Pardes Biosciences Inc,NASDAQ,Stock,Active,
PRE,Prenetics Global Ltd - Class A,NASDAQ,Stock,Active,
PRE-P-J,PartnerRe Ltd 4.875 Fixed Rate NonCumulative Redeemable Preferred Shares Series J,NYSE,Stock,Active,
PREF,PRINCIPAL SPECTRUM PREFERRED SECURITIES ACTIVE ETF,NYSE ARCA,ETF,Active,
PRENW,Prenetics Global Ltd - Warrants(17/05/2027),NASDAQ,Stock,Active,
PRF,INVESCO RAFI US 1000 ETF,NYSE ARCA,ETF,Active,
PRFD,PIMCO PREFERRED AND CAPITAL SECURITIES ACTIVE EXCHANGE-TRADED FUND,NYSE ARCA,ETF,Active,
PRFX,PRF Technologies Ltd,NASDAQ,Stock,Active,
PRFZ,INVESCO RAFI US 1500 SMALL-MID ETF,NASDAQ,ETF,Active,
PRG,PROG Holdings Inc,NYSE,Stock,Active,
PRGO,Perrigo Company plc,NYSE,Stock,Active,
PRGS,Progress Software Corp,NASDAQ,Stock,Active,
PRGX:BAT,PRGX Global Inc,NASDAQ,Stock,Active,
PRH,Prudential Financial Inc,NYSE,Stock,Active,
PRHI,Presurance Holdings Inc,NASDAQ,Stock,Active,
PRHIZ,Presurance Holdings Inc Sr Nt,NASDAQ,Stock,Active,
PRI,Primerica Inc,NYSE,Stock,Active,
PRIF-P-D,Priority Income Fund Inc 700 Series D Term Preferred Stock due 2029,NYSE,Stock,Active,
PRIF-P-I,Priority Income Fund Inc,NYSE,Stock,Active,
PRIF-P-K,Priority Income Fund Inc,NYSE,Stock,Active,
PRIF-P-L,Priority Income Fund Inc 6.375 Series L Term Preferred Stock Due 2029,NYSE,Stock,Active,
PRIM,Primoris Services Corp,NYSE,Stock,Active,
PRK,Park National Corp,NYSE MKT,Stock,Active,
PRKS,SeaWorld Entertainment Inc,NYSE,Stock,Active,
PRLB,Proto Labs Inc,NYSE,Stock,Active,
PRLD,Prelude Therapeutics Inc,NASDAQ,Stock,Active,
PRM,Perimeter Solutions Inc,NYSE,Stock,Active,
PRMB,Primo Brands Corp - Class A,NYSE,Stock,Active,
PRME,Prime Medicine Inc,NASDAQ,Stock,Active,
PRMR,PeakShares RMR Prime Equity ETF,NASDAQ,ETF,Active,
PRN,Invesco Dorsey Wright Industrials Momentum ETF,NASDAQ,ETF,Active,
PRNT,THE 3D PRINTING ETF,BATS,ETF,Active,
PROF,Profound Medical Corp,NASDAQ,Stock,Active,
PROK,ProKidney Corp - Class A,NASDAQ,Stock,Active,
PROV,Provident Financial Holdings Inc,NASDAQ,Stock,Active,
PRPL,Purple Innovation Inc - Class A,NASDAQ,Stock,Active,
PRPO,Precipio Inc,NASDAQ,Stock,Active,
PRQR,ProQR Therapeutics N.V,NASDAQ,Stock,Active,
PRSD,SSGA Active Trust State Street Short Duration IG Public & Private Credit,NYSE ARCA,Stock,Active,
PRSO,Peraso Inc,NASDAQ,Stock,Active,
PRSU,Pursuit Attractions and Hospitality Inc,NYSE,Stock,Active,
PRT,PermRock Royalty Trust,NYSE,Stock,Active,
PRTA,Prothena Corporation plc,NASDAQ,Stock,Active,
PRTH,Priority Technology Holdings Inc,NASDAQ,Stock,Active,
PRTS,CarParts.com Inc,NASDAQ,Stock,Active,
PRU,Prudential Financial Inc,NYSE,Stock,Active,
PRVA,Privia Health Group Inc,NASDAQ,Stock,Active,
PRVS,PARNASSUS VALUE SELECT ETF,NYSE,ETF,Active,
PRZO,ParaZero Technologies Ltd,NASDAQ,Stock,Active,
PS,Pluralsight Inc - Class A,NASDAQ,Stock,Active,
PSA,Public Storage.,NYSE,Stock,Active,
PSA-P-F,Public Storage.,NYSE,Stock,Active,
PSA-P-G,Public Storage.,NYSE,Stock,Active,
PSA-P-H,Public Storage.,NYSE,Stock,Active,
PSA-P-I,Public Storage.,NYSE,Stock,Active,
PSA-P-J,Public Storage.,NYSE,Stock,Active,
PSA-P-K,Public Storage.,NYSE,Stock,Active,
PSA-P-L,Public Storage.,NYSE,Stock,Active,
PSA-P-M,Public Storage.,NYSE,Stock,Active,
PSA-P-N,Public Storage.,NYSE,Stock,Active,
PSA-P-O,Public Storage.,NYSE,Stock,Active,
PSA-P-P,Public Storage.,NYSE,Stock,Active,
PSA-P-Q,Public Storage.,NYSE,Stock,Active,
PSA-P-R,Public Storage.,NYSE,Stock,Active,
PSA-P-S,Public Storage.,NYSE,Stock,Active,
PSAI,PACER S&P 500 3AI TOP 100 ETF,NASDAQ,ETF,Active,
PSBD,Palmer Square Capital BDC Inc,NYSE,Stock,Active,
PSC,Principal U.S. Small-Cap ETF,NASDAQ,ETF,Active,
PSCC,INVESCO S&P SMALLCAP CONSUMER STAPLES ETF,NASDAQ,ETF,Active,
PSCD,INVESCO S&P SMALLCAP CONSUMER DISCRETIONARY ETF,NASDAQ,ETF,Active,
PSCE,INVESCO S&P SMALLCAP ENERGY ETF,NASDAQ,ETF,Active,
PSCF,INVESCO S&P SMALLCAP FINANCIALS ETF,NASDAQ,ETF,Active,
PSCH,INVESCO S&P SMALLCAP HEALTH CARE ETF,NASDAQ,ETF,Active,
PSCI,INVESCO S&P SMALLCAP INDUSTRIALS ETF,NASDAQ,ETF,Active,
PSCJ,PACER SWAN SOS CONSERVATIVE (JULY) ETF,BATS,ETF,Active,
PSCM,INVESCO S&P SMALLCAP MATERIALS ETF,NASDAQ,ETF,Active,
PSCQ,PACER SWAN SOS CONSERVATIVE (OCTOBER) ETF,BATS,ETF,Active,
PSCT,INVESCO S&P SMALLCAP INFORMATION TECHNOLOGY ETF,NASDAQ,ETF,Active,
PSCU,INVESCO S&P SMALLCAP UTILITIES & COMMUNICATION SERVICES ETF,NASDAQ,ETF,Active,
PSCW,PACER SWAN SOS CONSERVATIVE (APRIL) ETF,BATS,ETF,Active,
PSCX,PACER SWAN SOS CONSERVATIVE (JANUARY) ETF,BATS,ETF,Active,
PSDM,PGIM SHORT DURATION MULTI-SECTOR BOND ETF,BATS,ETF,Active,
PSEC,Prospect Capital Corp,NASDAQ,Stock,Active,
PSEC-P-A,Prospect Capital Corp,NYSE,Stock,Active,
PSEP,Innovator U.S. Equity Power Buffer ETF - September,BATS,ETF,Active,
PSET,PRINCIPAL QUALITY ETF,NASDAQ,ETF,Active,
PSF,Cohen & Steers Select Preferred and Income Fund Inc,NYSE,ETF,Active,
PSFD,PACER SWAN SOS FLEX (JANUARY) ETF,BATS,ETF,Active,
PSFE,Paysafe Ltd - Class A,NYSE,Stock,Active,
PSFF,PACER SWAN SOS FUND OF FUNDS ETF,BATS,ETF,Active,
PSFJ,PACER SWAN SOS FLEX (JULY) ETF,BATS,ETF,Active,
PSFM,PACER SWAN SOS FLEX (APRIL) ETF,BATS,ETF,Active,
PSFO,PACER SWAN SOS FLEX (OCTOBER) ETF,BATS,ETF,Active,
PSH,PGIM SHORT DURATION HIGH YIELD ETF,BATS,ETF,Active,
PSHG,Performance Shipping Inc,NASDAQ,Stock,Active,
PSI,INVESCO SEMICONDUCTORS ETF,NYSE ARCA,ETF,Active,
PSIG,PS International Group Ltd,NASDAQ,Stock,Active,
PSIL,ADVISORSHARES PSYCHEDELICS ETF,NYSE ARCA,ETF,Active,
PSIX,Power Solutions International Inc,NASDAQ,Stock,Active,
PSK,SPDR(R) ICE PREFERRED SECURITIES ETF,NYSE ARCA,ETF,Active,
PSK:BAT,SPDR Wells Fargo Preferred Stock ETF,NYSE ARCA,ETF,Active,
PSKY,Paramount Skydance Corp - Class B,NASDAQ,Stock,Active,
PSL,Invesco Dorsey Wright Consumer Staples Momentum ETF,NASDAQ,ETF,Active,
PSLV,Sprott Physical Silver Trust,NYSE ARCA,ETF,Active,
PSLV:BAT,Sprott Physical Silver Trust,NYSE ARCA,Stock,Active,
PSMD,PACER SWAN SOS MODERATE (JANUARY) ETF,BATS,ETF,Active,
PSMJ,PACER SWAN SOS MODERATE (JULY) ETF,BATS,ETF,Active,
PSMO,PACER SWAN SOS MODERATE (OCTOBER) ETF,BATS,ETF,Active,
PSMR,PACER SWAN SOS MODERATE (APRIL) ETF,BATS,ETF,Active,
PSMT,Pricesmart Inc,NASDAQ,Stock,Active,
PSN,Parsons Corp,NYSE,Stock,Active,
PSNL,Personalis Inc,NASDAQ,Stock,Active,
PSNY,Polestar Automotive Holding UK PLC,NASDAQ,Stock,Active,
PSNYW,Polestar Automotive Holding UK PLC,NASDAQ,Stock,Active,
PSO,Pearson plc,NYSE,Stock,Active,
PSP,INVESCO GLOBAL LISTED PRIVATE EQUITY ETF,NYSE ARCA,ETF,Active,
PSQ,ProShares Short QQQ -1x Shares,NYSE ARCA,ETF,Active,
PSQA,Palmer Square CLO Senior Debt ETF,NYSE ARCA,ETF,Active,
PSQH,PSQ Holdings Inc - Class A,NYSE,Stock,Active,
PSQH-WS,PSQ Holdings Inc - Warrants (01/01/9999),NYSE,Stock,Active,
PSQO,Palmer Square Credit Opportunities ETF,NYSE ARCA,ETF,Active,
PSR,INVESCO ACTIVE U.S. REAL ESTATE ETF,NYSE ARCA,ETF,Active,
PSR:BAT,PowerShares Active U.S. Real Estate Fund,NYSE ARCA,Stock,Active,
PST,PROSHARES ULTRASHORT 7-10 YEAR TREASURY,NYSE ARCA,ETF,Active,
PSTL,Postal Realty Trust Inc Cls A,NYSE,Stock,Active,
PSTP,Innovator Power Buffer Step-Up Strategy ETF,NYSE ARCA,ETF,Active,
PSTR,PeakShares Sector Rotation ETF,NASDAQ,ETF,Active,
PSTV,Plus Therapeutics Inc,NASDAQ,Stock,Active,
PSTX,Poseida Therapeutics Inc,NASDAQ,Stock,Active,
PSUS,Pershing Square USA Ltd (New),NYSE,Stock,Active,
PSWD,XTRACKERS CYBERSECURITY SELECT EQUITY ETF,NASDAQ,ETF,Active,
PSX,Phillips 66,NYSE,Stock,Active,
PTA,Cohen & Steers Tax-Advantaged Preferred Securities & Income Fund,NYSE,Stock,Active,
PTACU,Patriot Acquisition Corp - Units (1 Ord Cls A & 1/2 War),NASDAQ,Stock,Active,
PTBD,PACER TRENDPILOT US BOND ETF,NYSE ARCA,ETF,Active,
PTC,PTC Inc,NASDAQ,Stock,Active,
PTCT,PTC Therapeutics Inc,NASDAQ,Stock,Active,
PTEN,Patterson-UTI Energy Inc,NASDAQ,Stock,Active,
PTEST,PTEST,NYSE ARCA,Stock,Active,
PTEST-A,nan,NYSE ARCA,Stock,Active,
PTEST-W,nan,NYSE ARCA,Stock,Active,
PTEST-X,nan,NYSE ARCA,Stock,Active,
PTEST-Y,nan,NYSE ARCA,Stock,Active,
PTEU,PACER TRENDPILOT EUROPEAN INDEX ETF,BATS,ETF,Active,
PTF,INVESCO DORSEY WRIGHT TECHNOLOGY MOMENTUM ETF,NASDAQ,ETF,Active,
PTGX,Protagonist Therapeutics Inc,NASDAQ,Stock,Active,
PTH,INVESCO DORSEY WRIGHT HEALTHCARE MOMENTUM ETF,NASDAQ,ETF,Active,
PTHR,Pono Capital Three Inc - Class A,NASDAQ,Stock,Active,
PTHRW,Pono Capital Three Inc - Warrants (11/01/2028),NASDAQ,Stock,Active,
PTHS,Channel Therapeutics Corporation,NYSE MKT,Stock,Active,
PTIN,PACER TRENDPILOT INTERNATIONAL ETF,NYSE ARCA,ETF,Active,
PTIR,GRANITESHARES 2X LONG PLTR DAILY ETF,NASDAQ,ETF,Active,
PTL,INSPIRE 500 ETF,NYSE ARCA,ETF,Active,
PTLC,PACER TRENDPILOT US LARGE CAP ETF,BATS,ETF,Active,
PTLE,PTL Ltd,NASDAQ,Stock,Active,
PTLO,Portillos Inc - Class A,NASDAQ,Stock,Active,
PTMC,PACER TRENDPILOT US MID CAP ETF,BATS,ETF,Active,
PTN,Palatin Technologies Inc,AMEX,Stock,Active,
PTNM,Pitanium Ltd - Class A,NASDAQ,Stock,Active,
PTNQ,PACER TRENDPILOT 100 ETF,NASDAQ,ETF,Active,
PTNT,Internet Patents Corp,NASDAQ,Stock,Active,
PTON,Peloton Interactive Inc - Class A,NASDAQ,Stock,Active,
PTOR,Praetorian Acquisition Corp,NASDAQ,Stock,Active,
PTORU,Praetorian Acquisition Corp - Units (1 Ord cls A & 1/3 War),NASDAQ,Stock,Active,
PTORW,Praetorian Acquisition Corp Warrant,NASDAQ,Stock,Active,
PTRB,PGIM TOTAL RETURN BOND ETF,NYSE ARCA,ETF,Active,
PTRN,Pattern Group Inc - Class A,NASDAQ,Stock,Active,
PTVCB:BAT,Baldwin & Lyons Inc,NASDAQ,Stock,Active,
PTWOU,SBC Medical Group Holdings Inc - Units (1 Ord Class A & 1 War),NASDAQ,Stock,Active,
PTY,PIMCO Corporate & Income Opportunity Fund,NYSE,ETF,Active,
PUBM,PubMatic Inc - Class A,NASDAQ,Stock,Active,
PUI,INVESCO DORSEY WRIGHT UTILITIES MOMENTUM ETF,NASDAQ,ETF,Active,
PUK,Prudential plc,NYSE,Stock,Active,
PULM,Pulmatrix Inc,NASDAQ,Stock,Active,
PULS,PGIM ULTRA SHORT BOND ETF,NYSE ARCA,ETF,Active,
PULT,Putnam ESG Ultra Short ETF,NYSE ARCA,ETF,Active,
PUMP,ProPetro Holding Corp,NYSE,Stock,Active,
PURR,Hyperliquid Strategies Inc,NASDAQ,Stock,Active,
PUSA,Aureus Greenway Holdings Inc,NASDAQ,Stock,Active,
PUSH,PGIM ULTRA SHORT MUNICIPAL BOND ETF,NYSE ARCA,ETF,Active,
PVAL,Putnam Focused Large Cap Value ETF,NYSE ARCA,ETF,Active,
PVEX,TRUESHARES CONVEQUITY ETF,BATS,ETF,Active,
PVH,PVH Corp,NYSE,Stock,Active,
PVI,INVESCO FLOATING RATE MUNICIPAL INCOME ETF,NYSE ARCA,ETF,Active,
PVL,Permianville Royalty Trust,NYSE,Stock,Active,
PVLA,Palvella Therapeutics Inc,NASDAQ,Stock,Active,
PW,Power REIT,NYSE MKT,Stock,Active,
PW-P-A,Power REIT,NYSE MKT,Stock,Active,
PWB,INVESCO LARGE CAP GROWTH ETF,NYSE ARCA,ETF,Active,
PWER,MACQUARIE ENERGY TRANSITION ETF,NYSE ARCA,ETF,Active,
PWM,Prestige Wealth Inc,NASDAQ,Stock,Active,
PWP,Perella Weinberg Partners - Class A,NASDAQ,Stock,Active,
PWR,Quanta Services Inc,NYSE,Stock,Active,
PWRD,Perfect World Company. Ltd. ADR,NASDAQ,Stock,Active,
PWS,PACER WEALTHSHIELD ETF,BATS,ETF,Active,
PWV,INVESCO LARGE CAP VALUE ETF,NYSE ARCA,ETF,Active,
PWZ,INVESCO CALIFORNIA AMT-FREE MUNICIPAL BOND ETF,NYSE ARCA,ETF,Active,
PXDT,Pixie Dust Technologies Inc,NASDAQ,Stock,Active,
PXE,INVESCO ENERGY EXPLORATION & PRODUCTION ETF,NYSE ARCA,ETF,Active,
PXED,Phoenix Education Partners Inc,NYSE,Stock,Active,
PXF,INVESCO RAFI DEVELOPED MARKETS EX-U.S. ETF,NYSE ARCA,ETF,Active,
PXF:BAT,PowerShares FTSE RAFI Developed Markets exU.S. Portfolio,NYSE ARCA,Stock,Active,
PXH,INVESCO RAFI EMERGING MARKETS ETF,NYSE ARCA,ETF,Active,
PXI,INVESCO DORSEY WRIGHT ENERGY MOMENTUM ETF,NASDAQ,ETF,Active,
PXIU,TREX 2X Long UPXI Daily Target ETF,BATS,ETF,Active,
PXJ,INVESCO OIL & GAS SERVICES ETF,NYSE ARCA,ETF,Active,
PXLW,Pixelworks Inc,NASDAQ,Stock,Active,
PXS,Pyxis Tankers Inc,NASDAQ,Stock,Active,
PY,PRINCIPAL VALUE ETF,NASDAQ,ETF,Active,
PYLD,PIMCO Multisector Bond Active Exchange-Traded Fund,NYSE ARCA,ETF,Active,
PYN,Pimco New York Municipal Income Fund III,NYSE,ETF,Active,
PYPD,Polypid Ltd,NASDAQ,Stock,Active,
PYPG,LEVERAGE SHARES 2X LONG PYPL DAILY ETF,NASDAQ,ETF,Active,
PYPL,PayPal Holdings Inc,NASDAQ,Stock,Active,
PYPS,AXS 1.5X PYPL Bear Daily ETF,NASDAQ,ETF,Active,
PYPT,AXS 1.5X PYPL Bull Daily ETF,NASDAQ,ETF,Active,
PYPU,Direxion Daily PYPL Bull 2X,NYSE ARCA,ETF,Active,
PYPY,YIELDMAX(R) PYPL OPTION INCOME STRATEGY ETF,NYSE ARCA,ETF,Active,
PYR,PyroGenesis Canada Inc,NASDAQ,Stock,Active,
PYT,PPLUS Trust Series GSC-2,NYSE,Stock,Active,
PYXS,Pyxis Oncology Inc,NASDAQ,Stock,Active,
PYZ,INVESCO DORSEY WRIGHT BASIC MATERIALS MOMENTUM ETF,NASDAQ,ETF,Active,
PZA,INVESCO NATIONAL AMT-FREE MUNICIPAL BOND ETF,NYSE ARCA,ETF,Active,
PZC,Pimco California Municipal Income Fund III,NYSE,ETF,Active,
PZG,Paramount Gold Nevada Corp,NYSE MKT,Stock,Active,
PZIV,Pzena International Value,NYSE ARCA,ETF,Active,
PZLV,Pzena U.S. Large Cap Value,NYSE ARCA,ETF,Active,
PZT,INVESCO NEW YORK AMT-FREE MUNICIPAL BOND ETF,NYSE ARCA,ETF,Active,
PZZA,Papa John`s International Inc,NASDAQ,Stock,Active,
Q,Quintiles Transnational Holdings Inc,NYSE,Stock,Active,
Q-W,Qnity Electronics Inc WhenIssued,NYSE,Stock,Active,
QABA,FIRST TRUST NASDAQ ABA COMMUNITY BANK INDEX FUND,NASDAQ,ETF,Active,
QADR,QDRO Acquisition Corp - Class A,NASDAQ,Stock,Active,
QADRU,QDRO Acquisition Corp - Units (1 Ord Cls A & 1/2 War),NASDAQ,Stock,Active,
QADRW,QDRO Acquisition Corp - Warrants (27/03/2031),NASDAQ,Stock,Active,
QAI,NYLI HEDGE MULTI-STRATEGY TRACKER ETF,NYSE ARCA,ETF,Active,
QAI:BAT,IQ Hedge MultiStrategy Tracker ETF,NYSE ARCA,ETF,Active,
QARP,XTRACKERS RUSSELL 1000 US QUALITY AT A REASONABLE PRICE ETF,NYSE ARCA,ETF,Active,
QAT,ISHARES MSCI QATAR ETF,NASDAQ,ETF,Active,
QB,ProShares Nasdaq100 Dynamic Buffer ETF,NASDAQ,ETF,Active,
QBER,TRUESHARES QUARTERLY BEAR HEDGE ETF,BATS,ETF,Active,
QBF,Innovator Uncapped Bitcoin 20 Floor ETF - Quarterly,BATS,ETF,Active,
QBIG,Invesco Top QQQ ETF,NASDAQ,ETF,Active,
QBKF,AllianzIM U.S. Small Cap Buffer15,BATS,Stock,Active,
QBKV,AllianzIM U.S. Small Cap Buffer5,BATS,Stock,Active,
QBTS,D-Wave Quantum Inc,NYSE,Stock,Active,
QBTZ,Defiance Daily Target 2x Short QBTS ETF,NASDAQ,ETF,Active,
QBUF,Innovator Nasdaq-100 10 Buffer ETF Quarterly,NASDAQ,ETF,Active,
QBUL,TRUESHARES QUARTERLY BULL HEDGE ETF,BATS,ETF,Active,
QBY,GraniteShares YieldBoost QBTS ETF,NASDAQ,ETF,Active,
QCAP,FT VEST NASDAQ-100 CONSERVATIVE BUFFER ETF - APRIL,BATS,ETF,Active,
QCJL,FT VEST NASDAQ-100 CONSERVATIVE BUFFER ETF - JULY,BATS,ETF,Active,
QCLN,FIRST TRUST NASDAQ CLEAN EDGE GREEN ENERGY INDEX FUND,NASDAQ,ETF,Active,
QCLR,GLOBAL X NASDAQ 100 COLLAR 95-110 ETF,NASDAQ,ETF,Active,
QCLS,Q/C Technologies Inc,NASDAQ,Stock,Active,
QCMD,Direxion Daily QCOM Bear 1X ETF,NASDAQ,ETF,Active,
QCML,GRANITESHARES 2X LONG QCOM DAILY ETF,NASDAQ,ETF,Active,
QCMU,Direxion Daily QCOM Bull 2X ETF,NASDAQ,ETF,Active,
QCOC,FT Vest Nasdaq-100 Conservative Buffer ETF - October,BATS,ETF,Active,
QCOM,Qualcomm Inc,NASDAQ,Stock,Active,
QCRH,QCR Holding Inc,NASDAQ,Stock,Active,
QDEC,FT VEST NASDAQ-100 BUFFER ETF - DECEMBER,BATS,ETF,Active,
QDEF,FLEXSHARES QUALITY DIVIDEND DEFENSIVE INDEX FUND,NYSE ARCA,ETF,Active,
QDEF:BAT,Flexshares Quality Dividend Defensive Index Fund,NYSE ARCA,Stock,Active,
QDEL,QuidelOrtho Corporation,NASDAQ,Stock,Active,
QDF,FLEXSHARES QUALITY DIVIDEND INDEX FUND,NYSE ARCA,ETF,Active,
QDF:BAT,Flexshares Quality Dividend Index Fund,NYSE ARCA,Stock,Active,
QDIV,GLOBAL X S&P 500 QUALITY DIVIDEND ETF,NYSE ARCA,ETF,Active,
QDPL,PACER METAURUS US LARGE CAP DIVIDEND MULTIPLIER 400 ETF,NYSE ARCA,ETF,Active,
QDTE,ROUNDHILL INNOVATION-100 0DTE COVERED CALL STRATEGY ETF,BATS,ETF,Active,
QDTY,YieldMax Nasdaq 100 0DTE Covered Call Strategy ETF,NASDAQ,ETF,Active,
QDVO,CWP Growth & Income ETF,NYSE ARCA,ETF,Active,
QDYN,FlexShares Quality Dividend Dynamic Index Fund,NYSE ARCA,ETF,Active,
QEFA,SPDR MSCI EAFE STRATEGICFACTORS ETF,NYSE ARCA,ETF,Active,
QEMM,SPDR MSCI EMERGING MARKETS STRATEGICFACTORS ETF,NYSE ARCA,ETF,Active,
QETA,Quetta Acquisition Corp,NASDAQ,Stock,Active,
QETAR,Quetta Acquisition Corp,NASDAQ,Stock,Active,
QETAU,Quetta Acquisition Corp - Units (1 1 Rights),NASDAQ,Stock,Active,
QETH,Invesco Galaxy Ethereum ETF,BATS,ETF,Active,
QEW,Invesco QQQ Equal Weight ETF,NASDAQ,ETF,Active,
QFIN,360 DigiTech Inc,NASDAQ,Stock,Active,
QFLR,INNOVATOR NASDAQ-100 MANAGED FLOOR ETF,NYSE ARCA,ETF,Active,
QGEN,Qiagen NV,NYSE,Stock,Active,
QGRD,HORIZON NASDAQ-100 DEFINED RISK ETF,NASDAQ,ETF,Active,
QGRO,AMERICAN CENTURY U.S. QUALITY GROWTH ETF,NYSE ARCA,ETF,Active,
QGRW,WISDOMTREE U.S. QUALITY GROWTH FUND,NYSE ARCA,ETF,Active,
QHDG,Innovator Hedged Nasdaq-100 ETF,NASDAQ,ETF,Active,
QHY,WISDOMTREE U.S. HIGH YIELD CORPORATE BOND FUND,BATS,ETF,Active,
QID,PROSHARES ULTRASHORT QQQ,NYSE ARCA,ETF,Active,
QIDX,INDEXPERTS QUALITY EARNINGS FOCUSED ETF,NYSE ARCA,ETF,Active,
QIG,WISDOMTREE U.S. CORPORATE BOND FUND,BATS,ETF,Active,
QINT,AMERICAN CENTURY QUALITY DIVERSIFIED INTERNATIONAL ETF,NYSE ARCA,ETF,Active,
QIPT,Quipt Home Medical Corp,NASDAQ,Stock,Active,
QIS,SIMPLIFY MULTI-QIS ALTERNATIVE ETF,NYSE ARCA,ETF,Active,
QJUN,FT VEST NASDAQ-100 BUFFER ETF - JUNE,BATS,ETF,Active,
QLC,FLEXSHARES US QUALITY LARGE CAP INDEX FUND,BATS,ETF,Active,
QLD,PROSHARES ULTRA QQQ,NYSE ARCA,ETF,Active,
QLEP-U,Quantum Leap Acquisition Corp - Units (1 Ord Cls A & 1 War),NYSE,Stock,Active,
QLTA,ISHARES AAA - A RATED CORPORATE BOND ETF,NYSE ARCA,ETF,Active,
QLTA:BAT,Ishares Aaa A Rated Corporate Bond Etf,NYSE ARCA,Stock,Active,
QLTI,GMO INTERNATIONAL QUALITY ETF,NYSE ARCA,ETF,Active,
QLTY,GMO U.S. QUALITY ETF,NASDAQ,ETF,Active,
QLV,FLEXSHARES US QUALITY LOW VOLATILITY INDEX FUND,NYSE ARCA,ETF,Active,
QLVD,FLEXSHARES DEVELOPED MARKETS EX-US QUALITY LOW VOLATILITY INDEX FUND,NYSE ARCA,ETF,Active,
QLVE,FLEXSHARES EMERGING MARKETS QUALITY LOW VOLATILITY INDEX FUND,NYSE ARCA,ETF,Active,
QLYS,Qualys Inc,NASDAQ,Stock,Active,
QMAG,FT VEST NASDAQ-100 MODERATE BUFFER ETF - AUGUST,BATS,ETF,Active,
QMAR,FT VEST NASDAQ-100 BUFFER ETF - MARCH,BATS,ETF,Active,
QMCO,Quantum Corp,NASDAQ,Stock,Active,
QMID,WISDOMTREE U.S. MIDCAP QUALITY GROWTH FUND,NASDAQ,ETF,Active,
QMMM,QMMM Holdings Ltd,NASDAQ,Stock,Active,
QMMY,FT VEST NASDAQ-100 MODERATE BUFFER ETF - MAY,BATS,ETF,Active,
QMOM,ALPHA ARCHITECT U.S. QUANTITATIVE MOMENTUM ETF,BATS,ETF,Active,
QMY,Corgi Growth & Technology 10 Structured Buffer ETF May Series,BATS,Stock,Active,
QNC,Quantum eMotion Corp,AMEX,Stock,Active,
QNCX,Quince Therapeutics Inc,NASDAQ,Stock,Active,
QNRX,Quoin Pharmaceuticals Ltd,NASDAQ,Stock,Active,
QNST,QuinStreet Inc,NASDAQ,Stock,Active,
QNTM,FSD Pharma Inc - Class B - Class B (Sub Voting),NASDAQ,Stock,Active,
QNXT,iShares Nasdaq-100 ex Top 30 ETF,NASDAQ,ETF,Active,
QOWZ,Invesco Nasdaq Free Cash Flow Achievers ETF,NASDAQ,ETF,Active,
QPUX,Defiance 2X Daily Long Pure Quantum ETF,NASDAQ,ETF,Active,
QPX,ADVISORSHARES Q DYNAMIC GROWTH ETF,NYSE ARCA,ETF,Active,
QQA,Invesco QQQ Income Advantage ETF,NASDAQ,ETF,Active,
QQDN,ProShares UltraShort Top QQQ,NASDAQ,Stock,Active,
QQEW,FIRST TRUST NASDAQ-100 EQUAL WEIGHTED INDEX FUND,NASDAQ,ETF,Active,
QQH,HCM DEFENDER 100 INDEX ETF,NYSE ARCA,ETF,Active,
QQHG,Invesco QQQ Hedged Advantage ETF,NASDAQ,ETF,Active,
QQLV,Invesco QQQ Low Volatility ETF,NASDAQ,ETF,Active,
QQMG,Invesco ESG NASDAQ 100 ETF,NASDAQ,ETF,Active,
QQMY,Corgi Growth & Technology 15 Structured Buffer ETF May Series,BATS,Stock,Active,
QQQ,Invesco QQQ Trust Series 1,NASDAQ,ETF,Active,
QQQA,PROSHARES NASDAQ-100 DORSEY WRIGHT MOMENTUM ETF,NASDAQ,ETF,Active,
QQQD,DIREXION DAILY MAGNIFICENT 7 BEAR 1X SHARES,NYSE ARCA,ETF,Active,
QQQE,DIREXION NASDAQ-100(R) EQUAL WEIGHTED INDEX SHARES,NASDAQ,ETF,Active,
QQQG,PACER NASDAQ 100 TOP 50 CASH COWS GROWTH LEADERS ETF,NASDAQ,ETF,Active,
QQQH,NEOS NASDAQ-100(R) HEDGED EQUITY INCOME ETF,NASDAQ,ETF,Active,
QQQI,NEOS NASDAQ-100(R) HIGH INCOME ETF,NASDAQ,ETF,Active,
QQQJ,INVESCO NASDAQ NEXT GEN 100 ETF,NASDAQ,ETF,Active,
QQQM,INVESCO NASDAQ 100 ETF,NASDAQ,ETF,Active,
QQQP,TRADR 2X LONG INNOVATION 100 QUARTERLY ETF,NASDAQ,ETF,Active,
QQQS,INVESCO NASDAQ FUTURE GEN 200 ETF,NASDAQ,ETF,Active,
QQQT,DEFIANCE NASDAQ 100 INCOME TARGET ETF,NASDAQ,ETF,Active,
QQQU,DIREXION DAILY MAGNIFICENT 7 BULL 2X SHARES,NYSE ARCA,ETF,Active,
QQQX,Nuveen NASDAQ 100 Dynamic Overwrite Fund,NASDAQ,ETF,Active,
QQQY,DEFIANCE NASDAQ 100 WEEKLY DISTRIBUTION ETF,NASDAQ,ETF,Active,
QQUP,ProShares Ultra Top QQQ,NASDAQ,Stock,Active,
QQXL,ProShares Ultra QQQ Top 30,NASDAQ,Stock,Active,
QQXT,FIRST TRUST NASDAQ-100 EX-TECHNOLOGY SECTOR INDEX FUND,NASDAQ,ETF,Active,
QRED,QuasarEdge Acquisition Corporation,NYSE,Stock,Active,
QRED-R,QuasarEdge Acquisition Corporation Rights to receive onefourth 14 of one Ordinary Share,NYSE,Stock,Active,
QRFT,QRAFT AI-ENHANCED U.S. LARGE CAP ETF,NYSE ARCA,ETF,Active,
QRHC,Quest Resource Holding Corp,NASDAQ,Stock,Active,
QRMI,GLOBAL X NASDAQ 100 RISK MANAGED INCOME ETF,NASDAQ,ETF,Active,
QRTEA,nan,NASDAQ,Stock,Active,
QRTEB,QVC Group Inc Com Ser B,NASDAQ,Stock,Active,
QRVO,Qorvo Inc,NASDAQ,Stock,Active,
QS,QuantumScape Corp - Class A,NYSE,Stock,Active,
QSEA,Quartzsea Acquisition Corp,NASDAQ,Stock,Active,
QSEAR,Quartzsea Acquisition Corp,NASDAQ,Stock,Active,
QSEAU,Quartzsea Acquisition Corp - Units (1 Ord Shs & 1 Rts),NASDAQ,Stock,Active,
QSI,Quantum-Si Incorporated - Class A,NASDAQ,Stock,Active,
QSIAW,Quantum-Si Incorporated - Warrants (10/06/2026),NASDAQ,Stock,Active,
QSIG,WISDOMTREE U.S. SHORT-TERM CORPORATE BOND FUND,BATS,ETF,Active,
QSIX,PACER METARUS NASDAQ 100 DIVIDEND MULTIPLIER 600 ETF,NASDAQ,ETF,Active,
QSML,WISDOMTREE U.S. SMALLCAP QUALITY GROWTH FUND,NASDAQ,ETF,Active,
QSOL,Common Shares of Beneficial Interest,BATS,Stock,Active,
QSPT,FT VEST NASDAQ-100 BUFFER ETF - SEPTEMBER,BATS,ETF,Active,
QSR,Restaurant Brands International Inc,NYSE,Stock,Active,
QSU,Defiance Daily Target 2X Long QS ETF,NYSE ARCA,ETF,Active,
QSX,Tradr 2X Long QS Daily ETF,BATS,ETF,Active,
QTAC,Q3 AllSeason Tactical Advantage ETF,BATS,ETF,Active,
QTAP,Innovator Growth Accelerated Plus ETF - April,BATS,ETF,Active,
QTEC,FIRST TRUST NASDAQ-100-TECHNOLOGY SECTOR INDEX FUND,NASDAQ,ETF,Active,
QTEX,QTREX Quantum Ltd,NASDAQ,Stock,Active,
QTEXW,QTREX Quantum Ltd - Warrants (30/06/2026),NASDAQ,Stock,Active,
QTI,QT Imaging Holdings Inc Com,NASDAQ,Stock,Active,
QTJA,Innovator Growth Accelerated Plus ETF - January,BATS,ETF,Active,
QTJL,Innovator Growth Accelerated Plus ETF - July,BATS,ETF,Active,
QTNT,nan,NASDAQ,Stock,Active,
QTOC,Innovator Growth Accelerated Plus ETF - October,BATS,ETF,Active,
QTOP,iShares Nasdaq Top 30 Stocks ETF,NASDAQ,ETF,Active,
QTR,GLOBAL X NASDAQ 100 TAIL RISK ETF,NASDAQ,ETF,Active,
QTRX,Quanterix Corp,NASDAQ,Stock,Active,
QTTB,Q32 Bio Inc,NASDAQ,Stock,Active,
QTUM,DEFIANCE QUANTUM ETF,NASDAQ,ETF,Active,
QTWO,Q2 Holdings Inc,NYSE,Stock,Active,
QUAD,Quad/Graphics Inc - Class A,NYSE,Stock,Active,
QUAL,ISHARES MSCI USA QUALITY FACTOR ETF,BATS,ETF,Active,
QUBT,Quantum Computing Inc,NASDAQ,Stock,Active,
QUBX,TRADR 2X LONG QUBT DAILY ETF,BATS,ETF,Active,
QUCY,nan,NASDAQ,Stock,Active,
QUIK,Quicklogic Corp,NASDAQ,Stock,Active,
QUIZ,QUIZNOS CORP,NYSE ARCA,Stock,Active,
QULL,UBS AG London Branch,NYSE ARCA,Stock,Active,
QUMS,Quantumsphere Acquisition Corp,NASDAQ,Stock,Active,
QUMSR,Quantumsphere Acquisition Corp,NASDAQ,Stock,Active,
QUMSU,Quantumsphere Acquisition Corp - Units (1 Ord Shs & 1 Rts),NASDAQ,Stock,Active,
QURE,uniQure N.V.,NASDAQ,Stock,Active,
QUS,SPDR MSCI USA STRATEGICFACTORS ETF,NYSE ARCA,ETF,Active,
QUSA,VistaShares Target 15 USA Quality Income ETF,NYSE ARCA,ETF,Active,
QVAL,ALPHA ARCHITECT U.S. QUANTITATIVE VALUE ETF,BATS,ETF,Active,
QVML,INVESCO S&P 500 QVM MULTI-FACTOR ETF,NYSE ARCA,ETF,Active,
QVMM,INVESCO S&P MIDCAP 400 QVM MULTI-FACTOR ETF,NYSE ARCA,ETF,Active,
QVMS,INVESCO S&P SMALLCAP 600 QVM MULTI-FACTOR ETF,NYSE ARCA,ETF,Active,
QVMT,Invesco S&P 500 Enhanced Value ETF,NYSE ARCA,ETF,Active,
QVOY,Q3 ALL-SEASON ACTIVE ROTATION ETF,BATS,ETF,Active,
QWLD,SPDR MSCI WORLD STRATEGICFACTORS ETF,NYSE ARCA,ETF,Active,
QWST,Harbor Small Cap Explorer ETF,NYSE ARCA,ETF,Active,
QXAS,Quantify 2X Daily Alt Season Crypto ETF,NYSE ARCA,ETF,Active,
QXL,ViewBix Inc,NASDAQ,Stock,Active,
QXO,QXO Inc,NYSE,Stock,Active,
QXQ,SGI ENHANCED NASDAQ-100 ETF,NASDAQ,ETF,Active,
QYLD,GLOBAL X NASDAQ 100 COVERED CALL ETF,NASDAQ,ETF,Active,
QYLG,GLOBAL X NASDAQ 100 COVERED CALL & GROWTH ETF,NASDAQ,ETF,Active,
R,Ryder System Inc,NYSE,Stock,Active,
RA,Brookfield Real Assets Income Fund Inc,NYSE,ETF,Active,
RAAA,Advisor Managed Portfolios Reckoner Leveraged AAA CLO,NYSE ARCA,Stock,Active,
RAAQ,Real Asset Acquisition Corp - Class A,NASDAQ,Stock,Active,
RAAQU,Real Asset Acquisition Corp - Units (1 Ord Cls A & 1/2 War),NASDAQ,Stock,Active,
RAAQW,Real Asset Acquisition Corp - Warrants (24/04/2030),NASDAQ,Stock,Active,
RAAX,VANECK REAL ASSETS ETF,NYSE ARCA,ETF,Active,
RAC-U,Rithm Acquisition Corp Units each consists of one Class A Ordinary Share and onethird of one redeemable Warrant,NYSE,Stock,Active,
RAC-WS,Rithm Acquisition Corp Redeemable warrants each whole warrant exercisable for one Class A ordinary share at an exercise price of 11.50,NYSE,Stock,Active,
RACC,Research Alliance Corp III - Class A,NASDAQ,Stock,Active,
RACE,Ferrari N.V.,NYSE,Stock,Active,
RAFE,PIMCO RAFI ESG U.S. ETF,NYSE ARCA,ETF,Active,
RAIL,FreightCar America Inc,NASDAQ,Stock,Active,
RAINW,Rain Enhancement Technologies Holdco Inc Warrants,NASDAQ,Stock,Active,
RAL-W,Ralliant Corporation WhenIssued,NYSE,Stock,Active,
RAMMU,Aries I Acquisition Corp - Units (1 Ord Share Class A & 1/2 War),NASDAQ,Stock,Active,
RAMP,LiveRamp Holdings Inc,NYSE,Stock,Active,
RAND,Rand Capital Corp,NASDAQ,Stock,Active,
RANG,Range Capital Acquisition Corp,NASDAQ,Stock,Active,
RANGR,Range Capital Acquisition Corp,NASDAQ,Stock,Active,
RANGU,Range Capital Acquisition Corp - Units (1 Ord & 1 Rts),NASDAQ,Stock,Active,
RANI,Rani Therapeutics Holdings Inc Class A,NASDAQ,Stock,Active,
RAPP,Rapport Therapeutics Inc,NASDAQ,Stock,Active,
RARE,Ultragenyx Pharmaceutical Inc,NASDAQ,Stock,Active,
RAVE,Rave Restaurant Group Inc,NASDAQ,Stock,Active,
RAVI,FLEXSHARES ULTRA-SHORT INCOME FUND,NYSE ARCA,ETF,Active,
RAY,Raytech Holding Ltd,NASDAQ,Stock,Active,
RAYA,Erayak Power Solution Group Inc - Class A,NASDAQ,Stock,Active,
RAYJ,RAYLIANT SMDAM JAPAN EQUITY ETF,NYSE ARCA,ETF,Active,
RB,ProShares Russell 2000 Dynamic Buffer ETF,BATS,ETF,Active,
RBA,RB Global Inc,NYSE,Stock,Active,
RBB,RBB Bancorp,NASDAQ,Stock,Active,
RBBN,Ribbon Communications Inc - New,NASDAQ,Stock,Active,
RBC,RBC Bearings Inc,NYSE,Stock,Active,
RBCAA,Republic Bancorp Inc (KY) - Class A,NASDAQ,Stock,Active,
RBCP,RBC Bearings Incorporated 5.00 Series A Mandatory Convertible Preferred Stock,NYSE,Stock,Active,
RBKB,Rhinebeck Bancorp Inc,NASDAQ,Stock,Active,
RBLD,FIRST TRUST ALERIAN U.S. NEXTGEN INFRASTRUCTURE ETF,NYSE ARCA,ETF,Active,
RBLU,T-REX 2X LONG RBLX DAILY TARGET ETF,AMEX,ETF,Active,
RBLX,Roblox Corporation - Class A,NYSE,Stock,Active,
RBLY,YIELDMAX(R) RBLX OPTION INCOME STRATEGY ETF,NYSE ARCA,ETF,Active,
RBNE,Robin Energy Ltd,NASDAQ,Stock,Active,
RBNEV,Robin Energy Ltd,NASDAQ,Stock,Active,
RBOT-WS,Vicarious Surgical Inc Warrants each whole warrant exercisable for one share of Class A Common Stock at an exercise price of 11.50 per share,NYSE,Stock,Active,
RBRK,Rubrik Inc - Class A,NYSE,Stock,Active,
RBT-WS,Rubicon Technologies Inc Warrants each whole warrant exercisable to purchase one share of Class A Common Stock at an exercise price of 11.50 per share,NYSE,Stock,Active,
RBUF,Innovator U.S. Small Cap 10 Buffer ETF - Quarterly,BATS,ETF,Active,
RC,Ready Capital Corp,NYSE,Stock,Active,
RC-P-C,Ready Capital Corp,NYSE,Stock,Active,
RC-P-E,Ready Capital Corp,NYSE,Stock,Active,
RCAT,Red Cat Holdings Inc,NASDAQ,Stock,Active,
RCAX,Defiance Daily Target 2x Long RCAT ETF,NASDAQ,ETF,Active,
RCD,Ready Capital Corp,NYSE,Stock,Active,
RCEL,AVITA Medical Inc,NASDAQ,Stock,Active,
RCFA-U,RCF Acquisition Corp Units each consisting of one Class A ordinary share and onehalf of one redeemable warrant,NYSE,Stock,Active,
RCG,RENN Fund Inc,NYSE MKT,ETF,Active,
RCI,Rogers Communications Inc - Class B,NYSE,Stock,Active,
RCKT,Rocket Pharmaceuticals Inc,NASDAQ,Stock,Active,
RCKTW,Rocket Pharmaceuticals Inc - Warrants (02/09/2026),NASDAQ,Stock,Active,
RCKY,Rocky Brands Inc,NASDAQ,Stock,Active,
RCL,Royal Caribbean Group,NYSE,Stock,Active,
RCLFU,Spectral AI Inc - Units (1 Ord Share Class A & 1/3 War),NASDAQ,Stock,Active,
RCLO,Reckoner BBBB CLO ETF,NYSE ARCA,ETF,Active,
RCM,R1 RCM Inc,NASDAQ,Stock,Active,
RCMT,RCM Technologies Inc,NASDAQ,Stock,Active,
RCON,Recon Technology Ltd - Class A,NASDAQ,Stock,Active,
RCOR-WS,Renovacor Inc Wt,AMEX,Stock,Active,
RCS,PIMCO Strategic Income Fund Inc,NYSE,ETF,Active,
RCT,RedCloud Holdings PLC,NASDAQ,Stock,Active,
RCTR,First Trust Bloomberg Nuclear Power ETF,NYSE ARCA,ETF,Active,
RCUS,Arcus Biosciences Inc,NYSE,Stock,Active,
RDAC,Rising Dragon Acquisition Corp,NASDAQ,Stock,Active,
RDACR,Rising Dragon Acquisition Corp,NASDAQ,Stock,Active,
RDACU,Rising Dragon Acquisition Corp - Units (1 Ord Shs & 1 Rts),NASDAQ,Stock,Active,
RDAG,Republic Digital Acquisition Co. - Class A,NASDAQ,Stock,Active,
RDAGU,Republic Digital Acquisition Co. - Units (1 Ord Cls A & 1/2 War),NASDAQ,Stock,Active,
RDAGW,Republic Digital Acquisition Co. - Warrants (01/05/2030),NASDAQ,Stock,Active,
RDCM,Radcom,NASDAQ,Stock,Active,
RDDT,Reddit Inc - Class A,NYSE,Stock,Active,
RDFI,RAREVIEW DYNAMIC FIXED INCOME ETF,BATS,ETF,Active,
RDFN,Redfin Corp,NASDAQ,Stock,Active,
RDGT,Ridgetech Inc,NASDAQ,Stock,Active,
RDHL,Redhill Biopharma Ltd,NASDAQ,Stock,Active,
RDI,Reading International Inc - Class A,NASDAQ,Stock,Active,
RDIB,Reading International Inc - Class B,NASDAQ,Stock,Active,
RDIV,INVESCO S&P ULTRA DIVIDEND REVENUE ETF,NYSE ARCA,ETF,Active,
RDN,Radian Group Inc,NYSE,Stock,Active,
RDNT,Radnet Inc,NASDAQ,Stock,Active,
RDNW,RideNow Group Inc - Class B,NASDAQ,Stock,Active,
RDOG,ALPS REIT DIVIDEND DOGS ETF,NYSE ARCA,ETF,Active,
RDTE,ROUNDHILL RUSSELL 2000 0DTE COVERED CALL STRATEGY ETF,BATS,ETF,Active,
RDTL,GRANITESHARES 2X LONG RDDT DAILY ETF,NASDAQ,ETF,Active,
RDTY,YIELDMAX(R) R2000 0DTE COVERED CALL STRATEGY ETF,NASDAQ,ETF,Active,
RDVI,FT VEST RISING DIVIDEND ACHIEVERS TARGET INCOME ETF,BATS,ETF,Active,
RDVT,Red Violet Inc,NASDAQ,Stock,Active,
RDVY,FIRST TRUST RISING DIVIDEND ACHIEVERS ETF,NASDAQ,ETF,Active,
RDW,Redwire Corporation,NYSE,Stock,Active,
RDW-WS,Redwire Corporation Redeemable Warrants,NYSE,Stock,Active,
RDWR,Radware,NASDAQ,Stock,Active,
RDWU,TREX 2X Long RDW Daily Target,BATS,Stock,Active,
RDY,Dr. Reddy`s Laboratories Ltd,NYSE,Stock,Active,
RDYY,YieldMax RDDT Option Income Strategy ETF,NYSE ARCA,ETF,Active,
RDZN,Roadzen Inc,NASDAQ,Stock,Active,
RDZNW,Roadzen Inc - Warrants (30/11/2028),NASDAQ,Stock,Active,
REA,Rare Earths Americas Inc,NYSE MKT,Stock,Active,
REAI,INTELLIGENT REAL ESTATE ETF,NASDAQ,ETF,Active,
REAL,Therealreal Inc,NASDAQ,Stock,Active,
REAX,The Real Brokerage Inc,NASDAQ,Stock,Active,
REBN,Reborn Coffee Inc,NASDAQ,Stock,Active,
RECS,COLUMBIA RESEARCH ENHANCED CORE ETF,NYSE ARCA,ETF,Active,
RECT,Rectitude Holdings Ltd,NASDAQ,Stock,Active,
REE,REE Automotive Ltd - Class A,NASDAQ,Stock,Active,
REEDD,Reeds Inc,AMEX,Stock,Active,
REET,ISHARES GLOBAL REIT ETF,NYSE ARCA,ETF,Active,
REFA,INVESCO INTERNATIONAL REVENUE ETF,BATS,ETF,Active,
REFI,Chicago Atlantic Real Estate Finance Inc,NASDAQ,Stock,Active,
REFR,Research Frontiers Inc,NASDAQ,Stock,Active,
REG,Regency Centers Corporation,NASDAQ,Stock,Active,
REGCO,Regency Centers Corporation,NASDAQ,Stock,Active,
REGCP,Regency Centers Corporation,NASDAQ,Stock,Active,
REGL,PROSHARES S&P MIDCAP 400 DIVIDEND ARISTOCRATS ETF,BATS,ETF,Active,
REGN,Regeneron Pharmaceuticals Inc,NASDAQ,Stock,Active,
REGS,Columbia Large Cap Growth,NYSE ARCA,Stock,Active,
REI,Ring Energy Inc,NYSE MKT,Stock,Active,
REIT,ALPS ACTIVE REIT ETF,NASDAQ,ETF,Active,
REK,PROSHARES SHORT REAL ESTATE,NYSE ARCA,ETF,Active,
REK:BAT,ProShares Short Real Estate,NYSE ARCA,Stock,Active,
REKR,Rekor Systems Inc,NASDAQ,Stock,Active,
RELI,Reliance Global Group Inc,NASDAQ,Stock,Active,
RELL,Richardson Electronics Ltd,NASDAQ,Stock,Active,
RELX,RELX Plc,NYSE,Stock,Active,
RELY,Remitly Global Inc,NASDAQ,Stock,Active,
REM,iShares Mortgage Real Estate ETF,BATS,ETF,Active,
REMC,REMEC INC,NASDAQ,Stock,Active,
REMG,EMERGING MARKETS EQUITY ACTIVE ETF,NASDAQ,ETF,Active,
REMX,VANECK RARE EARTH AND STRATEGIC METALS ETF,NYSE ARCA,ETF,Active,
REMX:BAT,Market Vectors Rare EarthStrategic Metals Etf,NYSE ARCA,Stock,Active,
RENB,nan,NASDAQ,Stock,Active,
RENT,Rent the Runway Inc - Class A,NASDAQ,Stock,Active,
RENX,RenX Enterprises Corp,NASDAQ,Stock,Active,
REPL,Replimune Group Inc,NASDAQ,Stock,Active,
REPX,Riley Exploration Permian Inc,NYSE MKT,Stock,Active,
RERE,ATRenew Inc,NYSE,Stock,Active,
RES,RPC Inc,NYSE,Stock,Active,
RESM,Columbia Research Enhanced Small Cap,NYSE ARCA,Stock,Active,
RETL,DIREXION DAILY RETAIL BULL 3X SHARES,NYSE ARCA,ETF,Active,
RETO,ReTo Eco-Solutions Inc,NASDAQ,Stock,Active,
REUN,Reunion Neuroscience Inc,NASDAQ,Stock,Active,
REVB,Revelation Biosciences Inc,NASDAQ,Stock,Active,
REVBW,Revelation Biosciences Inc - Warrants(10/01/2027),NASDAQ,Stock,Active,
REVS,COLUMBIA RESEARCH ENHANCED VALUE ETF,NYSE ARCA,ETF,Active,
REW,ProShares UltraShort Technology -2x Shares,NYSE ARCA,ETF,Active,
REX,REX American Resources Corp,NYSE,Stock,Active,
REXC,Sprott Rare Earths ExChina ETF,NASDAQ,ETF,Active,
REXR,Rexford Industrial Realty Inc,NYSE,Stock,Active,
REXR-P-B,Rexford Industrial Realty Inc,NYSE,Stock,Active,
REXR-P-C,Rexford Industrial Realty Inc,NYSE,Stock,Active,
REYN,Reynolds Consumer Products Inc,NASDAQ,Stock,Active,
REZ,iShares Residential and Multisector Real Estate ETF,NYSE ARCA,ETF,Active,
REZ:BAT,iShares Residential Real Estat,NYSE ARCA,Stock,Active,
REZI,Resideo Technologies Inc,NYSE,Stock,Active,
RF,Regions Financial Corp,NYSE,Stock,Active,
RF-P-C,Regions Financial Corp,NYSE,Stock,Active,
RF-P-E,Regions Financial Corp,NYSE,Stock,Active,
RFAI,RF Acquisition Corp II,NASDAQ,Stock,Active,
RFAIR,RF Acquisition Corp II,NASDAQ,Stock,Active,
RFAIU,RF Acquisition Corp II - Units (1 Ord & 1 Rts),NASDAQ,Stock,Active,
RFAM,RF Acquisition Corp III,NASDAQ,Stock,Active,
RFAMR,RF Acquisition Corp III Rights,NASDAQ,Stock,Active,
RFAMU,RF Acquisition Corp III - Units (1 Ord Shs & 1 Rts),NASDAQ,Stock,Active,
RFCI,ALPS DYNAMIC CORE INCOME ETF,NYSE ARCA,ETF,Active,
RFDA,ALPS DYNAMIC US DIVIDEND ADVANTAGE ETF,NYSE ARCA,ETF,Active,
RFDI,FIRST TRUST RIVERFRONT DYNAMIC DEVELOPED INTERNATIONAL ETF,NASDAQ,ETF,Active,
RFEM,FIRST TRUST RIVERFRONT DYNAMIC EMERGING MARKETS ETF,NASDAQ,ETF,Active,
RFEU,First Trust RiverFront Dynamic Europe ETF,NASDAQ,ETF,Active,
RFFC,ALPS ACTIVE EQUITY OPPORTUNITY ETF,NYSE ARCA,ETF,Active,
RFG,INVESCO S&P MIDCAP 400 PURE GROWTH ETF,NYSE ARCA,ETF,Active,
RFI,Cohen & Steers Total Return Realty Fund Inc,NYSE,ETF,Active,
RFIL,RF Industries Ltd,NASDAQ,Stock,Active,
RFIX,Simplify Downside Interest Rate Hedge Strategy ETF,NYSE ARCA,ETF,Active,
RFL,Rafael Holdings Inc - Class B,NYSE,Stock,Active,
RFL-WS,Rafael Holdings Inc Warrants to Purchase Shares of Class B Common Stock,NYSE,Stock,Active,
RFLR,Innovator U.S. Small Cap Managed Floor ETF,NYSE ARCA,ETF,Active,
RFM,RiverNorth Flexible Municipal Income Fund Inc,NYSE,Stock,Active,
RFMZ,RiverNorth Flexible Municipal Income Fund II Inc,NYSE,Stock,Active,
RFV,INVESCO S&P MIDCAP 400 PURE VALUE ETF,NYSE ARCA,ETF,Active,
RGA,Reinsurance Group Of America Inc,NYSE,Stock,Active,
RGC,Regencell Bioscience Holdings Ltd,NASDAQ,Stock,Active,
RGCO,RGC Resources Inc,NASDAQ,Stock,Active,
RGEF,ROCKEFELLER GLOBAL EQUITY ETF,NYSE ARCA,ETF,Active,
RGEN,Repligen Corp,NASDAQ,Stock,Active,
RGLD,Royal Gold Inc,NASDAQ,Stock,Active,
RGLS,Regulus Therapeutics Inc,NASDAQ,Stock,Active,
RGNT,Regentis Biomaterials Ltd,NYSE MKT,Stock,Active,
RGNX,Regenxbio Inc,NASDAQ,Stock,Active,
RGP,Resources Connection Inc,NASDAQ,Stock,Active,
RGR,Sturm Ruger & Co. Inc,NYSE,Stock,Active,
RGT,Royce Global Value Trust Inc,NYSE,ETF,Active,
RGTI,Rigetti Computing Inc,NASDAQ,Stock,Active,
RGTIW,Rigetti Computing Inc - Warrants (03/03/2027),NASDAQ,Stock,Active,
RGTZ,Defiance Daily Target 2x Short RGTI ETF,NASDAQ,ETF,Active,
RH,RH - Class A,NYSE,Stock,Active,
RHI,Robert Half Inc,NYSE,Stock,Active,
RHLD,Resolute Holdings Management Inc,NYSE,Stock,Active,
RHLDV,Resolute Holdings Management,NASDAQ,Stock,Active,
RHP,Ryman Hospitality Properties Inc,NYSE,Stock,Active,
RHRX,RH TACTICAL ROTATION ETF,NYSE ARCA,ETF,Active,
RHTX,RH TACTICAL OUTLOOK ETF,NYSE ARCA,ETF,Active,
RIBB,Ribbon Acquisition Corp,NASDAQ,Stock,Active,
RIBBR,Ribbon Acquisition Corp Rights,NASDAQ,Stock,Active,
RIBBU,Ribbon Acquisition Corp - Units (1 Ord Cls A & 1 Rts),NASDAQ,Stock,Active,
RICK,RCI Hospitality Holdings Inc,NASDAQ,Stock,Active,
RIET,HOYA CAPITAL HIGH DIVIDEND YIELD ETF,NYSE ARCA,ETF,Active,
RIG,Transocean Ltd,NYSE,Stock,Active,
RIGL,Rigel Pharmaceuticals,NASDAQ,Stock,Active,
RIGS,RIVERFRONT STRATEGIC INCOME FUND,NYSE ARCA,ETF,Active,
RILA,INDEXPERTS GORILLA AGGRESSIVE GROWTH ETF,NYSE ARCA,ETF,Active,
RILY,B. Riley Financial Inc,NASDAQ,Stock,Active,
RILYG,B. Riley Financial Inc,NASDAQ,Stock,Active,
RILYL,B. Riley Financial Inc,NASDAQ,Stock,Active,
RILYN,B. Riley Financial Inc,NASDAQ,Stock,Active,
RILYP,B. Riley Financial Inc,NASDAQ,Stock,Active,
RILYT,B. Riley Financial Inc,NASDAQ,Stock,Active,
RILYZ,B. Riley Financial Inc,NASDAQ,Stock,Active,
RIME,Algorhythm Holdings Inc,NASDAQ,Stock,Active,
RINF,PROSHARES INFLATION EXPECTIATIONS ETF PROSHARES INFLATION EXPECTATIONS ETF,NYSE ARCA,ETF,Active,
RINF:BAT,ProShares 30 Year TIPSTSY Spread ETF,NYSE ARCA,ETF,Active,
RING,ISHARES MSCI GLOBAL GOLD MINERS ETF,NASDAQ,ETF,Active,
RIO,Rio Tinto plc,NYSE,Stock,Active,
RIOT,Riot Platforms Inc,NASDAQ,Stock,Active,
RISE,Rise Oil & Gas Inc,NYSE MKT,Stock,Active,
RISN,INSPIRE CAPITAL APPRECIATION ETF,NYSE ARCA,ETF,Active,
RISR,FOLIOBEYOND ALTERNATIVE INCOME AND INTEREST RATE HEDGE ETF,NYSE ARCA,ETF,Active,
RITA,ETFB GREEN SRI REITS ETF,NYSE ARCA,ETF,Active,
RITM,Rithm Capital Corporation,NYSE,Stock,Active,
RITM-P-A,Rithm Capital Corporation,NYSE,Stock,Active,
RITM-P-B,Rithm Capital Corporation,NYSE,Stock,Active,
RITM-P-C,Rithm Capital Corporation,NYSE,Stock,Active,
RITM-P-D,Rithm Capital Corporation,NYSE,Stock,Active,
RITM-P-F,Rithm Capital Corporation,NYSE,Stock,Active,
RITR,Reitar Logtech Holdings Ltd - Class A,NASDAQ,Stock,Active,
RIV,RiverNorth Opportunities Fund Inc,NYSE,ETF,Active,
RIV-P-A,RiverNorth Opportunities Fund Inc 6.00 Series A Perpetual Preferred Stock,NYSE,Stock,Active,
RIVN,Rivian Automotive Inc - Class A,NASDAQ,Stock,Active,
RJDI,RJ Eagle GCM Dividend Select Income ETF,NYSE ARCA,ETF,Active,
RJET,Mesa Air Group Inc,NASDAQ,Stock,Active,
RJF,Raymond James Financial Inc,NYSE,Stock,Active,
RJMI,RJ Eagle Municipal Income ETF,NYSE ARCA,ETF,Active,
RJVI,RJ Eagle Vertical Income ETF,NYSE ARCA,ETF,Active,
RKDA,Arcadia Biosciences Inc,NASDAQ,Stock,Active,
RKLB,Rocket Lab USA Inc,NASDAQ,Stock,Active,
RKLX,DEFIANCE DAILY TARGET 2X LONG RKLB ETF,NASDAQ,ETF,Active,
RKLZ,Defiance Daily Target 2x Short RKLB ETF,NASDAQ,ETF,Active,
RKNG,Defiance Retail Kings ETF,NASDAQ,ETF,Active,
RKT,Rocket Companies Inc Class A,NYSE,Stock,Active,
RKTL,Defiance Daily Target 2X Long RKT ETF,BATS,ETF,Active,
RL,Ralph Lauren Corp - Class A,NYSE,Stock,Active,
RLAY,Relay Therapeutics Inc,NASDAQ,Stock,Active,
RLGT,Radiant Logistics Inc,NYSE MKT,Stock,Active,
RLI,RLI Corp,NYSE,Stock,Active,
RLJ,RLJ Lodging Trust,NYSE,Stock,Active,
RLJ-P-A,RLJ Lodging Trust,NYSE,Stock,Active,
RLMD,Relmada Therapeutics Inc,NASDAQ,Stock,Active,
RLTY,Cohen & Steers Real Estate Opportunities and Income Fund,NYSE,Stock,Active,
RLX,RLX Technology Inc,NYSE,Stock,Active,
RLY,SPDR SSGA MULTI-ASSET REAL RETURN ETF,NYSE ARCA,ETF,Active,
RLY:BAT,SPDR SSgA Multi Asset Real Return ETF,NYSE ARCA,ETF,Active,
RLYB,Rallybio Corp,NASDAQ,Stock,Active,
RM,Regional Management Corp,NYSE,Stock,Active,
RMAX,RE/MAX Holdings Inc - Class A,NYSE,Stock,Active,
RMBI,Richmond Mutual Bancorporation Inc,NASDAQ,Stock,Active,
RMBS,Rambus Inc,NASDAQ,Stock,Active,
RMCA,ROCKEFELLER CALIFORNIA MUNICIPAL BOND ETF,NYSE ARCA,ETF,Active,
RMCF,Rocky Mountain Chocolate Factory Inc,NASDAQ,Stock,Active,
RMCO,Royalty Management Holding Corporation Class A Common Stock,NASDAQ,Stock,Active,
RMCOW,Royalty Management Holding Corporation Warrant,NASDAQ,Stock,Active,
RMD,Resmed Inc,NYSE,Stock,Active,
RMI,RiverNorth Opportunistic Municipal Income Fund Inc,NYSE,Stock,Active,
RMIF,LHA RISK-MANAGED INCOME ETF,BATS,ETF,Active,
RMIX,Suncrete Inc,NASDAQ,Stock,Active,
RMM,RiverNorth Managed Duration Municipal Income Fund Inc,NYSE,Stock,Active,
RMME,Rareview Government Money Market ETF,BATS,ETF,Active,
RMMZ,RiverNorth Managed Duration Municipal Income Fund II Inc,NYSE,Stock,Active,
RMNI,Rimini Street Inc,NASDAQ,Stock,Active,
RMNY,ROCKEFELLER NEW YORK MUNICIPAL BOND ETF,NYSE ARCA,ETF,Active,
RMOP,ROCKEFELLER OPPORTUNISTIC MUNICIPAL BOND ETF,NYSE ARCA,ETF,Active,
RMR,RMR Group Inc (The) - Class A,NASDAQ,Stock,Active,
RMSG,Real Messenger Corporation,NASDAQ,Stock,Active,
RMSGW,Real Messenger Corporation Warrants,NASDAQ,Stock,Active,
RMT,Royce Micro-Cap Trust Inc,NYSE,ETF,Active,
RMTI,Rockwell Medical Inc,NASDAQ,Stock,Active,
RNA,Atrium Therapeutics Inc,NASDAQ,Stock,Active,
RNAC,Cartesian Therapeutics Inc,NASDAQ,Stock,Active,
RNAZ,TransCode Therapeutics Inc,NASDAQ,Stock,Active,
RND,First Trust Bloomberg R&D Leaders ETF,NYSE ARCA,ETF,Active,
RNDM,First Trust Developed International Equity Select ETF,NASDAQ,ETF,Active,
RNEM,EMERGING MARKETS EQUITY SELECT ETF,NASDAQ,ETF,Active,
RNERU,Mount Rainier Acquisition Corp - Unit (1 Ordinary share & 1 Wrt),NASDAQ,Stock,Active,
RNET:BAT,RigNet Inc,NASDAQ,Stock,Active,
RNG,RingCentral Inc - Class A,NYSE,Stock,Active,
RNGR,Ranger Energy Services Inc - Class A,NYSE,Stock,Active,
RNGT,Range Capital Acquisition Corp II - Class A,NASDAQ,Stock,Active,
RNGTU,Range Capital Acquisition Corp II - Units (1 Ord Cls A & 1/2 War),NASDAQ,Stock,Active,
RNGTW,Range Capital Acquisition Corp II - Warrants (29/09/2030),NASDAQ,Stock,Active,
RNP,Cohen & Steers REIT & Preferred Income Fund Inc,NYSE,ETF,Active,
RNR,RenaissanceRe Holdings Ltd,NYSE,Stock,Active,
RNR-P-F,RenaissanceRe Holdings Ltd,NYSE,Stock,Active,
RNR-P-G,RenaissanceRe Holdings Ltd Depositary Shares Series G,NYSE,Stock,Active,
RNRG,GLOBAL X RENEWABLE ENERGY PRODUCERS ETF,NASDAQ,ETF,Active,
RNST,Renasant Corp,NYSE,Stock,Active,
RNTX,Rein Therapeutics Inc,NASDAQ,Stock,Active,
RNW,ReNew Energy Global plc - Class A,NASDAQ,Stock,Active,
RNWK,Realnetworks Inc,NASDAQ,Stock,Active,
RNWWW,ReNew Energy Global plc - Warrants (23/08/2026),NASDAQ,Stock,Active,
RNWZ,TRUESHARES EAGLE GLOBAL RENEWABLE ENERGY INCOME ETF,NYSE ARCA,ETF,Active,
RNXT,RenovoRx Inc,NASDAQ,Stock,Active,
ROAD,Construction Partners Inc - Class A,NASDAQ,Stock,Active,
ROAM,HARTFORD MULTIFACTOR EMERGING MARKETS ETF,NYSE ARCA,ETF,Active,
ROBN,T-REX 2X LONG HOOD DAILY TARGET ETF,BATS,ETF,Active,
ROBO,ROBO GLOBAL(R) ROBOTICS AND AUTOMATION INDEX ETF,NYSE ARCA,ETF,Active,
ROBT,FIRST TRUST NASDAQ ARTIFICIAL INTELLIGENCE AND ROBOTICS ETF,NASDAQ,ETF,Active,
ROC,ROC Energy Acquisition Corp,NASDAQ,Stock,Active,
ROCAU,ROC Energy Acquisition Corp - Units (1 Ord Share & 1 Right),NASDAQ,Stock,Active,
ROCK,Gibraltar Industries Inc,NASDAQ,Stock,Active,
ROCQ,JPMorgan Nasdaq Equity Premium Yield ETF,NASDAQ,ETF,Active,
ROCY,JPMorgan Equity Premium Yield ETF,NASDAQ,ETF,Active,
RODM,HARTFORD MULTIFACTOR DEVELOPED MARKETS (EX-US) ETF,NYSE ARCA,ETF,Active,
ROE,ASTORIA US EQUAL WEIGHT QUALITY KINGS ETF,NASDAQ,ETF,Active,
ROG,Rogers Corp,NYSE,Stock,Active,
ROI,RiskOn International Inc Com Par 0.001,NASDAQ,Stock,Active,
ROIV,Roivant Sciences Ltd,NASDAQ,Stock,Active,
ROK,Rockwell Automation Inc,NYSE,Stock,Active,
ROKT,SPDR S&P KENSHO FINAL FRONTIERS ETF,NYSE ARCA,ETF,Active,
ROKU,Roku Inc - Class A,NASDAQ,Stock,Active,
ROL,Rollins Inc,NYSE,Stock,Active,
ROLR,High Roller Technologies Inc,NYSE MKT,Stock,Active,
ROM,PROSHARES ULTRA TECHNOLOGY,NYSE ARCA,ETF,Active,
ROMA,Roma Green Finance Ltd,NASDAQ,Stock,Active,
ROMO,STRATEGY SHARES NEWFOUND/RESOLVE ROBUST MOMENTUM ETF,BATS,ETF,Active,
RONB,Baron First Principles,NYSE,Stock,Active,
ROOT,Root Inc - Class A,NASDAQ,Stock,Active,
ROP,Roper Technologies Inc,NASDAQ,Stock,Active,
ROSC,HARTFORD MULTIFACTOR SMALL CAP ETF,NYSE ARCA,ETF,Active,
ROSS,Ross Acquisition Corp II - Class A,NYSE,Stock,Active,
ROSS-U,Ross Acquisition Corp II - Units (1 Ord Share Class A & 1/3 War),NYSE,Stock,Active,
ROSS-WS,Ross Acquisition Corp II - Warrants (01/02/2026),NYSE,Stock,Active,
ROST,Ross Stores Inc,NASDAQ,Stock,Active,
ROUS,HARTFORD MULTIFACTOR US EQUITY ETF,NYSE ARCA,ETF,Active,
RP:BAT,RealPage Inc,NASDAQ,Stock,Active,
RPAR,RPAR RISK PARITY ETF,NYSE ARCA,ETF,Active,
RPAY,Repay Holdings Corporation - Class A,NASDAQ,Stock,Active,
RPC,P10 Inc - Class A,NYSE,Stock,Active,
RPD,Rapid7 Inc,NASDAQ,Stock,Active,
RPG,INVESCO S&P 500 PURE GROWTH ETF,NYSE ARCA,ETF,Active,
RPGL,Republic Power Group Ltd - Class A,NASDAQ,Stock,Active,
RPHS,Regents Park Hedged Market Strategy ETF,BATS,ETF,Active,
RPID,Rapid Micro Biosystems Inc - Class A,NASDAQ,Stock,Active,
RPM,RPM International Inc,NYSE,Stock,Active,
RPRX,Royalty Pharma plc - Class A,NASDAQ,Stock,Active,
RPT,Rithm Property Trust Inc,NYSE,Stock,Active,
RPV,INVESCO S&P 500 PURE VALUE ETF,NYSE ARCA,ETF,Active,
RQI,Cohen & Steers Quality Income Realty Fund Inc,NYSE,ETF,Active,
RR,Richtech Robotics Inc - Class B,NASDAQ,Stock,Active,
RRBI,Red River Bancshares Inc,NASDAQ,Stock,Active,
RRC,Range Resources Corp,NYSE,Stock,Active,
RREV,RRE Ventures Acquisition Corp,NASDAQ,Stock,Active,
RREVU,RRE Ventures Acquisition Corp - Units (1 Ord Cls A & 1/3 War),NASDAQ,Stock,Active,
RREVW,RRE Ventures Acquisition Corp Warrants,NASDAQ,Stock,Active,
RRGB,Red Robin Gourmet Burgers Inc,NASDAQ,Stock,Active,
RRR,Red Rock Resorts Inc - Class A,NASDAQ,Stock,Active,
RRX,Regal Rexnord Corp,NYSE,Stock,Active,
RS,Reliance Steel & Aluminum Company,NYSE,Stock,Active,
RSBA,RETURN STACKED(R) BONDS & MERGER ARBITRAGE ETF,BATS,ETF,Active,
RSBT,RETURN STACKED(R) BONDS & MANAGED FUTURES ETF,BATS,ETF,Active,
RSBY,RETURN STACKED(R) BONDS & FUTURES YIELD ETF,BATS,ETF,Active,
RSEE,RAREVIEW SYSTEMATIC EQUITY ETF,BATS,ETF,Active,
RSF,RiverNorth Capital and Income Fund,NYSE,ETF,Active,
RSF-R,RiverNorth Capital and Income Fund Rights expiring January 27 2023 Rights,NYSE,Stock,Active,
RSF-R-W,RiverNorth Capital and Income Fund Rights expiring January 27 2023 Rights when issued,NYSE,Stock,Active,
RSG,Republic Services Inc,NYSE,Stock,Active,
RSHO,Tema American Reshoring ETF,NYSE ARCA,ETF,Active,
RSI,Rush Street Interactive Inc - Class A,NYSE,Stock,Active,
RSIT,Return Stacked International Stocks & Managed Futures,BATS,Stock,Active,
RSJN,FT Vest U.S. Equity Equal Weight Buffer ETF - June,NYSE ARCA,ETF,Active,
RSKD,Riskified Ltd - Class A,NYSE,Stock,Active,
RSMC,ROCKEFELLER U.S. SMALL-MID CAP ETF,NYSE ARCA,ETF,Active,
RSP,INVESCO S&P 500 EQUAL WEIGHT ETF,NYSE ARCA,ETF,Active,
RSPA,Invesco S&P 500 Equal Weight Income Advantage ETF,NYSE ARCA,ETF,Active,
RSPC,INVESCO S&P 500 (R) EQUAL WEIGHT COMMUNICATION SERVICES ETF,NYSE ARCA,ETF,Active,
RSPD,INVESCO S&P 500 EQUAL WEIGHT CONSUMER DISCRETIONARY ETF,NYSE ARCA,ETF,Active,
RSPE,Invesco ESG S&P 500 Equal Weight ETF,NYSE ARCA,ETF,Active,
RSPF,INVESCO S&P 500 EQUAL WEIGHT FINANCIALS ETF,NYSE ARCA,ETF,Active,
RSPG,INVESCO S&P 500 EQUAL WEIGHT ENERGY ETF,NYSE ARCA,ETF,Active,
RSPH,INVESCO S&P 500 EQUAL WEIGHT HEALTH CARE ETF,NYSE ARCA,ETF,Active,
RSPM,INVESCO S&P 500 EQUAL WEIGHT MATERIALS ETF,NYSE ARCA,ETF,Active,
RSPN,INVESCO S&P 500 EQUAL WEIGHT INDUSTRIALS ETF,NYSE ARCA,ETF,Active,
RSPR,INVESCO S&P 500 (R) EQUAL WEIGHT REAL ESTATE ETF,NYSE ARCA,ETF,Active,
RSPS,INVESCO S&P 500 EQUAL WEIGHT CONSUMER STAPLES ETF,NYSE ARCA,ETF,Active,
RSPT,INVESCO S&P 500 EQUAL WEIGHT TECHNOLOGY ETF,NYSE ARCA,ETF,Active,
RSPU,INVESCO S&P 500 EQUAL WEIGHT UTILITIES ETF,NYSE ARCA,ETF,Active,
RSSB,RETURN STACKED(R) GLOBAL STOCKS & BONDS ETF,BATS,ETF,Active,
RSSE,FT Vest U.S. Equity Equal Weight Buffer ETF September,NYSE ARCA,ETF,Active,
RSSL,GLOBAL X RUSSELL 2000 ETF,NYSE ARCA,ETF,Active,
RSSS,Research Solutions Inc,NASDAQ,Stock,Active,
RSST,RETURN STACKED(R) U.S. STOCKS & MANAGED FUTURES ETF,BATS,ETF,Active,
RSSX,RETURN STACKED(R) U.S. STOCKS & GOLD/BITCOIN ETF,BATS,ETF,Active,
RSSY,RETURN STACKED(R) U.S. STOCKS & FUTURES YIELD ETF,BATS,ETF,Active,
RSVR,Reservoir Media Inc,NASDAQ,Stock,Active,
RSVRW,Reservoir Media Inc - Warrants (28/07/2026),NASDAQ,Stock,Active,
RTAC,Renatus Tactical Acquisition Corp I - Class A,NASDAQ,Stock,Active,
RTACU,Renatus Tactical Acquisition Corp I - Units (1 Ord Cls A & 1/2 War),NASDAQ,Stock,Active,
RTACW,Renatus Tactical Acquisition Corp I - Warrants (01/01/9999),NASDAQ,Stock,Active,
RTAI,RAREVIEW TAX ADVANTAGED INCOME ETF,BATS,ETF,Active,
RTB,RTB Digital Inc,NASDAQ,Stock,Active,
RTH,VANECK RETAIL ETF,NASDAQ,ETF,Active,
RTO,Rentokil Initial,NYSE,Stock,Active,
RTRE,RAREVIEW TOTAL RETURN BOND ETF,BATS,ETF,Active,
RTX,RTX Corp,NYSE,Stock,Active,
RTXG,Leverage Shares 2X Long RTX Daily ETF,NASDAQ,ETF,Active,
RUBI,Rubicon Project,NASDAQ,Stock,Active,
RULE,ADAPTIVE CORE ETF,BATS,ETF,Active,
RUM,Rumble Inc - Class A,NASDAQ,Stock,Active,
RUMBW,Rumble Inc Wt Exp 02182028,NASDAQ,Stock,Active,
RUN,Sunrun Inc,NASDAQ,Stock,Active,
RUNN,RUNNING OAK EFFICIENT GROWTH ETF,NASDAQ,ETF,Active,
RUSHA,Rush Enterprises Inc - Class A,NASDAQ,Stock,Active,
RUSHB,Rush Enterprises Inc - Class B,NASDAQ,Stock,Active,
RUSS,DIREXION DAILY RUSSIA BEAR 3X SHARES,NYSE ARCA,ETF,Active,
RVER,TRENCHLESS FUND ETF,NYSE ARCA,ETF,Active,
RVI,Robinhood Ventures Fund I,NYSE,Stock,Active,
RVLV,Revolve Group Inc - Class A,NYSE,Stock,Active,
RVMD,Revolution Medicines Inc,NASDAQ,Stock,Active,
RVMDW,Revolution Medicines Inc - Warrants (17/12/2026),NASDAQ,Stock,Active,
RVNC,Revance Therapeutics Inc,NASDAQ,Stock,Active,
RVNU,XTRACKERS MUNICIPAL INFRASTRUCTURE REVENUE BOND ETF,NYSE ARCA,ETF,Active,
RVP,Retractable Technologies Inc,NYSE MKT,Stock,Active,
RVPH,Reviva Pharmaceuticals Holdings Inc,NASDAQ,Stock,Active,
RVPHW,Reviva Pharmaceuticals Holdings Inc - Warrants (14/12/2025),NASDAQ,Stock,Active,
RVSB,Riverview Bancorp Inc,NASDAQ,Stock,Active,
RVSN,Rail Vision Ltd,NASDAQ,Stock,Active,
RVSNW,Rail Vision Ltd - Warrants (27/03/2027),NASDAQ,Stock,Active,
RVT,Royce Value Trust Inc,NYSE,ETF,Active,
RVTY,Revvity Inc,NYSE,Stock,Active,
RVYL,Ryvyl Inc Com New,NASDAQ,Stock,Active,
RWAY,Runway Growth Finance Corp,NASDAQ,Stock,Active,
RWAYI,Runway Growth Finance Corp,NASDAQ,Stock,Active,
RWAYL,Runway Growth Finance Corp,NASDAQ,Stock,Active,
RWEM,RAYLIANT WILSHIRE NXTGEN EMERGING MARKETS EQUITY ETF,NYSE ARCA,ETF,Active,
RWIN,Rayliant NxtGen Multifactor International Equity ETF,NASDAQ,ETF,Active,
RWJ,INVESCO S&P SMALLCAP 600 REVENUE ETF,NYSE ARCA,ETF,Active,
RWJ:BAT,RevenueShares Small Cap ETF,NYSE ARCA,ETF,Active,
RWK,INVESCO S&P MIDCAP 400 REVENUE ETF,NYSE ARCA,ETF,Active,
RWK:BAT,RevenueShares Mid Cap ETF,NYSE ARCA,ETF,Active,
RWL,Invesco S&P 500 Revenue ETF,NYSE ARCA,ETF,Active,
RWL:BAT,RevenueShares Large Cap ETF,NYSE ARCA,ETF,Active,
RWLC,RAYLIANT WILSHIRE NXTGEN US LARGE CAP EQUITY ETF,NYSE ARCA,ETF,Active,
RWM,PROSHARES SHORT RUSSELL2000,NYSE ARCA,ETF,Active,
RWO,SPDR(R) DOW JONES GLOBAL REAL ESTATE ETF,NYSE ARCA,ETF,Active,
RWR,SPDR(R) DOW JONES REIT ETF,NYSE ARCA,ETF,Active,
RWT,Redwood Trust Inc,NYSE,Stock,Active,
RWT-P-A,Redwood Trust Inc,NYSE,Stock,Active,
RWTN,Redwood Trust Inc 9.125 Senior Notes Due 2029,NYSE,Stock,Active,
RWTO,Redwood Trust Inc,NYSE,Stock,Active,
RWTP,Redwood Trust Inc,NYSE,Stock,Active,
RWTQ,Redwood Trust Inc,NYSE,Stock,Active,
RWX,SPDR(R) DOW JONES INTERNATIONAL REAL ESTATE ETF,NYSE ARCA,ETF,Active,
RXD,PROSHARES ULTRASHORT HEALTH CARE,NYSE ARCA,ETF,Active,
RXDX,Prometheus Biosciences Inc,NASDAQ,Stock,Active,
RXI,ISHARES GLOBAL CONSUMER DISCRETIONARY ETF,NYSE ARCA,ETF,Active,
RXI:BAT,iShares Global Consumer Discre,NYSE ARCA,Stock,Active,
RXL,ProShares Ultra Health Care 2X Shares,NYSE ARCA,ETF,Active,
RXO,RXO Inc,NYSE,Stock,Active,
RXRX,Recursion Pharmaceuticals Inc - Class A,NASDAQ,Stock,Active,
RXST,RxSight Inc,NASDAQ,Stock,Active,
RXT,Rackspace Technology Inc,NASDAQ,Stock,Active,
RY,Royal Bank Of Canada,NYSE,Stock,Active,
RYAAY,Ryanair Holdings Plc,NASDAQ,Stock,Active,
RYAM,Rayonier Advanced Materials Inc,NYSE,Stock,Active,
RYAN,Ryan Specialty Holdings Inc Class A,NYSE,Stock,Active,
RYDE,Ryde Group Ltd - Class A,NYSE MKT,Stock,Active,
RYET,Ruanyun Edai Technology Inc,NASDAQ,Stock,Active,
RYI,Ryerson Holding Corp,NYSE,Stock,Active,
RYLD,GLOBAL X RUSSELL 2000 COVERED CALL ETF,NYSE ARCA,ETF,Active,
RYLG,GLOBAL X RUSSELL 2000 COVERED CALL & GROWTH ETF,NYSE ARCA,ETF,Active,
RYM,Agrify Corp,NASDAQ,Stock,Active,
RYN,Rayonier Inc,NYSE,Stock,Active,
RYOJ,rYojbaba Co. Ltd,NASDAQ,Stock,Active,
RYTM,Rhythm Pharmaceuticals Inc,NASDAQ,Stock,Active,
RYZ,Ryerson Holding Corporation,NYSE,Stock,Active,
RZB,Reinsurance Group Of America Inc,NYSE,Stock,Active,
RZC,Reinsurance Group Of America Inc,NYSE,Stock,Active,
RZG,INVESCO S&P SMALLCAP 600 PURE GROWTH ETF,NYSE ARCA,ETF,Active,
RZLT,Rezolute Inc,NASDAQ,Stock,Active,
RZLV,Rezolve AI Ltd,NASDAQ,Stock,Active,
RZLVW,Rezolve AI Ltd - Warrants (14/08/2029),NASDAQ,Stock,Active,
RZV,INVESCO S&P SMALLCAP 600 PURE VALUE ETF,NYSE ARCA,ETF,Active,
S,SentinelOne Inc - Class A,NYSE,Stock,Active,
SA,Seabridge Gold Inc,NYSE,Stock,Active,
SAA,PROSHARES ULTRA SMALLCAP600,NYSE ARCA,ETF,Active,
SAAQ,nan,NASDAQ,Stock,Active,
SAAQU,Space Asset Acquisition Corp - Units (1 Ord Cls A & 1/3 War),NASDAQ,Stock,Active,
SAAQW,Space Asset Acquisition Corp Warrants,NASDAQ,Stock,Active,
SABA,Saba Capital Income & Opportunities Fund II,NYSE,ETF,Active,
SABR,Sabre Corp,NASDAQ,Stock,Active,
SABRP,Sabre Corp,NASDAQ,Stock,Active,
SABS,SAB Biotherapeutics Inc,NASDAQ,Stock,Active,
SABSW,SAB Biotherapeutics Inc - Warrants (25/07/2027),NASDAQ,Stock,Active,
SAC,Safeguard Acquisition Corp Class A,NYSE,Stock,Active,
SAC-U,Safeguard Acquisition Corp - Units (1 Ord Cls A & 1/2 War),NYSE,Stock,Active,
SAC-WS,Safeguard Acquisition Corp Warrants each whole warrant exercisable for one Class A ordinary share at an exercise price of 11.50 per share,NYSE,Stock,Active,
SACH,Sachem Capital Corp,NYSE MKT,Stock,Active,
SACH-P-A,Sachem Capital Corp 7.75 Series A Cumulative Redeemable Preferred Stock,NYSE MKT,Stock,Active,
SAEF,SCHWAB ARIEL ESG ETF,NYSE ARCA,ETF,Active,
SAFE,Safehold Inc,NYSE,Stock,Active,
SAFT,Safety Insurance Group Inc,NASDAQ,Stock,Active,
SAFX,XCF Global Inc,NASDAQ,Stock,Active,
SAGP,STRATEGAS GLOBAL POLICY OPPORTUNITIES ETF,NYSE ARCA,ETF,Active,
SAGT,Sagtec Global Ltd,NASDAQ,Stock,Active,
SAGU,Shreya Acquisition Group Class A,NYSE,Stock,Active,
SAGU-R,Shreya Acquisition Group Rights each entitling the holder to receive onefourth of one Class A Ordinary Share,NYSE,Stock,Active,
SAGU-U,Shreya Acquisition Group - Units (1 Ord Cls A & 1 Rts),NYSE,Stock,Active,
SAGU-WS,Shreya Acquisition Group Redeemable warrants entitling the holder to purchase one Class A Ordinary Share at 11.50 per share,NYSE,Stock,Active,
SAH,Sonic Automotive Inc - Class A,NYSE,Stock,Active,
SAIA,Saia Inc,NASDAQ,Stock,Active,
SAIC,Science Applications International Corp,NASDAQ,Stock,Active,
SAIH,SAIHEAT Ltd - Class A,NASDAQ,Stock,Active,
SAIHW,SAIHEAT Ltd - Warrants (29/04/2027),NASDAQ,Stock,Active,
SAIL,Sailpoint Inc,NASDAQ,Stock,Active,
SAJ,Saratoga Investment Corp,NYSE,Stock,Active,
SAM,Boston Beer Co. Inc - Class A,NYSE,Stock,Active,
SAMAU,Schultze Special Purpose Acquisition Corp II - Units (1 Ord Share Class A & 1/2 War),NASDAQ,Stock,Active,
SAMG,Silvercrest Asset Management Group Inc - Class A,NASDAQ,Stock,Active,
SAMM,STRATEGAS MACRO MOMENTUM ETF,NYSE ARCA,ETF,Active,
SAMT,STRATEGAS MACRO THEMATIC OPPORTUNITIES ETF,NYSE ARCA,ETF,Active,
SAN,Banco Santander S.A.,NYSE,Stock,Active,
SANA,Sana Biotechnology Inc,NASDAQ,Stock,Active,
SANG,SANGSTAT MEDICAL CORP,NASDAQ,Stock,Active,
SANM,Sanmina Corp,NASDAQ,Stock,Active,
SAP,Sap SE,NYSE,Stock,Active,
SAR,Saratoga Investment Corp,NYSE,Stock,Active,
SARK,TRADR 1X SHORT INNOVATION DAILY ETF,NASDAQ,ETF,Active,
SARO,StandardAero Inc,NYSE,Stock,Active,
SASI,Sigma Additive Solutions Inc,NASDAQ,Stock,Active,
SAT,Saratoga Investment Corp,NYSE,Stock,Active,
SATG,Themes ETF Trust Leverage Shares 2X Long SATS Daily ETF,NASDAQ,ETF,Active,
SATL,Satellogic Inc - Class A,NASDAQ,Stock,Active,
SATLW,Satellogic Inc - Warrants (25/01/2027),NASDAQ,Stock,Active,
SATO,INVESCO ALERIAN GALAXY CRYPTO ECONOMY ETF,BATS,ETF,Active,
SATS,EchoStar Corp - Class A,NASDAQ,Stock,Active,
SATX,SatixFy Communications Ltd - Class A,NYSE MKT,Stock,Active,
SATX-WS-A,SatixFy Communications Ltd Warrants each warrant to one Ordinary Share,AMEX,Stock,Active,
SAUG,FT VEST U.S. SMALL CAP MODERATE BUFFER ETF - AUGUST,BATS,ETF,Active,
SAV,Saratoga Investment Corp,NYSE,Stock,Active,
SAWG,AAM SAWGRASS U.S. LARGE CAP QUALITY GROWTH ETF,NYSE ARCA,ETF,Active,
SAWS,AAM SAWGRASS U.S. SMALL CAP QUALITY GROWTH ETF,NYSE ARCA,ETF,Active,
SAY,Saratoga Investment Corp,NYSE,Stock,Active,
SAZ,Saratoga Investment Corp,NYSE,Stock,Active,
SB,Safe Bulkers Inc,NYSE,Stock,Active,
SB-P-C,Safe Bulkers Inc,NYSE,Stock,Active,
SB-P-D,Safe Bulkers Inc,NYSE,Stock,Active,
SBAC,SBA Communications Corp - Class A,NASDAQ,Stock,Active,
SBAR,Simplify Exchange Traded Funds Barrier Income,NYSE ARCA,Stock,Active,
SBB,PROSHARES SHORT SMALLCAP600,NYSE ARCA,ETF,Active,
SBC,SBC Medical Group Holdings Inc,NASDAQ,Stock,Active,
SBCF,Seacoast Banking Corp Of Florida,NASDAQ,Stock,Active,
SBCWW,SBC Medical Group Holdings Inc - Warrants (18/09/2029),NASDAQ,Stock,Active,
SBET,SharpLink Gaming Inc,NASDAQ,Stock,Active,
SBEV,Splash Beverage Group Inc,NYSE MKT,Stock,Active,
SBFG,SB Financial Group Inc,NASDAQ,Stock,Active,
SBFM,Sunshine Biopharma Inc,NASDAQ,Stock,Active,
SBFMW,Sunshine Biopharma Inc - Warrants (15/02/2027),NASDAQ,Stock,Active,
SBGI,Sinclair Inc - Class A,NASDAQ,Stock,Active,
SBH,Sally Beauty Holdings Inc,NYSE,Stock,Active,
SBI,Western Asset Intermediate Muni Fund Inc,NYSE,ETF,Active,
SBIGW,SpringBig Holdings Inc - Warrants (14/06/2027),NASDAQ,Stock,Active,
SBIL,Simplify Government Money Market ETF,NYSE ARCA,ETF,Active,
SBIO,ALPS MEDICAL BREAKTHROUGHS ETF,NYSE ARCA,ETF,Active,
SBIT,ProShares UltraShort Bitcoin ETF,NYSE ARCA,ETF,Active,
SBLK,Star Bulk Carriers Corp,NASDAQ,Stock,Active,
SBMT,Silver Bow Mining Corp,NYSE MKT,Stock,Active,
SBND,COLUMBIA SHORT DURATION BOND ETF,NYSE ARCA,ETF,Active,
SBR,Sabine Royalty Trust,NYSE,Stock,Active,
SBRA,Sabra Healthcare REIT Inc,NASDAQ,Stock,Active,
SBS,Companhia de Saneamento Basico do Estado de Sao Paulo.,NYSE,Stock,Active,
SBSI,Southside Bancshares Inc,NYSE,Stock,Active,
SBSW,Sibanye Stillwater Ltd,NYSE,Stock,Active,
SBTU,T-REX 2X Long SBET Daily Target ETF,BATS,ETF,Active,
SBU,Leverage Shares 2X Long SBUX Daily ETF,NASDAQ,ETF,Active,
SBUX,Starbucks Corp,NASDAQ,Stock,Active,
SBXD,SilverBox Corp IV - Class A,NYSE,Stock,Active,
SBXD-U,SilverBox Corp IV Units each consisting of one Class A ordinary share and onethird of one redeemable warrant,NYSE,Stock,Active,
SBXD-WS,SilverBox Corp IV - Warrants(01/01/9999),NYSE,Stock,Active,
SBXE,SilverBox Corp V Class A,NYSE,Stock,Active,
SBXE-U,SilverBox Corp V - Units (1 Ord Cls A & 1/3 War),NYSE,Stock,Active,
SBXE-WS,SilverBox Corp V Redeemable warrants each whole warrant exercisable for one Class A Ordinary Share at an exercise price of 11.50,NYSE,Stock,Active,
SCAG,Scage Future,NASDAQ,Stock,Active,
SCAGW,Scage Future Warrants,NASDAQ,Stock,Active,
SCAP,INFRASTRUCTURE CAPITAL SMALL CAP INCOME ETF,NYSE ARCA,ETF,Active,
SCAQU,Stratim Cloud Acquisition Corp - Units (1 Ord Share Class A & 1/3 War),NASDAQ,Stock,Active,
SCC,ProShares UltraShort Consumer Discretionary,NYSE ARCA,ETF,Active,
SCCC,Sachem Capital Corp,NYSE MKT,Stock,Active,
SCCD,Sachem Capital Corp,NYSE MKT,Stock,Active,
SCCE,Sachem Capital Corp,NYSE MKT,Stock,Active,
SCCF,Sachem Capital Corp,NYSE MKT,Stock,Active,
SCCG,Sachem Capital Corp,NYSE MKT,Stock,Active,
SCCO,Southern Copper Corporation,NYSE,Stock,Active,
SCCR,SCHWAB CORE BOND ETF,NYSE ARCA,ETF,Active,
SCD,LMP Capital and Income Fund Inc,NYSE,ETF,Active,
SCD-R,LMP Capital and Income Fund Inc Rights expiring July 11 2025 Rights,NYSE,Stock,Active,
SCD-R-W,LMP Capital and Income Fund Inc Rights expiring July 11 2025 Rights when issued,NYSE,Stock,Active,
SCDL,UBS AG London Branch,NYSE ARCA,Stock,Active,
SCDS,JPMorgan Fundamental Data Science Small Core ETF,NASDAQ,ETF,Active,
SCE-P-G,SCE Trust II Trust Preferred Securities,NYSE,Stock,Active,
SCE-P-L,SCE Trust VI,NYSE,Stock,Active,
SCEP,Sterling Capital Hedged Equity Premium Income,BATS,Stock,Active,
SCHA,SCHWAB U.S. SMALL-CAP ETF,NYSE ARCA,ETF,Active,
SCHA:BAT,Schwab U.S. SmallCap ETF,NYSE ARCA,ETF,Active,
SCHB,SCHWAB U.S. BROAD MARKET ETF,NYSE ARCA,ETF,Active,
SCHB:BAT,Schwab U.S. Broad Market Etf,NYSE ARCA,Stock,Active,
SCHC,SCHWAB INTERNATIONAL SMALL-CAP EQUITY ETF,NYSE ARCA,ETF,Active,
SCHC:BAT,Schwab International SmallCap Equity ETF,NYSE ARCA,ETF,Active,
SCHD,SCHWAB U.S. DIVIDEND EQUITY ETF,NYSE ARCA,ETF,Active,
SCHD:BAT,Schwab US Dividend Equity ETF,NYSE ARCA,ETF,Active,
SCHE,SCHWAB EMERGING MARKETS EQUITY ETF,NYSE ARCA,ETF,Active,
SCHE:BAT,Schwab Emerging Markets Equity ETF,NYSE ARCA,ETF,Active,
SCHF,SCHWAB INTERNATIONAL EQUITY ETF,NYSE ARCA,ETF,Active,
SCHF:BAT,Schwab International Equity ETF,NYSE ARCA,ETF,Active,
SCHG,SCHWAB U.S. LARGE-CAP GROWTH ETF,NYSE ARCA,ETF,Active,
SCHG:BAT,Schwab U.S. Large Cap Growth ETF,NYSE ARCA,ETF,Active,
SCHH,SCHWAB U.S. REIT ETF,NYSE ARCA,ETF,Active,
SCHH:BAT,Schwab U.S. REIT ETF,NYSE ARCA,ETF,Active,
SCHI,SCHWAB 5-10 YEAR CORPORATE BOND ETF,NYSE ARCA,ETF,Active,
SCHJ,SCHWAB 1-5 YEAR CORPORATE BOND ETF,NYSE ARCA,ETF,Active,
SCHK,SCHWAB 1000 INDEX ETF,NYSE ARCA,ETF,Active,
SCHL,Scholastic Corp,NASDAQ,Stock,Active,
SCHM,SCHWAB U.S. MID-CAP ETF,NYSE ARCA,ETF,Active,
SCHM:BAT,Schwab U.S. MidCap ETF,NYSE ARCA,ETF,Active,
SCHO,SCHWAB SHORT-TERM U.S. TREASURY ETF,NYSE ARCA,ETF,Active,
SCHO:BAT,Schwab ShortTerm U.S. Treasury ETF,NYSE ARCA,ETF,Active,
SCHP,SCHWAB U.S. TIPS ETF,NYSE ARCA,ETF,Active,
SCHP:BAT,Schwab U.S. TIPs ETF,NYSE ARCA,ETF,Active,
SCHQ,SCHWAB LONG-TERM U.S. TREASURY ETF,NYSE ARCA,ETF,Active,
SCHR,SCHWAB INTERMEDIATE-TERM U.S. TREASURY ETF,NYSE ARCA,ETF,Active,
SCHR:BAT,Schwab IntermediateTerm U.S. Treasury ETF,NYSE ARCA,ETF,Active,
SCHV,SCHWAB U.S. LARGE-CAP VALUE ETF,NYSE ARCA,ETF,Active,
SCHV:BAT,Schwab U.S. Large Cap Value ETF,NYSE ARCA,ETF,Active,
SCHW,Charles Schwab Corp,NYSE,Stock,Active,
SCHW-P-D,Charles Schwab Corp,NYSE,Stock,Active,
SCHW-P-J,Charles Schwab Corp,NYSE,Stock,Active,
SCHX,SCHWAB U.S. LARGE-CAP ETF,NYSE ARCA,ETF,Active,
SCHX:BAT,Schwab U.S. LargeCap ETF,NYSE ARCA,ETF,Active,
SCHY,SCHWAB INTERNATIONAL DIVIDEND EQUITY ETF,NYSE ARCA,ETF,Active,
SCHZ,SCHWAB U.S. AGGREGATE BOND ETF,NYSE ARCA,ETF,Active,
SCHZ:BAT,Schwab US Aggregate Bond ETF,NYSE ARCA,ETF,Active,
SCI,Service Corp International,NYSE,Stock,Active,
SCII,SC II Acquisition Corp,NASDAQ,Stock,Active,
SCIIR,SC II Acquisition Corp Rights,NASDAQ,Stock,Active,
SCIIU,SC II Acquisition Corp - Units (1 Ord Cls A & 1 Rts),NASDAQ,Stock,Active,
SCIO,FIRST TRUST STRUCTURED CREDIT INCOME OPPORTUNITIES ETF,NYSE ARCA,ETF,Active,
SCJ,ISHARES MSCI JAPAN SMALL-CAP ETF,NYSE ARCA,ETF,Active,
SCJ:BAT,Ishares Msci Japan SmallCap Etf,NYSE ARCA,Stock,Active,
SCKT,Socket Mobile Inc,NASDAQ,Stock,Active,
SCL,Stepan Company,NYSE,Stock,Active,
SCLS,Stoneport Advisors Commodity Long Short ETF,NASDAQ,ETF,Active,
SCLX,Scilex Holding Company,NASDAQ,Stock,Active,
SCLXW,Scilex Holding Company - Warrants (10/11/2027),NASDAQ,Stock,Active,
SCLZ,SWAN ENHANCED DIVIDEND INCOME ETF,BATS,ETF,Active,
SCM,Stellus Capital Investment Corp,NYSE,Stock,Active,
SCMA,Seaport Calibre Materials Acquisition Corp - Class A,NASDAQ,Stock,Active,
SCMAU,Seaport Calibre Materials Acquisition Corp - Units (1 Ord Share Class A & 1/2 War),NASDAQ,Stock,Active,
SCMAW,Seaport Calibre Materials Acquisition Corp - Warrants (28/10/2026),NASDAQ,Stock,Active,
SCMB,SCHWAB MUNICIPAL BOND ETF,NYSE ARCA,ETF,Active,
SCMC,Sterling Capital MultiStrategy Income,BATS,Stock,Active,
SCMY,Corgi U.S. SmallCap 15 Structured Buffer ETF May Series,BATS,Stock,Active,
SCNI,Scinai Immunotherapeutics Ltd,NASDAQ,Stock,Active,
SCNM,Sterling Capital National Municipal Bond,BATS,Stock,Active,
SCNX,Scienture Holdings Inc,NASDAQ,Stock,Active,
SCO,ProShares UltraShort Bloomberg Crude Oil -2x Shares,NYSE ARCA,ETF,Active,
SCO:BAT,ProShares UltraShort DJUBS Crude Oil,NYSE ARCA,Stock,Active,
SCOP,Scopus Video Networks Ltd. Foreign,NASDAQ,Stock,Active,
SCOR,Comscore Inc,NASDAQ,Stock,Active,
SCPQ,Social Commerce Partners Corp - Class A,NASDAQ,Stock,Active,
SCPQU,Social Commerce Partners Corp - Units (1 Ord Cls A & 1/2 War),NASDAQ,Stock,Active,
SCPQW,Social Commerce Partners Corp - Warrants (24/11/2030),NASDAQ,Stock,Active,
SCPX,Scorpius Holdings Inc,AMEX,Stock,Active,
SCSB,Sterling Capital Short Duration Bond ETF,BATS,ETF,Active,
SCSC,Scansource Inc,NASDAQ,Stock,Active,
SCU,Sculptor Capital Management Inc - Class A,NYSE,Stock,Active,
SCUB,Sterling Capital Ultra Short Bond ETF,BATS,ETF,Active,
SCUS,SCHWAB ULTRA-SHORT INCOME ETF,NYSE ARCA,ETF,Active,
SCVL,Shoe Carnival Inc,NASDAQ,Stock,Active,
SCWO,374Water Inc,NASDAQ,Stock,Active,
SCY,SPORTS CLUB CO INC,NYSE,Stock,Active,
SCYB,SCHWAB HIGH YIELD BOND ETF,NYSE ARCA,ETF,Active,
SCYX,Scynexis Inc,NASDAQ,Stock,Active,
SCZ,ISHARES MSCI EAFE SMALL-CAP ETF,NASDAQ,ETF,Active,
SCZM,Santacruz Silver Mining Ltd,NASDAQ,Stock,Active,
SD,Sandridge Energy Inc New,NYSE,Stock,Active,
SDA,SunCar Technology Group Inc - Class A,NASDAQ,Stock,Active,
SDACU,Sustainable Development Acquisition I Corp - Units (1 Ord Class A & 1/2 War),NASDAQ,Stock,Active,
SDAWW,SunCar Technology Group Inc - Warrants (08/05/2028),NASDAQ,Stock,Active,
SDCI,USCF SUMMERHAVEN DYNAMIC COMMODITY STRATEGY NO K-1 FUND,NYSE ARCA,ETF,Active,
SDD,PROSHARES ULTRASHORT SMALLCAP600,NYSE ARCA,ETF,Active,
SDEM,GLOBAL X MSCI SUPERDIVIDEND EMERGING MARKETS ETF,NYSE ARCA,ETF,Active,
SDEV,Stablecoin Development Corporation,NYSE MKT,Stock,Active,
SDFI,SOUND FIXED INCOME ETF,NYSE ARCA,ETF,Active,
SDG,iShares MSCI Global Sustainable Development Goals ETF,NASDAQ,ETF,Active,
SDGR,Schrodinger Inc,NASDAQ,Stock,Active,
SDHC,Smith Douglas Homes Corp - Class A,NYSE,Stock,Active,
SDHI,Siddhi Acquisition Corp - Class A,NASDAQ,Stock,Active,
SDHIR,Siddhi Acquisition Corp,NASDAQ,Stock,Active,
SDHIU,Siddhi Acquisition Corp - Units (1 Ord class A & 1/10 Rts),NASDAQ,Stock,Active,
SDHY,PGIM Short Duration High Yield Opportunities Fund,NYSE,Stock,Active,
SDIV,GLOBAL X SUPERDIVIDEND ETF,NYSE ARCA,ETF,Active,
SDIV:BAT,Global X SuperDividend ETF,NYSE ARCA,ETF,Active,
SDM,Smart Digital Group Ltd,NASDAQ,Stock,Active,
SDOG,ALPS SECTOR DIVIDEND DOGS ETF,NYSE ARCA,ETF,Active,
SDOG:BAT,ALPS Sector Dividend Dogs ETF,NYSE ARCA,ETF,Active,
SDOT,Sadot Group Inc,NASDAQ,Stock,Active,
SDOW,ProShares UltraPro Short Dow30 -3x Shares,NYSE ARCA,ETF,Active,
SDP,ProShares UltraShort Utilities -2x Shares,NYSE ARCA,ETF,Active,
SDRL,Seadrill Ltd,NYSE,Stock,Active,
SDS,ProShares UltraShort S&P500 -2x Shares,NYSE ARCA,ETF,Active,
SDSI,AMERICAN CENTURY SHORT DURATION STRATEGIC INCOME ETF,NASDAQ,ETF,Active,
SDST,Stardust Power Inc,NASDAQ,Stock,Active,
SDSTW,Stardust Power Inc - Warrants (21/06/2029),NASDAQ,Stock,Active,
SDTY,YieldMax S&P 500 0DTE Covered Call Strategy ETF,NASDAQ,ETF,Active,
SDVD,FT VEST SMID RISING DIVIDEND ACHIEVERS TARGET INCOME ETF,BATS,ETF,Active,
SDVY,FIRST TRUST SMID CAP RISING DIVIDEND ACHIEVERS ETF,NASDAQ,ETF,Active,
SDY,SPDR(R) S&P(R) DIVIDEND ETF,NYSE ARCA,ETF,Active,
SE,Sea Ltd,NYSE,Stock,Active,
SEA,U.S. GLOBAL SEA TO SKY CARGO ETF,NYSE ARCA,ETF,Active,
SEAL-P-A,Seapeak LLC,NYSE,Stock,Active,
SEAL-P-B,Seapeak LLC,NYSE,Stock,Active,
SEAT,Vivid Seats Inc - Class A,NASDAQ,Stock,Active,
SEATW,Vivid Seats Inc - Warrants (18/10/2026),NASDAQ,Stock,Active,
SEB,Seaboard Corp,NYSE MKT,Stock,Active,
SECR,NYLI MACKAY SECURITIZED INCOME ETF,NYSE ARCA,ETF,Active,
SECT,MAIN SECTOR ROTATION ETF,BATS,ETF,Active,
SECU,iShares Securitized Income Active ETF,BATS,ETF,Active,
SEDA-U,SDCL EDGE Acquisition Corporation Units each consisting of one Class A ordinary share and onehalf of one redeemable warrant,NYSE,Stock,Active,
SEDA-WS,SDCL EDGE Acquisition Corporation Redeemable warrants each whole warrant exercisable for one share of Class A ordinary share at an exercise price of 11.50,NYSE,Stock,Active,
SEDG,Solaredge Technologies Inc,NASDAQ,Stock,Active,
SEED,Origin Agritech Ltd,NASDAQ,Stock,Active,
SEEM,SEI SELECT EMERGING MARKETS EQUITY ETF,NASDAQ,ETF,Active,
SEER,Seer Inc - Class A,NASDAQ,Stock,Active,
SEF,ProShares Short Financials -1x Shares,NYSE ARCA,ETF,Active,
SEG-R,Seaport Entertainment Group Inc Rights,AMEX,Stock,Active,
SEG-R-W,Seaport Entertainment Group Inc Rights WhenIssued,AMEX,Stock,Active,
SEG-W,Seaport Entertainment Group Inc WhenIssued,AMEX,Stock,Active,
SEGG,Lottery.com Inc,NASDAQ,Stock,Active,
SEI,Solaris Energy Infrastructure Inc - Class A,NYSE,Stock,Active,
SEIC,SEI Investments Company,NASDAQ,Stock,Active,
SEIE,SEI SELECT INTERNATIONAL EQUITY ETF,NASDAQ,ETF,Active,
SEIM,SEI ENHANCED U.S. LARGE CAP MOMENTUM FACTOR ETF,BATS,ETF,Active,
SEIQ,SEI ENHANCED U.S. LARGE CAP QUALITY FACTOR ETF,BATS,ETF,Active,
SEIS,SEI SELECT SMALL CAP ETF,NASDAQ,ETF,Active,
SEIV,SEI ENHANCED U.S. LARGE CAP VALUE FACTOR ETF,BATS,ETF,Active,
SEIX,VIRTUS SEIX SENIOR LOAN ETF,NYSE ARCA,ETF,Active,
SELF,Global Self Storage Inc,NASDAQ,Stock,Active,
SELV,SEI ENHANCED LOW VOLATILITY U.S. LARGE CAP ETF,BATS,ETF,Active,
SELX,Semilux International Ltd,NASDAQ,Stock,Active,
SEM,Select Medical Holdings Corporation,NYSE,Stock,Active,
SEM-W,Select Medical Holdings Corporation WhenIssued,NYSE,Stock,Active,
SEMG,SUNCOAST SELECT GROWTH ETF,NYSE ARCA,ETF,Active,
SEMI,Columbia Seligman Semiconductor and Technology ETF,NYSE ARCA,ETF,Active,
SENEA,Seneca Foods Corp - Class A,NASDAQ,Stock,Active,
SENEB,Seneca Foods Corp - Class B,NASDAQ,Stock,Active,
SENS,Senseonics Holdings Inc,NYSE MKT,Stock,Active,
SENT,AdvisorShares Alpha DNA Equity Sentiment ETF,NYSE ARCA,ETF,Active,
SEPM,FT Vest U.S. Equity Max Buffer ETF - September,BATS,ETF,Active,
SEPN,Septerna Inc,NASDAQ,Stock,Active,
SEPP,PGIM S&P 500 BUFFER 12 ETF - SEPTEMBER,BATS,ETF,Active,
SEPT,ALLIANZIM U.S. EQUITY BUFFER10 SEP ETF,NYSE ARCA,ETF,Active,
SEPU,ALLIANZIM U.S. EQUITY BUFFER15 UNCAPPED SEP ETF,BATS,ETF,Active,
SEPW,ALLIANZIM U.S. EQUITY BUFFER20 SEP ETF,NYSE ARCA,ETF,Active,
SEPZ,TRUESHARES STRUCTURED OUTCOME (SEPTEMBER) ETF,BATS,ETF,Active,
SER,AgeX Therapeutics Inc,NYSE MKT,Stock,Active,
SERA,Sera Prognostics Inc Class A,NASDAQ,Stock,Active,
SERV,Serve Robotics Inc,NASDAQ,Stock,Active,
SES,SES AI Corporation - Class A,NYSE,Stock,Active,
SES-WS,SES AI Corporation - Warrants (08/01/2026),NYSE,Stock,Active,
SESG,Sprott ESG Gold ETF,NYSE ARCA,ETF,Active,
SETH,ProShares Short Ether ETF,NYSE ARCA,ETF,Active,
SETM,SPROTT CRITICAL MATERIALS ETF,NASDAQ,ETF,Active,
SEV,Aptera Motors Corp - Class B,NASDAQ,Stock,Active,
SEVN,Seven Hills Realty Trust .,NASDAQ,Stock,Active,
SEZL,Sezzle Inc,NASDAQ,Stock,Active,
SF,Stifel Financial Corp,NYSE,Stock,Active,
SF-P-B,Stifel Financial Corp,NYSE,Stock,Active,
SF-P-C,Stifel Financial Corp,NYSE,Stock,Active,
SF-P-D,Stifel Financial Corporation Depositary Shares Series D,NYSE,Stock,Active,
SFB,Stifel Financial Corp,NYSE,Stock,Active,
SFBC,Sound Financial Bancorp Inc,NASDAQ,Stock,Active,
SFBS,ServisFirst Bancshares Inc,NYSE,Stock,Active,
SFD,Smithfield Foods Inc,NASDAQ,Stock,Active,
SFEB,FT VEST U.S. SMALL CAP MODERATE BUFFER ETF - FEBRUARY,BATS,ETF,Active,
SFGV,SEQUOIA GLOBAL VALUE ETF,NYSE ARCA,ETF,Active,
SFHG,Samfine Creation Holdings Group Ltd,NASDAQ,Stock,Active,
SFIX,Stitch Fix Inc - Class A,NASDAQ,Stock,Active,
SFL,SFL Corporation Ltd,NYSE,Stock,Active,
SFLO,VICTORYSHARES SMALL CAP FREE CASH FLOW ETF,NASDAQ,ETF,Active,
SFLR,Innovator Equity Managed Floor ETF,NYSE ARCA,ETF,Active,
SFM,Sprouts Farmers Market Inc,NASDAQ,Stock,Active,
SFNC,Simmons First National Corp - Class A,NASDAQ,Stock,Active,
SFRT,Appreciate Holdings Inc - Class A,NASDAQ,Stock,Active,
SFRTW,Appreciate Holdings Inc - Warrants (29/11/2027),NASDAQ,Stock,Active,
SFST,Southern First Bancshares Inc,NASDAQ,Stock,Active,
SFTX,Horizon International Managed Risk ETF,NYSE ARCA,ETF,Active,
SFTY,HORIZON MANAGED RISK ETF,BATS,ETF,Active,
SFWL,Shengfeng Development Ltd - Class A,NASDAQ,Stock,Active,
SFY,SOFI SELECT 500 ETF,NYSE ARCA,ETF,Active,
SFYF,SOFI SOCIAL 50 ETF,NYSE ARCA,ETF,Active,
SG,Sweetgreen Inc - Class A,NYSE,Stock,Active,
SGA,Saga Communications Inc - Class A,NASDAQ,Stock,Active,
SGBXV,Safe & Green Holdings Corp,NASDAQ,Stock,Active,
SGC,Superior Group of Companies Inc.,NASDAQ,Stock,Active,
SGDJ,Sprott Junior Gold Miners ETF,NYSE ARCA,ETF,Active,
SGDM,Sprott Gold Miners ETF,NYSE ARCA,ETF,Active,
SGDVV,Safe and Green Development Corporation,NASDAQ,Stock,Active,
SGHC,Super Group (SGHC) Ltd,NYSE,Stock,Active,
SGHT,Sight Sciences Inc,NASDAQ,Stock,Active,
SGI,Tempur Sealy International Inc,NYSE,Stock,Active,
SGLC,SGI U.S. LARGE CAP CORE ETF,NYSE ARCA,ETF,Active,
SGLY,Singularity Future Technology Ltd,NASDAQ,Stock,Active,
SGML,Sigma Lithium Corporation,NASDAQ,Stock,Active,
SGMO,Sangamo Therapeutics Inc,NASDAQ,Stock,Active,
SGMT,Sagimet Biosciences Inc - Class A,NASDAQ,Stock,Active,
SGOL,abrdn Physical Gold Shares ETF,NYSE ARCA,ETF,Active,
SGOL:BAT,ETFS Gold Trust,NYSE ARCA,Stock,Active,
SGOV,ISHARES 0-3 MONTH TREASURY BOND ETF,NYSE ARCA,ETF,Active,
SGP,SpyGlass Pharma Inc,NASDAQ,Stock,Active,
SGRP,Spar Group Inc,NASDAQ,Stock,Active,
SGRW,Harbor Active Small Cap Growth ETF,NYSE ARCA,ETF,Active,
SGRY,Surgery Partners Inc,NASDAQ,Stock,Active,
SGTX,Sigilon Therapeutics Inc,NASDAQ,Stock,Active,
SGU,Star Group L.P.,NYSE,Stock,Active,
SH,ProShares Short S&P500 -1x Shares,NYSE ARCA,ETF,Active,
SHAG,WISDOMTREE YIELD ENHANCED U.S. SHORT-TERM AGGREGATE BOND FUND,BATS,ETF,Active,
SHAK,Shake Shack Inc - Class A,NYSE,Stock,Active,
SHAZ,SharonAI Holdings Inc - Class A,NASDAQ,Stock,Active,
SHBI,Shore Bancshares Inc,NASDAQ,Stock,Active,
SHC,Sotera Health Company,NASDAQ,Stock,Active,
SHCAU,Spindletop Health Acquisition Corp - Units (1 Ord Share Class A & 1/2 War),NASDAQ,Stock,Active,
SHDG,SOUNDWATCH HEDGED EQUITY ETF,BATS,ETF,Active,
SHE,SPDR MSCI USA Gender Diversity ETF,NYSE ARCA,ETF,Active,
SHEL,Shell Plc ADR (Representing - ),NYSE,Stock,Active,
SHEN,Shenandoah Telecommunications Company,NASDAQ,Stock,Active,
SHFS,SHF Holdings Inc - Class A,NASDAQ,Stock,Active,
SHFSW,SHF Holdings Inc - Warrants (28/12/2027),NASDAQ,Stock,Active,
SHG,Shinhan Financial Group Co. Ltd,NYSE,Stock,Active,
SHIM,Shimmick Corp,NASDAQ,Stock,Active,
SHIP,Seanergy Maritime Holdings Corp,NASDAQ,Stock,Active,
SHLD,GLOBAL X DEFENSE TECH ETF,NYSE ARCA,ETF,Active,
SHLS,Shoals Technologies Group Inc - Class A,NASDAQ,Stock,Active,
SHLT,SHL Telemedicine Ltd ADR,NASDAQ,Stock,Active,
SHM,SPDR Nuveen Bloomberg Short Term Municipal Bond ETF,NYSE ARCA,ETF,Active,
SHMD,SCHMID Group N.V. - Class A,NASDAQ,Stock,Active,
SHMDW,SCHMID Group N.V. - Warrants (30/04/2029),NASDAQ,Stock,Active,
SHNY,MicroSectors Gold 3X Leveraged ETN,NYSE ARCA,ETF,Active,
SHO,Sunstone Hotel Investors Inc,NYSE,Stock,Active,
SHO-P-H,Sunstone Hotel Investors Inc,NYSE,Stock,Active,
SHO-P-I,Sunstone Hotel Investors Inc,NYSE,Stock,Active,
SHOC,STRIVE U.S. SEMICONDUCTOR ETF,NYSE,ETF,Active,
SHOO,Steven Madden Ltd,NASDAQ,Stock,Active,
SHOP,Shopify Inc - Class A,NASDAQ,Stock,Active,
SHOT,Safety Shot Inc Com,NASDAQ,Stock,Active,
SHOTW,Safety Shot Inc Wt Exp,NASDAQ,Stock,Active,
SHPD,Direxion Daily SHOP Bear 1X ETF,NASDAQ,ETF,Active,
SHPH,Shuttle Pharmaceuticals Holdings Inc,NASDAQ,Stock,Active,
SHPP,PACER INDUSTRIALS AND LOGISTICS ETF,NYSE ARCA,ETF,Active,
SHPU,Direxion Daily SHOP Bull 2X ETF,NASDAQ,ETF,Active,
SHRT,GOTHAM SHORT STRATEGIES ETF,NYSE ARCA,ETF,Active,
SHRY,FIRST TRUST BLOOMBERG SHAREHOLDER YIELD ETF,NASDAQ,ETF,Active,
SHUS,STRATIFIED LARGECAP HEDGED ETF,NYSE ARCA,ETF,Active,
SHV,iShares 0-1 Year Treasury Bond ETF,NASDAQ,ETF,Active,
SHW,Sherwin-Williams Company,NYSE,Stock,Active,
SHY,ISHARES 1-3 YEAR TREASURY BOND ETF,NASDAQ,ETF,Active,
SHYD,VANECK SHORT HIGH YIELD MUNI ETF,BATS,ETF,Active,
SHYF,Shyft Group Inc (The),NASDAQ,Stock,Active,
SHYG,ISHARES 0-5 YEAR HIGH YIELD CORPORATE BOND ETF,NYSE ARCA,ETF,Active,
SHYL,XTRACKERS SHORT DURATION HIGH YIELD BOND ETF,NYSE ARCA,ETF,Active,
SHYM,iShares High Yield Muni Income Active ETF,BATS,ETF,Active,
SI,Shoulder Innovations Inc,NYSE,Stock,Active,
SIBN,SI-BONE Inc,NASDAQ,Stock,Active,
SID,Companhia Siderurgica Nacional,NYSE,Stock,Active,
SIDU,Sidus Space Inc - Class A,NASDAQ,Stock,Active,
SIEB,Siebert Financial Corp,NASDAQ,Stock,Active,
SIF,SIFCO Industries Inc,NYSE MKT,Stock,Active,
SIFI,HARBOR SCIENTIFIC ALPHA INCOME ETF,NYSE ARCA,ETF,Active,
SIFY,Sify Technologies Ltd,NASDAQ,Stock,Active,
SIFYR,Sify Technologies Ltd,NASDAQ,Stock,Active,
SIG,Signet Jewelers Ltd,NYSE,Stock,Active,
SIGA,SIGA Technologies Inc,NASDAQ,Stock,Active,
SIGI,Selective Insurance Group Inc,NASDAQ,Stock,Active,
SIGIP,Selective Insurance Group Inc Depositary Shares each representing a 11000th interest in a share of 4.60 NonCumulative Preferred Stock Series B,NASDAQ,Stock,Active,
SIHY,HARBOR SCIENTIFIC ALPHA HIGH-YIELD ETF,NYSE ARCA,ETF,Active,
SII,Sprott Inc,NYSE,Stock,Active,
SIJ,ProShares UltraShort Industrials -2x Shares,NYSE ARCA,ETF,Active,
SIL,Global X Silver Miners ETF,NYSE ARCA,ETF,Active,
SIL:BAT,Silver Miners Etf,NYSE ARCA,Stock,Active,
SILC,Silicom Ltd,NASDAQ,Stock,Active,
SILJ,Amplify Junior Silver Miners ETF,NYSE ARCA,ETF,Active,
SILJ:BAT,PureFunds ISE Junior Silver Small Cap Miners Explorers ETF,NYSE ARCA,ETF,Active,
SIM,Grupo Simec S.A.B. de C.V.,NYSE MKT,Stock,Active,
SIMA,SIM Acquisition Corp I - Class A,NASDAQ,Stock,Active,
SIMAU,SIM Acquisition Corp I,NASDAQ,Stock,Active,
SIMAW,SIM Acquisition Corp I - Warrants (01/06/2031),NASDAQ,Stock,Active,
SIMO,Silicon Motion Technology Corp,NASDAQ,Stock,Active,
SIMS,SPDR S&P KENSHO INTELLIGENT STRUCTURES ETF,NYSE ARCA,ETF,Active,
SINA:BAT,SINA Corporation,NASDAQ,Stock,Active,
SINT,SINTX Technologies Inc,NASDAQ,Stock,Active,
SIO,TOUCHSTONE STRATEGIC INCOME ETF,NYSE ARCA,ETF,Active,
SION,Sionna Therapeutics Inc,NASDAQ,Stock,Active,
SIOO,VistaShares Target 15 S&P 100 Distribution,NYSE ARCA,Stock,Active,
SIRI,Sirius XM Holdings Inc,NASDAQ,Stock,Active,
SITC,SITE Centers Corp,NYSE,Stock,Active,
SITC-W,SITE Centers Corp WhenIssued,NYSE,Stock,Active,
SITE,SiteOne Landscape Supply Inc,NYSE,Stock,Active,
SITM,SiTime Corp,NASDAQ,Stock,Active,
SIVR,abrdn Physical Silver Shares ETF,NYSE ARCA,ETF,Active,
SIVR:BAT,ETFS Silver Trust,NYSE ARCA,Stock,Active,
SIX,Six Flags Entertainment Corp,NYSE,Stock,Active,
SIXA,ETC 6 MERIDIAN MEGA CAP EQUITY ETF,NYSE ARCA,ETF,Active,
SIXF,ALLIANZIM U.S. EQUITY 6 MONTH BUFFER10 FEB/AUG ETF,NYSE ARCA,ETF,Active,
SIXH,ETC 6 MERIDIAN HEDGED EQUITY-INDEX OPTION STRATEGY ETF,NYSE ARCA,ETF,Active,
SIXJ,ALLIANZIM U.S. EQUITY 6 MONTH BUFFER10 JAN/JUL ETF,NYSE ARCA,ETF,Active,
SIXL,ETC 6 MERIDIAN LOW BETA EQUITY STRATEGY ETF,NYSE ARCA,ETF,Active,
SIXO,ALLIANZIM U.S. EQUITY 6 MONTH BUFFER10 APR/OCT ETF,NYSE ARCA,ETF,Active,
SIXP,ALLIANZIM U.S. EQUITY 6 MONTH BUFFER10 MAR/SEP ETF,NYSE ARCA,ETF,Active,
SIXS,ETC 6 MERIDIAN SMALL CAP EQUITY ETF,NYSE ARCA,ETF,Active,
SIXZ,ALLIANZIM U.S. EQUITY 6 MONTH BUFFER10 MAY/NOV ETF,NYSE ARCA,ETF,Active,
SIZE,ISHARES MSCI USA SIZE FACTOR ETF,NYSE ARCA,ETF,Active,
SJ,Scienjoy Holding Corporation - Class A,NASDAQ,Stock,Active,
SJB,PROSHARES SHORT HIGH YIELD,NYSE ARCA,ETF,Active,
SJB:BAT,ProShares Short High Yield,NYSE ARCA,Stock,Active,
SJCP,SANJAC ALPHA CORE PLUS BOND ETF,NASDAQ,ETF,Active,
SJLD,SANJAC ALPHA LOW DURATION ETF,NASDAQ,ETF,Active,
SJM,J.M. Smucker Company,NYSE,Stock,Active,
SJNK,SPDR BLOOMBERG SHORT TERM HIGH YIELD BOND ETF,NYSE ARCA,ETF,Active,
SJNK:BAT,Spdr Barclays Short Term High Yield Bond Etf,NYSE ARCA,Stock,Active,
SJT,San Juan Basin Royalty Trust,NYSE,Stock,Active,
SKBL,Skyline Builders Group Holding Ltd - Class A,NASDAQ,Stock,Active,
SKE,Skeena Resources Ltd,NYSE,Stock,Active,
SKF,ProShares UltraShort Financials -2x Shares,NYSE ARCA,ETF,Active,
SKIL,Skillsoft Corp - Class A,NYSE,Stock,Active,
SKIN,Beauty Health Company (The) - Class A,NASDAQ,Stock,Active,
SKK,SKK Holdings Ltd,NASDAQ,Stock,Active,
SKLZ,Skillz Inc - Class A,NYSE,Stock,Active,
SKM,SK Telecom Co Ltd,NYSE,Stock,Active,
SKOR,FLEXSHARES CREDIT-SCORED US CORPORATE BOND INDEX FUND,NASDAQ,ETF,Active,
SKRE,TUTTLE CAPITAL DAILY 2X INVERSE REGIONAL BANKS ETF,NASDAQ,ETF,Active,
SKT,Tanger Factory Outlet Centers Inc,NYSE,Stock,Active,
SKWD,Skyward Specialty Insurance Group Inc,NASDAQ,Stock,Active,
SKY,Skyline Champion Corp,NYSE,Stock,Active,
SKYH,Sky Harbour Group Corporation - Class A,NYSE,Stock,Active,
SKYH-WS,Sky Harbour Group Corporation Warrants each whole warrant exercisable for one share of Class A common stock at an exercise price of 11.50 per share,AMEX,Stock,Active,
SKYHWS,Sky Harbour Group Corporation - Warrants (22/10/2025),NYSE,Stock,Active,
SKYQ,Sky Quarry Inc,NASDAQ,Stock,Active,
SKYT,SkyWater Technology Inc,NASDAQ,Stock,Active,
SKYU,PROSHARES ULTRA NASDAQ CLOUD COMPUTING,NASDAQ,ETF,Active,
SKYW,Skywest Inc,NASDAQ,Stock,Active,
SKYX,SKYX Platforms Corp,NASDAQ,Stock,Active,
SKYY,FIRST TRUST CLOUD COMPUTING ETF,NASDAQ,ETF,Active,
SLAB,Silicon Laboratories Inc,NASDAQ,Stock,Active,
SLAI,BIT Mining Ltd,NYSE,Stock,Active,
SLB,SLB,NYSE,Stock,Active,
SLDB,Solid Biosciences Inc,NASDAQ,Stock,Active,
SLDE,Slide Insurance Holdings Inc,NASDAQ,Stock,Active,
SLDP,Solid Power Inc - Class A,NASDAQ,Stock,Active,
SLDPW,Solid Power Inc - Warrants (08/12/2026),NASDAQ,Stock,Active,
SLDR,GLOBAL X SHORT-TERM TREASURY LADDER ETF,NYSE ARCA,ETF,Active,
SLE,Super League Enterprise Inc,NASDAQ,Stock,Active,
SLF,Sun Life Financial Inc,NYSE,Stock,Active,
SLG,SL Green Realty Corp,NYSE,Stock,Active,
SLG-P-I,SL Green Realty Corp,NYSE,Stock,Active,
SLGB,Smart Logistics Global Ltd,NASDAQ,Stock,Active,
SLGC,SomaLogic Inc - Class A,NASDAQ,Stock,Active,
SLGCW,SomaLogic Inc - Warrants (31/08/2026),NASDAQ,Stock,Active,
SLGL,Sol-Gel Technologies Ltd,NASDAQ,Stock,Active,
SLGN,Silgan Holdings Inc,NYSE,Stock,Active,
SLI,Standard Lithium Ltd,NYSE MKT,Stock,Active,
SLJY,Amplify SILJ Covered Call ETF,NYSE ARCA,ETF,Active,
SLM,SLM Corp,NASDAQ,Stock,Active,
SLMBP,SLM Corp,NASDAQ,Stock,Active,
SLMT,Brera Holdings PLC - Class B,NASDAQ,Stock,Active,
SLN,Silence Therapeutics Plc,NASDAQ,Stock,Active,
SLND,Southland Holdings Inc,NYSE MKT,Stock,Active,
SLND-WS,Southland Holdings Inc - Warrants (13/02/2028),NASDAQ,Stock,Active,
SLNG,Stabilis Solutions Inc,NASDAQ,Stock,Active,
SLNH,Soluna Holdings Inc,NASDAQ,Stock,Active,
SLNHP,Soluna Holdings Inc,NASDAQ,Stock,Active,
SLNO,Soleno Therapeutics Inc,NASDAQ,Stock,Active,
SLNZ,TCW Senior Loan ETF,NYSE,ETF,Active,
SLON,ProShares Ultra Solana ETF,NYSE ARCA,ETF,Active,
SLP,Simulations Plus Inc,NASDAQ,Stock,Active,
SLQD,ISHARES 0-5 YEAR INVESTMENT GRADE CORPORATE BOND ETF,NASDAQ,ETF,Active,
SLQT,SelectQuote Inc,NYSE,Stock,Active,
SLRC,SLR Investment Corp,NASDAQ,Stock,Active,
SLRN,Acelyrin Inc,NASDAQ,Stock,Active,
SLRX,Decoy Therapeutics Inc,NASDAQ,Stock,Active,
SLS,SELLAS Life Sciences Group Inc,NASDAQ,Stock,Active,
SLSN,Solesence Inc,NASDAQ,Stock,Active,
SLTY,YIELDMAX(R) ULTRA SHORT OPTION INCOME STRATEGY ETF,NYSE ARCA,ETF,Active,
SLV,iShares Silver Trust,NYSE ARCA,ETF,Active,
SLVM,Sylvamo Corp,NYSE,Stock,Active,
SLVO,UBS AG London Branch,NASDAQ,Stock,Active,
SLVP,ISHARES MSCI GLOBAL SILVER AND METALS MINERS ETF,BATS,ETF,Active,
SLVP:BAT,Ishares Msci Global Silver Miners Etf,BATS,Stock,Active,
SLVRU,SilverSPAC Inc - Units (1 Ord Share Class A & 1/4 War),NASDAQ,Stock,Active,
SLX,VANECK STEEL ETF,NYSE ARCA,ETF,Active,
SLXN,Silexion Therapeutics Corp,NASDAQ,Stock,Active,
SLXNW,Biomotion Sciences. - Warrants(15/08/2029),NASDAQ,Stock,Active,
SLYG,SPDR(R) S & P 600 SMALL CAP GROWTH ETF,NYSE ARCA,ETF,Active,
SLYG:BAT,SPDR S&P 600 Small Cap Growth ETF,NYSE ARCA,ETF,Active,
SLYV,SPDR(R) S & P 600 SMALL CAP VALUE ETF,NYSE ARCA,ETF,Active,
SLYV:BAT,SPDR S&P 600 Small Cap Value ETF,NYSE ARCA,ETF,Active,
SM,SM Energy Company,NYSE,Stock,Active,
SMA,Smartstop Self Storage REIT Inc,NYSE,Stock,Active,
SMAP,AMPLIFY SMALL-MID CAP EQUITY ETF,NYSE ARCA,ETF,Active,
SMAX,ISHARES LARGE CAP MAX BUFFER SEP ETF,BATS,ETF,Active,
SMAY,FT VEST U.S. SMALL CAP MODERATE BUFFER ETF - MAY,BATS,ETF,Active,
SMB,VANECK SHORT MUNI ETF,BATS,ETF,Active,
SMBC,Southern Missouri Bancorp Inc,NASDAQ,Stock,Active,
SMBK,SmartFinancial Inc,NYSE,Stock,Active,
SMBS,SCHWAB MORTGAGE-BACKED SECURITIES ETF,NYSE ARCA,ETF,Active,
SMC,Summit Midstream Corp,NYSE,Stock,Active,
SMCC,SMC CORP,NASDAQ,Stock,Active,
SMCF,THEMES US SMALL CAP CASH FLOW CHAMPIONS ETF,NASDAQ,ETF,Active,
SMCI,Super Micro Computer Inc,NASDAQ,Stock,Active,
SMCL,GRANITESHARES 2X LONG SMCI DAILY ETF,NASDAQ,ETF,Active,
SMCO,HILTON SMALL-MIDCAP OPPORTUNITY ETF,NASDAQ,ETF,Active,
SMCP,AlphaMark Actively Managed Small Cap ETF,NASDAQ,ETF,Active,
SMCX,Defiance Daily Target 2x Long SMCI ETF,NASDAQ,ETF,Active,
SMCY,YIELDMAX(R) SMCI OPTION INCOME STRATEGY ETF,NYSE ARCA,ETF,Active,
SMCZ,DEFIANCE DAILY TARGET 2X SHORT SMCI ETF,NASDAQ,ETF,Active,
SMDD,ProShares UltraPro Short MidCap400 -3x Shares,NYSE ARCA,ETF,Active,
SMDV,PROSHARES RUSSELL 2000 DIVIDEND GROWERS ETF,BATS,ETF,Active,
SMDX,Intech S&P SmallMid Cap Diversified Alpha ETF,NYSE ARCA,ETF,Active,
SMFG,Sumitomo Mitsui Financial Group Inc,NYSE,Stock,Active,
SMG,Scotts Miracle-Gro Company - Class A,NYSE,Stock,Active,
SMH,VANECK SEMICONDUCTOR ETF,NASDAQ,ETF,Active,
SMHB,UBS AG London Branch,NYSE ARCA,ETF,Active,
SMHI,SEACOR Marine Holdings Inc,NYSE,Stock,Active,
SMHX,VANECK FABLESS SEMICONDUCTOR ETF,NASDAQ,ETF,Active,
SMID,Smith-Midland Corp,NASDAQ,Stock,Active,
SMIG,BAHL & GAYNOR SMALL/MID CAP INCOME GROWTH ETF,NYSE ARCA,ETF,Active,
SMIN,ISHARES MSCI INDIA SMALL-CAP ETF,BATS,ETF,Active,
SMIN:BAT,iShares MSCI India SmallCap E,BATS,Stock,Active,
SMIZ,ZACKS SMALL/MID CAP ETF,NYSE ARCA,ETF,Active,
SMJF,SMJ International Holdings Inc - Class A,NYSE MKT,Stock,Active,
SMLF,ISHARES U.S. SMALL-CAP EQUITY FACTOR ETF,NYSE ARCA,ETF,Active,
SMLL,HARBOR ACTIVE SMALL CAP ETF,NYSE ARCA,ETF,Active,
SMLR,Semler Scientific Inc,NASDAQ,Stock,Active,
SMLV,SPDR SSGA US SMALL CAP LOW VOLATILITY INDEX ETF,NYSE ARCA,ETF,Active,
SMLV:BAT,SPDR Russell 2000 Low Volatility ETF,NYSE ARCA,ETF,Active,
SMMD,ISHARES RUSSELL 2500 ETF,BATS,ETF,Active,
SMMT,Summit Therapeutics Inc,NASDAQ,Stock,Active,
SMMU,PIMCO SHORT TERM MUNICIPAL BOND ACTIVE EXCHANGE-TRADED FUND,NYSE ARCA,ETF,Active,
SMMU:BAT,PIMCO Short Term Municipal Bond Strategy Fund,NYSE ARCA,Stock,Active,
SMMV,ISHARES MSCI USA SMALL-CAP MIN VOL FACTOR ETF,BATS,ETF,Active,
SMN,ProShares UltraShort Materials,NYSE ARCA,ETF,Active,
SMOG,VANECK LOW CARBON ENERGY ETF,NYSE ARCA,ETF,Active,
SMOT,VANECK MORNINGSTAR SMID MOAT ETF,BATS,ETF,Active,
SMOX,Horizon SmallMid Cap Core Equity ETF,NYSE ARCA,ETF,Active,
SMP,Standard Motor Products Inc,NYSE,Stock,Active,
SMPL,Simply Good Foods Company,NASDAQ,Stock,Active,
SMQ,Tradr 1X Short Innovation 100 Monthly ETF,BATS,ETF,Active,
SMR,NuScale Power Corporation - Class A,NYSE,Stock,Active,
SMR-WS,NuScale Power Corporation Warrants each exercisable for one share of Class A Common Stock at an exercise price of 11.50 per share,NYSE,Stock,Active,
SMRF,ALPS Nautilus SMR Nuclear & Technology,NYSE ARCA,Stock,Active,
SMRI,BUSHIDO CAPITAL US EQUITY ETF,NASDAQ,ETF,Active,
SMRT,SmartRent Inc - Class A,NYSE,Stock,Active,
SMSI,Smith Micro Software Inc,NASDAQ,Stock,Active,
SMST,DEFIANCE DAILY TARGET 2X SHORT MSTR ETF,NASDAQ,ETF,Active,
SMTC,Semtech Corp,NASDAQ,Stock,Active,
SMTH,ALPS | SMITH CORE PLUS BOND ETF,NYSE ARCA,ETF,Active,
SMTI,Sanara MedTech Inc,NASDAQ,Stock,Active,
SMTX:BAT,SMTC Corporation,NASDAQ,Stock,Active,
SMU,SIMULA INC,BATS,Stock,Active,
SMUP,T-REX 2X LONG SMR DAILY TARGET ETF,BATS,ETF,Active,
SMWB,Similarweb Ltd,NYSE,Stock,Active,
SMX,SMX (Security Matters) Plc,NASDAQ,Stock,Active,
SMXT,SolarMax Technology Inc,NASDAQ,Stock,Active,
SMXWW,SMX (Security Matters) Plc - Warrants (07/03/2028),NASDAQ,Stock,Active,
SMZ,Tradr 2X Short SMR Daily,BATS,Stock,Active,
SN,SharkNinja Inc,NYSE,Stock,Active,
SNA,Snap-on Inc,NYSE,Stock,Active,
SNAG,Leverage Shares 2x Long SNAP Daily ETF,NASDAQ,ETF,Active,
SNAL,Snail Inc - Class A,NASDAQ,Stock,Active,
SNAP,Snap Inc - Class A,NYSE,Stock,Active,
SNAV,MOHR SECTOR NAV ETF,BATS,ETF,Active,
SNBR,Sleep Number Corp,NASDAQ,Stock,Active,
SNCY,Sun Country Airlines Holdings Inc,NASDAQ,Stock,Active,
SND,Smart Sand Inc,NASDAQ,Stock,Active,
SNDA,Sonida Senior Living Inc,NYSE,Stock,Active,
SNDG,Leverage Shares 2X Long SNDK Daily,BATS,Stock,Active,
SNDK,Sandisk Corp,NASDAQ,Stock,Active,
SNDKV,Sandisk Corporation,NASDAQ,Stock,Active,
SNDL,SNDL Inc,NASDAQ,Stock,Active,
SNDQ,Tradr 2X Short SNDK Daily,BATS,Stock,Active,
SNDR,Schneider National Inc - Class B,NYSE,Stock,Active,
SNDU,TREX 2X Long SNDK Daily Target,BATS,Stock,Active,
SNDX,Syndax Pharmaceuticals Inc,NASDAQ,Stock,Active,
SNES,SenesTech Inc,NASDAQ,Stock,Active,
SNEX,StoneX Group Inc,NASDAQ,Stock,Active,
SNFCA,Security National Financial Corp - Class A,NASDAQ,Stock,Active,
SNGX,Soligenix Inc,NASDAQ,Stock,Active,
SNN,Smith & Nephew plc,NYSE,Stock,Active,
SNOA,Sonoma Pharmaceuticals Inc,NASDAQ,Stock,Active,
SNOW,Snowflake Inc - Class A,NYSE,Stock,Active,
SNOY,YIELDMAX(R) SNOW OPTION INCOME STRATEGY ETF,NYSE ARCA,ETF,Active,
SNPD,XTRACKERS S&P ESG DIVIDEND ARISTOCRATS ETF,BATS,ETF,Active,
SNPE,XTRACKERS S&P 500 ESG ETF,NYSE ARCA,ETF,Active,
SNPG,XTRACKERS S&P 500 GROWTH ESG ETF,BATS,ETF,Active,
SNPS,Synopsys Inc,NASDAQ,Stock,Active,
SNPX,Tradr 2X Long SNPS Daily ETF,BATS,ETF,Active,
SNRE,Sunrise Communications AG,NASDAQ,Stock,Active,
SNREV,Sunrise Communications AG American Depositary Shares representing Class A shares When Issued,NASDAQ,Stock,Active,
SNSE,Sensei Biotherapeutics Inc,NASDAQ,Stock,Active,
SNSR,GLOBAL X INTERNET OF THINGS ETF,NASDAQ,ETF,Active,
SNT,Senstar Technologies Corp,NASDAQ,Stock,Active,
SNTG,Sentage Holdings Inc,NASDAQ,Stock,Active,
SNTH,MRP SYNTHEQUITY ETF,NYSE ARCA,ETF,Active,
SNTI,Senti Biosciences Inc,NASDAQ,Stock,Active,
SNX,TD Synnex Corp,NYSE,Stock,Active,
SNXX,Tradr 2X Long SNDK Daily,BATS,Stock,Active,
SNY,Sanofi,NASDAQ,Stock,Active,
SNYR,Synergy CHC Corp,NASDAQ,Stock,Active,
SO,Southern Company,NYSE,Stock,Active,
SOAR,Volato Group Inc - Class A,NYSE MKT,Stock,Active,
SOAR-WS,Volato Group Inc Warrants,AMEX,Stock,Active,
SOBR,Sobr Safe Inc,NASDAQ,Stock,Active,
SOC,Flame Acquisition Corp,NYSE,Stock,Active,
SOC-WS,Sable Offshore Corp Wt Exp,NYSE,Stock,Active,
SOCA,Solarius Capital Acquisition Corp - Class A,NASDAQ,Stock,Active,
SOCAU,Solarius Capital Acquisition Corp Units,NASDAQ,Stock,Active,
SOCAW,Solarius Capital Acquisition Corp - Warrants(10/07/2030),NASDAQ,Stock,Active,
SOCL,GLOBAL X SOCIAL MEDIA ETF,NASDAQ,ETF,Active,
SOEZ,Fractional Undivided Beneficial Interest,NYSE ARCA,Stock,Active,
SOF,Amplify ETF Trust Samsung SOFR,NYSE,ETF,Active,
SOFA,Direxion Daily SOFI Bull 2X ETF,NASDAQ,ETF,Active,
SOFI,SoFi Technologies Inc,NASDAQ,Stock,Active,
SOFL,Tidal Trust III 2x Daily Software Platform,NYSE,Stock,Active,
SOFR,Amplify Samsung SOFR ETF,NYSE ARCA,ETF,Active,
SOGP,Sound Group Inc,NASDAQ,Stock,Active,
SOGU,AXS Short De-SPAC Daily ETF,NASDAQ,ETF,Active,
SOHU,Sohu.com Ltd,NASDAQ,Stock,Active,
SOJC,Southern Company,NYSE,Stock,Active,
SOJD,Southern Company,NYSE,Stock,Active,
SOJE,Southern Company,NYSE,Stock,Active,
SOJF,Southern Company,NYSE,Stock,Active,
SOLC,Canary Marinade Solana ETF,NASDAQ,ETF,Active,
SOLM,Amplify Solana 3 Monthly Option Income ETF,BATS,ETF,Active,
SOLO,Electrameccanica Vehicles Corp,NASDAQ,Stock,Active,
SOLOW,Electrameccanica Vehicles Corp - Warrants (03/08/2023),NASDAQ,Stock,Active,
SOLR,GUINNESS ATKINSON SUSTAINABLE ENERGY ETF,NYSE ARCA,ETF,Active,
SOLS,Solstice Advanced Materials Inc,NASDAQ,Stock,Active,
SOLSV,Solstice Advanced Materials Inc,NASDAQ,Stock,Active,
SOLT,2x Solana ETF,NASDAQ,ETF,Active,
SOLV,Solventum Corp,NYSE,Stock,Active,
SOLV-W,Solventum Corporation WhenIssued,NYSE,Stock,Active,
SOLX,TREX 2X Long SOL Daily Target ETF,BATS,ETF,Active,
SOLZ,Solana ETF,NASDAQ,ETF,Active,
SOMN,SOMNUS MEDICAL TECHNOLOGIES INC,NASDAQ,Stock,Active,
SON,Sonoco Products Company,NYSE,Stock,Active,
SONM,Sonim Technologies Inc,NASDAQ,Stock,Active,
SONO,Sonos Inc,NASDAQ,Stock,Active,
SONY,Sony Group Corporation,NYSE,Stock,Active,
SOPH,SOPHiA Genetics SA,NASDAQ,Stock,Active,
SOQ,Sonde Resources Corp,NYSE MKT,Stock,Active,
SOR,Source Capital Inc,NYSE,ETF,Active,
SORA,Top Win International Ltd,NASDAQ,Stock,Active,
SORN,Soren Acquisition Corp,NASDAQ,Stock,Active,
SORNU,Soren Acquisition Corp - Units (1 Ord Cls A & 1/3War),NASDAQ,Stock,Active,
SORNW,Soren Acquisition Corp Warrant,NASDAQ,Stock,Active,
SOTK,Sono-Tek Corp,NASDAQ,Stock,Active,
SOUL-R,Soulpower Acquisition Corporation Rights each right entitling the holder to receive onetenth 110 of one Class A Ordinary Share,NYSE,Stock,Active,
SOUL-U,Soulpower Acquisition Corp - Units (1 Ord Cls A & 1/2 War),NYSE,Stock,Active,
SOUN,SoundHound AI Inc - Class A,NASDAQ,Stock,Active,
SOUNW,SoundHound AI Inc - Warrants (26/04/2027),NASDAQ,Stock,Active,
SOVF,SOVEREIGN'S CAPITAL FLOURISH FUND,NYSE ARCA,ETF,Active,
SOWG,Sow Good Inc,NASDAQ,Stock,Active,
SOXL,DIREXION DAILY SEMICONDUCTOR BULL 3X SHARES,NYSE ARCA,ETF,Active,
SOXQ,INVESCO PHLX SEMICONDUCTOR ETF,NASDAQ,ETF,Active,
SOXS,Direxion Daily Semiconductor Bear 3X Shares,NYSE ARCA,ETF,Active,
SOXX,ISHARES SEMICONDUCTOR ETF,NASDAQ,ETF,Active,
SOYB,Teucrium Soybean Fund,NYSE ARCA,ETF,Active,
SOYB:BAT,Teucrium Soybean Fund,NYSE ARCA,Stock,Active,
SPAB,SPDR(R) PORTFOLIO AGGREGATE BOND ETF,NYSE ARCA,ETF,Active,
SPAI,Safe Pro Group Inc,NASDAQ,Stock,Active,
SPAM,THEMES CYBERSECURITY ETF,NASDAQ,ETF,Active,
SPAQ,HORIZON KINETICS SPAC ACTIVE ETF,NASDAQ,ETF,Active,
SPB,Spectrum Brands Holdings Inc,NYSE,Stock,Active,
SPBC,SIMPLIFY US EQUITY PLUS BITCOIN STRATEGY ETF,NASDAQ,ETF,Active,
SPBO,SPDR PORTFOLIO CORPORATE BOND ETF,NYSE ARCA,ETF,Active,
SPBO:BAT,SPDR Barclays Issuer Scored Company,NYSE ARCA,Stock,Active,
SPBU,ALLIANZIM BUFFER15 UNCAPPED ALLOCATION ETF,AMEX,ETF,Active,
SPBW,ALLIANZIM BUFFER20 ALLOCATION ETF,NYSE ARCA,ETF,Active,
SPBX,ALLIANZIM 6 MONTH BUFFER10 ALLOCATION ETF,NYSE ARCA,ETF,Active,
SPCB,SuperCom Ltd,NASDAQ,Stock,Active,
SPCE,Virgin Galactic Holdings Inc - Class A,NYSE,Stock,Active,
SPCI,Tuttle Capital Space Industry Income Blast,BATS,Stock,Active,
SPCK,The SPAC and New Issue ETF,NASDAQ,ETF,Active,
SPCT,SPECTRIAN CORP,NASDAQ,Stock,Active,
SPCY,STKd 100% SMCI & 100% NVDA ETF,NASDAQ,ETF,Active,
SPCZ,RIVERNORTH ENHANCED PRE-MERGER SPAC ETF,BATS,ETF,Active,
SPD,Simplify US Equity PLUS Downside Convexity ETF,NYSE ARCA,ETF,Active,
SPDG,SPDR PORTFOLIO S&P SECTOR NEUTRAL DIVIDEND ETF,NYSE ARCA,ETF,Active,
SPDN,DIREXION DAILY S&P 500 (R) BEAR 1X SHARES,NYSE ARCA,ETF,Active,
SPDV,AAM S&P 500 HIGH DIVIDEND VALUE ETF,NYSE ARCA,ETF,Active,
SPDW,SPDR(R) PORTFOLIO DEVELOPED WORLD EX-US ETF,NYSE ARCA,ETF,Active,
SPE,Special Opportunities Fund Inc,NYSE,ETF,Active,
SPE-P-C,Special Opportunities Fund Inc,NYSE,Stock,Active,
SPEG,Silver Pegasus Acquisition Corp - Class A,NASDAQ,Stock,Active,
SPEGR,Silver Pegasus Acquisition Corp,NASDAQ,Stock,Active,
SPEGU,Silver Pegasus Acquisition Corp - Units (1 Ord Cls A & 1 Rts),NASDAQ,Stock,Active,
SPEM,SPDR(R) PORTFOLIO EMERGING MARKETS ETF,NYSE ARCA,ETF,Active,
SPEU,SPDR(R) PORTFOLIO EUROPE ETF,NYSE ARCA,ETF,Active,
SPFF,GLOBAL X SUPERINCOME PREFERRED ETF,NYSE ARCA,ETF,Active,
SPFF:BAT,Global X SuperIncome Preferred ETF,NYSE ARCA,ETF,Active,
SPFI,South Plains Financial Inc,NASDAQ,Stock,Active,
SPG,Simon Property Group Inc,NYSE,Stock,Active,
SPG-P-J,Simon Property Group Inc,NYSE,Stock,Active,
SPGI,S&P Global Inc,NYSE,Stock,Active,
SPGM,SPDR(R) PORTFOLIO MSCI GLOBAL STOCK MARKET ETF,NYSE ARCA,ETF,Active,
SPGM:BAT,SPDR MSCI ACWI IMI ETF,NYSE ARCA,ETF,Active,
SPGP,INVESCO S&P 500 GARP ETF,NYSE ARCA,ETF,Active,
SPH,Suburban Propane Partners LP,NYSE,Stock,Active,
SPHA,Shepherd Ave Capital Acquisition Corporation,NASDAQ,Stock,Active,
SPHAR,Shepherd Ave Capital Acquisition Corporation Right,NASDAQ,Stock,Active,
SPHB,INVESCO S&P 500 HIGH BETA ETF,NYSE ARCA,ETF,Active,
SPHB:BAT,PowerShares S&P 500 High Beta Portfolio,NYSE ARCA,Stock,Active,
SPHD,INVESCO S&P 500 HIGH DIVIDEND LOW VOLATILITY ETF,NYSE ARCA,ETF,Active,
SPHD:BAT,PowerShares S&P 500 High Dividend Portfolio,NYSE ARCA,Stock,Active,
SPHL,Springview Holdings Ltd - Class A,NASDAQ,Stock,Active,
SPHQ,INVESCO S&P 500 QUALITY ETF,NYSE ARCA,ETF,Active,
SPHQ:BAT,PowerShares S&P 500 High Quality Portfolio,NYSE ARCA,Stock,Active,
SPHR,Sphere Entertainment Co - Class A,NYSE,Stock,Active,
SPHR-W,Sphere Entertainment Co. Class A WhenIssued,NYSE,Stock,Active,
SPHY,SPDR PORTFOLIO HIGH YIELD BOND ETF,NYSE ARCA,ETF,Active,
SPIB,SPDR(R) PORTFOLIO INTERMEDIATE TERM CORPORATE BOND ETF,NYSE ARCA,ETF,Active,
SPIB:BAT,SPDR Barclays Intermediate Ter,NYSE ARCA,Stock,Active,
SPIN,SPDR SSGA US Equity Premium Income ETF,BATS,ETF,Active,
SPIP,SPDR(R) PORTFOLIO TIPS ETF,NYSE ARCA,ETF,Active,
SPIR,Spire Global Inc - Class A,NYSE,Stock,Active,
SPIT,Fm Emerald Special Situations ETF,NASDAQ,ETF,Active,
SPKBU,Silver Spike Acquisition Corp II - Units (1 Ord Share Class A & 1/4 War),NASDAQ,Stock,Active,
SPKL,Spark I Acquisition Corp - Class A,NASDAQ,Stock,Active,
SPKLU,Spark I Acquisition Corp - Units (1 Ord Class A & 1/2 War),NASDAQ,Stock,Active,
SPKLW,Spark I Acquisition Corp - Warrants (28/09/2028),NASDAQ,Stock,Active,
SPKX,ConvexityShares 1x SPIKES Futures ETF,NYSE ARCA,ETF,Active,
SPKY,ConvexityShares Daily 1.5x SPIKES Futures ETF,NYSE ARCA,ETF,Active,
SPLB,SPDR(R) PORTFOLIO LONG TERM CORPORATE BOND ETF,NYSE ARCA,ETF,Active,
SPLB:BAT,SPDR Barclays Long Term Corpat,NYSE ARCA,Stock,Active,
SPLS,PIMCO US Stocks PLUS Active Bond Exchange Traded Fund,NASDAQ,ETF,Active,
SPLV,INVESCO S&P 500 LOW VOLATILITY ETF,NYSE ARCA,ETF,Active,
SPLV:BAT,PowerShares S&P 500 Low Volatility Portfolio,NYSE ARCA,Stock,Active,
SPMB,SPDR(R) PORTFOLIO MORTGAGE BACKED BOND ETF,NYSE ARCA,ETF,Active,
SPMB:BAT,SPDR Barclays Mortgage Backed,NYSE ARCA,Stock,Active,
SPMC,Sound Point Meridian Capital Inc,NYSE,Stock,Active,
SPMD,SPDR(R) PORTFOLIO S&P 400 MID CAP ETF,NYSE ARCA,ETF,Active,
SPME,Sound Point Meridian Capital Inc,NYSE,Stock,Active,
SPMO,INVESCO S&P 500 MOMENTUM ETF,NYSE ARCA,ETF,Active,
SPNT,SiriusPoint Ltd,NYSE,Stock,Active,
SPOG,Leverage Shares 2X Long SPOT Daily ETF,NASDAQ,ETF,Active,
SPOK,Spok Holdings Inc,NASDAQ,Stock,Active,
SPOT,Spotify Technology S.A.,NYSE,Stock,Active,
SPPI,Spectrum Pharmaceuticals Inc,NASDAQ,Stock,Active,
SPPL,Simpple Ltd,NASDAQ,Stock,Active,
SPPP,Sprott Physical Platinum and Palladium Trust,NYSE ARCA,ETF,Active,
SPPP:BAT,Sprott Physical Platinum And Palladium Trust,NYSE ARCA,Stock,Active,
SPRC,SciSparc Ltd,NASDAQ,Stock,Active,
SPRE,SP FUNDS S&P GLOBAL REIT SHARIA ETF,NYSE ARCA,ETF,Active,
SPRO,Spero Therapeutics Inc,NASDAQ,Stock,Active,
SPRU,Spruce Power Holding Corporation - Class A,NYSE,Stock,Active,
SPRX,SPEAR ALPHA ETF,NASDAQ,ETF,Active,
SPRY,ARS Pharmaceuticals Inc,NASDAQ,Stock,Active,
SPSB,SPDR(R) PORTFOLIO SHORT TERM CORPORATE BOND ETF,NYSE ARCA,ETF,Active,
SPSB:BAT,SPDR Barclays Short Term Corpa,NYSE ARCA,Stock,Active,
SPSC,SPS Commerce Inc,NASDAQ,Stock,Active,
SPSK,SP FUNDS DOW JONES GLOBAL SUKUK ETF,NYSE ARCA,ETF,Active,
SPSM,SPDR(R) PORTFOLIO S&P 600 SMALL CAP ETF,NYSE ARCA,ETF,Active,
SPT,Sprout Social Inc Class A,NASDAQ,Stock,Active,
SPTB,SPDR PORTFOLIO TREASURY ETF,NYSE ARCA,ETF,Active,
SPTE,SP FUNDS S&P GLOBAL TECHNOLOGY ETF,NYSE ARCA,ETF,Active,
SPTI,SPDR(R) PORTFOLIO INTERMEDIATE TERM TREASURY ETF,NYSE ARCA,ETF,Active,
SPTK,SportsTek Acquisition Corp - Class A,NASDAQ,Stock,Active,
SPTKW,SportsTek Acquisition Corp - Warrants (16/02/2028),NASDAQ,Stock,Active,
SPTL,SPDR(R) PORTFOLIO LONG TERM TREASURY ETF,NYSE ARCA,ETF,Active,
SPTM,SPDR(R) PORTFOLIO S&P 1500 COMPOSITE STOCK MARKET ETF,NYSE ARCA,ETF,Active,
SPTS,SPDR(R) PORTFOLIO SHORT TERM TREASURY ETF,NYSE ARCA,ETF,Active,
SPTS:BAT,Spdr Barclays Short Term Treasury Etf,NYSE ARCA,Stock,Active,
SPTU,State Street SPDR Portfolio Ultra Short TBill ETF,NYSE ARCA,ETF,Active,
SPTX,Seaport Therapeutics Inc,NASDAQ,Stock,Active,
SPUC,SIMPLIFY US EQUITY PLUS UPSIDE CONVEXITY ETF,NYSE ARCA,ETF,Active,
SPUS,SP FUNDS S&P 500 SHARIA INDUSTRY EXCLUSIONS ETF,NYSE ARCA,ETF,Active,
SPUT,Innovator Equity Premium Income Daily PutWrite ETF,NYSE ARCA,ETF,Active,
SPUU,DIREXION DAILY S&P 500(R) BULL 2X SHARES,NYSE ARCA,ETF,Active,
SPVM,INVESCO S&P 500 VALUE WITH MOMENTUM ETF,NYSE ARCA,ETF,Active,
SPWH,Sportsman`s Warehouse Holdings Inc,NASDAQ,Stock,Active,
SPWO,SP FUNDS S&P WORLD (EX-US) ETF,NYSE ARCA,ETF,Active,
SPWR,Complete Solaria Inc,NASDAQ,Stock,Active,
SPWRW,Complete Solaria Inc - Warrants (31/07/2028),NASDAQ,Stock,Active,
SPXC,SPX Technologies Inc,NYSE,Stock,Active,
SPXD,Xtrackers S&P 500 Diversified Sector Weight ETF,NASDAQ,ETF,Active,
SPXE,PROSHARES S&P 500 EX-ENERGY ETF,NYSE ARCA,ETF,Active,
SPXL,DIREXION DAILY S&P 500(R) BULL 3X SHARES,NYSE ARCA,ETF,Active,
SPXM,Azoria 500 Meritocracy ETF,BATS,ETF,Active,
SPXN,PROSHARES S&P 500 EX-FINANCIALS ETF,NYSE ARCA,ETF,Active,
SPXS,DIREXION DAILY S&P 500(R) BEAR 3X SHARES,NYSE ARCA,ETF,Active,
SPXT,PROSHARES S&P 500 EX-TECHNOLOGY ETF,NYSE ARCA,ETF,Active,
SPXU,ProShares UltraPro Short S&P 500,NYSE ARCA,ETF,Active,
SPXV,PROSHARES S&P 500 EX-HEALTH CARE ETF,NYSE ARCA,ETF,Active,
SPXX,Nuveen S&P 500 Dynamic Overwrite Fund,NYSE,ETF,Active,
SPY,SPDR S&P 500 ETF Trust,NYSE ARCA,ETF,Active,
SPYA,Twin Oak Endure ETF,BATS,ETF,Active,
SPYC,SIMPLIFY US EQUITY PLUS CONVEXITY ETF,NYSE ARCA,ETF,Active,
SPYD,SPDR(R) PORTFOLIO S&P 500 HIGH DIVIDEND ETF,NYSE ARCA,ETF,Active,
SPYG,SPDR(R) PORTFOLIO S&P 500 GROWTH ETF,NYSE ARCA,ETF,Active,
SPYG:BAT,SPDR S&P 500 Growth ETF,NYSE ARCA,ETF,Active,
SPYH,NEOS S&P 500(R) HEDGED EQUITY INCOME ETF,BATS,ETF,Active,
SPYI,NEOS S&P 500(R) HIGH INCOME ETF,BATS,ETF,Active,
SPYM,SPDR Portfolio S&P 500 ETF,NYSE ARCA,ETF,Active,
SPYQ,TRADR 2X LONG SPY QUARTERLY ETF,NASDAQ,ETF,Active,
SPYT,DEFIANCE S&P 500 INCOME TARGET ETF,NYSE ARCA,ETF,Active,
SPYU,MAX S&P 500 4X Leveraged ETN,NYSE ARCA,ETF,Active,
SPYV,SPDR(R) PORTFOLIO S&P 500 VALUE ETF,NYSE ARCA,ETF,Active,
SPYV:BAT,SPDR S&P 500 Value ETF,NYSE ARCA,ETF,Active,
SPYX,SPDR S&P 500 FOSSIL FUEL RESERVES FREE ETF,NYSE ARCA,ETF,Active,
SQFT,Presidio Property Trust Inc - Class A,NASDAQ,Stock,Active,
SQFTP,Presidio Property Trust Inc,NASDAQ,Stock,Active,
SQFTW,Presidio Property Trust Inc - Warrants (24/01/2027),NASDAQ,Stock,Active,
SQLT,iShares MSCI USA SmallCap Quality Factor,BATS,Stock,Active,
SQLV,ROYCE QUANT SMALL-CAP QUALITY VALUE ETF,NASDAQ,ETF,Active,
SQM,Sociedad Quimica Y Minera de Chile S.A.,NYSE,Stock,Active,
SQNS,Sequans Communications S.A,NYSE,Stock,Active,
SQQQ,ProShares UltraPro Short QQQ -3x Shares,NASDAQ,ETF,Active,
SR,Spire Inc,NYSE,Stock,Active,
SRAD,Sportradar Group AG - Class A,NASDAQ,Stock,Active,
SRAX,SRAX Inc - Class A,NASDAQ,Stock,Active,
SRBK,SR Bancorp Inc,NASDAQ,Stock,Active,
SRCE,1st Source Corp,NASDAQ,Stock,Active,
SRE,Sempra,NYSE,Stock,Active,
SREA,Sempra,NYSE,Stock,Active,
SRET,GLOBAL X SUPERDIVIDEND REIT ETF,NASDAQ,ETF,Active,
SRFM,Surf Air Mobility Inc,NYSE,Stock,Active,
SRG,Seritage Growth Properties - Class A,NYSE,Stock,Active,
SRG-P-A,Seritage Growth Properties,NYSE,Stock,Active,
SRHQ,SRH U.S. QUALITY GARP ETF,NYSE ARCA,ETF,Active,
SRHR,SRH REIT COVERED CALL ETF,NYSE ARCA,ETF,Active,
SRI,Stoneridge Inc,NYSE,Stock,Active,
SRJN,Spire Inc 6.375 Junior Subordinated Notes due 2086,NYSE,Stock,Active,
SRL,Scully Royalty Ltd,NYSE,Stock,Active,
SRLN,SPDR BLACKSTONE SENIOR LOAN ETF,NYSE ARCA,ETF,Active,
SRLN:BAT,SPDR Blackstone GSO Senior Loan ETF,NYSE ARCA,ETF,Active,
SRM,SRM Entertainment Inc,NASDAQ,Stock,Active,
SROI,Calamos Antetokounmpo Global Sustainable Equities ETF,NYSE ARCA,ETF,Active,
SRPT,Sarepta Therapeutics Inc,NASDAQ,Stock,Active,
SRPU,Tradr 2X Long SRPT Daily ETF,BATS,ETF,Active,
SRRK,Scholar Rock Holding Corp,NASDAQ,Stock,Active,
SRS,ProShares UltraShort Real Estate -2x Shares,NYSE ARCA,ETF,Active,
SRTA,Strata Critical Medical Inc Cl A Com,NASDAQ,Stock,Active,
SRTAW,Strata Critical Medical Inc Wt Pur Cl A Exp,NASDAQ,Stock,Active,
SRTS,Sensus Healthcare Inc,NASDAQ,Stock,Active,
SRTY,ProShares UltraPro Short Russell2000 -3x Shares,NYSE ARCA,ETF,Active,
SRV,NXG Cushing Midstream Energy Fund,NYSE,ETF,Active,
SRV-R,NXG Cushing Midstream Energy Fund Rights expiring December 14 2023 Rights,NYSE,Stock,Active,
SRV-R-W,NXG Cushing Midstream Energy Fund Rights expiring December 14 2023 Rights when issued,NYSE,Stock,Active,
SRVR,PACER DATA & INFRASTRUCTURE REAL ESTATE ETF,NYSE ARCA,ETF,Active,
SRXH,Better Choice Company Inc,NYSE MKT,Stock,Active,
SRZN,Surrozen Inc,NASDAQ,Stock,Active,
SRZNW,Surrozen Inc - Warrants (01/08/2026),NASDAQ,Stock,Active,
SSAC,SPACSphere Acquisition Corp,NASDAQ,Stock,Active,
SSACR,SPACSphere Acquisition Corp Rights,NASDAQ,Stock,Active,
SSACU,SPACSphere Acquisition Corp - Units (1 Ord Cls A & 1 Rts),NASDAQ,Stock,Active,
SSACW,SPACSphere Acquisition Corp Warrant,NASDAQ,Stock,Active,
SSB,SouthState Corporation,NYSE,Stock,Active,
SSBI,Summit State Bank,NASDAQ,Stock,Active,
SSBK,Southern States Bancshares Inc,NASDAQ,Stock,Active,
SSCP,SMART Small Cap,NYSE ARCA,Stock,Active,
SSD,Simpson Manufacturing Co. Inc,NYSE,Stock,Active,
SSEA,Starry Sea Acquisition Corp,NASDAQ,Stock,Active,
SSEAR,Starry Sea Acquisition Corp Rights,NASDAQ,Stock,Active,
SSEAU,Starry Sea Acquisition Corp - Units (1 Ord Shs & 1/6 Rts),NASDAQ,Stock,Active,
SSFI,DAY HAGAN SMART SECTOR FIXED INCOME ETF,NYSE ARCA,ETF,Active,
SSG,ProShares UltraShort Semiconductors -2x Shares,NYSE ARCA,ETF,Active,
SSII,SS Innovations International Inc,NASDAQ,Stock,Active,
SSL,Sasol Ltd,NYSE,Stock,Active,
SSMG,Virtus Silvant SmallMid Growth,NYSE ARCA,Stock,Active,
SSNC,SS&C Technologies Holdings Inc,NASDAQ,Stock,Active,
SSO,PROSHARES ULTRA S&P500,NYSE ARCA,ETF,Active,
SSP,E.W. Scripps Co. - Class A,NASDAQ,Stock,Active,
SSPX,Janus Henderson U.S. Sustainable Equity ETF,NYSE ARCA,ETF,Active,
SSPY,STRATIFIED LARGECAP INDEX ETF,NYSE ARCA,ETF,Active,
SSRM,SSR Mining Inc,NASDAQ,Stock,Active,
SSS,Sovran Self Storage Inc,NYSE,Stock,Active,
SSSS,SuRo Capital Corp,NASDAQ,Stock,Active,
SSSSL,SuRo Capital Corp,NASDAQ,Stock,Active,
SST,System1 Inc - Class A,NYSE,Stock,Active,
SST-WS,System1 Inc Warrants each whole warrant exercisable for one share of Class A Common Stock at an exercise price of 11.50 per share,NYSE,Stock,Active,
SSTI,SoundThinking Inc,NASDAQ,Stock,Active,
SSTK,Shutterstock Inc,NYSE,Stock,Active,
SSUS,DAY HAGAN SMART SECTOR ETF,NYSE ARCA,ETF,Active,
SSXU,DAY HAGAN SMART SECTOR INTERNATIONAL ETF,NYSE ARCA,ETF,Active,
SSYS,Stratasys Ltd,NASDAQ,Stock,Active,
ST,Sensata Technologies Holding Plc,NYSE,Stock,Active,
STAA,Staar Surgical Company,NASDAQ,Stock,Active,
STAG,STAG Industrial Inc,NYSE,Stock,Active,
STAK,Stak Inc,NASDAQ,Stock,Active,
STAX,MACQUARIE TAX-FREE USA SHORT TERM ETF,NYSE ARCA,ETF,Active,
STBA,S & T Bancorp Inc,NASDAQ,Stock,Active,
STBF,PERFORMANCE TRUST SHORT TERM BOND ETF,BATS,ETF,Active,
STBQ,Amplify Stablecoin Technology ETF,NYSE ARCA,ETF,Active,
STBX,Starbox Group Holdings Ltd,NASDAQ,Stock,Active,
STC,Stewart Information Services Corp,NYSE,Stock,Active,
STCE,SCHWAB CRYPTO THEMATIC ETF,NYSE ARCA,ETF,Active,
STE,Steris Plc,NYSE,Stock,Active,
STEL,Stellar Bancorp Inc,NYSE,Stock,Active,
STEM,Stem Inc - Class A,NYSE,Stock,Active,
STEN,STEN CORP,BATS,Stock,Active,
STEP,StepStone Group Inc - Class A,NASDAQ,Stock,Active,
STEW,SRH Total Return Fund Inc,NYSE,Stock,Active,
STEX,Streamex Corp,NASDAQ,Stock,Active,
STFS,Star Fashion Culture Holdings Ltd - Class A,NASDAQ,Stock,Active,
STG,Sunlands Technology Group,NYSE,Stock,Active,
STGW,Stagwell Inc - Class A,NASDAQ,Stock,Active,
STHO,Star Holdings,NASDAQ,Stock,Active,
STHOV,Star Holdings Shares of Beneficial Interest,NASDAQ,Stock,Active,
STI,Solidion Technology Inc,NASDAQ,Stock,Active,
STIM,Neuronetics Inc,NASDAQ,Stock,Active,
STIP,ISHARES 0-5 YEAR TIPS BOND ETF,NYSE ARCA,ETF,Active,
STIP:BAT,iShares 05 Year TIPS Bond ETF,NYSE ARCA,ETF,Active,
STK,Columbia Seligman Premium Technology Growth Fund Inc,NYSE,ETF,Active,
STKH,Steakholder Foods Ltd,NASDAQ,Stock,Active,
STKS,ONE Group Hospitality Inc,NASDAQ,Stock,Active,
STLA,Stellantis N.V,NYSE,Stock,Active,
STLD,Steel Dynamics Inc,NASDAQ,Stock,Active,
STLU,2x Stellar,BATS,Stock,Active,
STLV,ISHARES FACTORS US VALUE STYLE ETF,BATS,ETF,Active,
STM,ST Microelectronics,NYSE,Stock,Active,
STN,Stantec Inc,NYSE,Stock,Active,
STNC,HENNESSY SUSTAINABLE ETF,NASDAQ,ETF,Active,
STNE,StoneCo Ltd - Class A,NASDAQ,Stock,Active,
STNG,Scorpio Tankers Inc,NYSE,Stock,Active,
STOK,Stoke Therapeutics Inc,NASDAQ,Stock,Active,
STOT,SPDR DOUBLELINE SHORT DURATION TOTAL RETURN TACTICAL ETF,BATS,ETF,Active,
STOX,HORIZON CORE EQUITY ETF,BATS,ETF,Active,
STPZ,PIMCO 1-5 YEAR U.S. TIPS INDEX EXCHANGE-TRADED FUND,NYSE ARCA,ETF,Active,
STPZ:BAT,PIMCO 15 Year U.S. TIPS Index,NYSE ARCA,Stock,Active,
STRA,Strategic Education Inc,NASDAQ,Stock,Active,
STRC,Microstrategy Incorporated Variable Rate Series A Perpetual Stretch Preferred Stock,NASDAQ,Stock,Active,
STRL,Sterling Infrastructure Inc,NASDAQ,Stock,Active,
STRN,SMART TREND 25 ETF,NYSE ARCA,ETF,Active,
STRO,Sutro Biopharma Inc,NASDAQ,Stock,Active,
STRR,Hudson Global Inc,NASDAQ,Stock,Active,
STRRP,Hudson Global Inc,NASDAQ,Stock,Active,
STRS,Stratus Properties Inc,NASDAQ,Stock,Active,
STRT,Strattec Security Corp,NASDAQ,Stock,Active,
STRV,STRIVE 500 ETF,NYSE,ETF,Active,
STRW,Strawberry Fields Reit Inc,NYSE MKT,Stock,Active,
STRZ,Starz Entertainment Corp,NASDAQ,Stock,Active,
STSB,STANCE SUSTAINABLE BETA ETF,BATS,ETF,Active,
STSM,Defiance Daily Target 2X Short TSM ETF,NYSE ARCA,ETF,Active,
STSS,Sharps Technology Inc,NASDAQ,Stock,Active,
STSSW,Sharps Technology Inc - Warrants (13/04/2027),NASDAQ,Stock,Active,
STT,State Street Corp,NYSE,Stock,Active,
STT-P-G,State Street Corp,NYSE,Stock,Active,
STTK,Shattuck Labs Inc,NASDAQ,Stock,Active,
STUB,Stubhub Holdings Inc - Class A,NYSE,Stock,Active,
STVN,Stevanato Group Spa,NYSE,Stock,Active,
STWD,Starwood Property Trust Inc,NYSE,Stock,Active,
STX,Seagate Technology Holdings Plc,NASDAQ,Stock,Active,
STXD,STRIVE 1000 DIVIDEND GROWTH ETF,NYSE,ETF,Active,
STXE,STRIVE EMERGING MARKETS EX-CHINA ETF,NYSE,ETF,Active,
STXG,STRIVE 1000 GROWTH ETF,NYSE,ETF,Active,
STXK,STRIVE SMALL-CAP ETF,NYSE,ETF,Active,
STXL,Defiance Daily Target 2x Long STX,BATS,Stock,Active,
STXS,Stereotaxis Inc,NYSE MKT,Stock,Active,
STXT,STRIVE TOTAL RETURN BOND ETF,NYSE,ETF,Active,
STXU,Leverage Shares 2X Long STX Daily,BATS,Stock,Active,
STXV,STRIVE 1000 VALUE ETF,NYSE,ETF,Active,
STXX,ALPS STOXX EUROPE 600 ETF,NYSE ARCA,ETF,Active,
STYL,STYLING TECHNOLOGY CORP,NASDAQ,Stock,Active,
STZ,Constellation Brands Inc - Class A,NYSE,Stock,Active,
STZ-B,Constellation Brands Inc - Class B,NYSE,Stock,Active,
SU,Suncor Energy Inc,NYSE,Stock,Active,
SUB,ISHARES SHORT-TERM NATIONAL MUNI BOND ETF,NYSE ARCA,ETF,Active,
SUB:BAT,iShares ShortTerm National AM,NYSE ARCA,Stock,Active,
SUGP,SU Group Holdings Ltd,NASDAQ,Stock,Active,
SUI,Sun Communities Inc,NYSE,Stock,Active,
SUIG,Sui Group Holdings Ltd,NASDAQ,Stock,Active,
SUIL,2x Sui,BATS,Stock,Active,
SUIS,Canary Staked SUI ETF,NASDAQ,ETF,Active,
SUJA,Suja Life Inc - Class A,NASDAQ,Stock,Active,
SUMA,SUMA Acquisition Corp - Class A,NASDAQ,Stock,Active,
SUMAR,SUMA Acquisition Corp,NASDAQ,Stock,Active,
SUMAU,SUMA Acquisition Corp - Units (1 Ord Cls A & 1 Rts),NASDAQ,Stock,Active,
SUN,Sunoco LP,NYSE,Stock,Active,
SUNB,Sunbelt Rentals Holdings Inc,NYSE,Stock,Active,
SUNC,SunocoCorp LLC.,NYSE,Stock,Active,
SUNE,SUNation Energy Inc,NASDAQ,Stock,Active,
SUNS,SLR Senior Investment Corp,NASDAQ,Stock,Active,
SUNSV,Sunrise Realty Trust Inc,NASDAQ,Stock,Active,
SUPL,PROSHARES SUPPLY CHAIN LOGISTICS ETF,NYSE ARCA,ETF,Active,
SUPN,Supernus Pharmaceuticals Inc,NASDAQ,Stock,Active,
SUPP,TCW TRANSFORM SUPPLY CHAIN ETF,NASDAQ,ETF,Active,
SUPV,Grupo Supervielle S.A.,NYSE,Stock,Active,
SUPX,Super X AI Technology Ltd,NASDAQ,Stock,Active,
SURE,ADVISORSHARES INSIDER ADVANTAGE ETF,NYSE ARCA,ETF,Active,
SURE:BAT,TrimTabs Float Shrink ETF,NYSE ARCA,ETF,Active,
SURF,Surface Oncology Inc,NASDAQ,Stock,Active,
SURG,Surgepays Inc,NASDAQ,Stock,Active,
SURI,SIMPLIFY PROPEL OPPORTUNITIES ETF,NYSE ARCA,ETF,Active,
SUSA,ISHARES MSCI USA ESG SELECT ETF,NYSE ARCA,ETF,Active,
SUSA:BAT,iShares MSCI USA ESG Select ET,NYSE ARCA,Stock,Active,
SUSB,ISHARES ESG AWARE 1-5 YEAR USD CORPORATE BOND ETF,NASDAQ,ETF,Active,
SUSC,ISHARES ESG AWARE USD CORPORATE BOND ETF,NASDAQ,ETF,Active,
SUSL,ISHARES ESG MSCI USA LEADERS ETF,NASDAQ,ETF,Active,
SUUN,SolarBank Corporation,NASDAQ,Stock,Active,
SUZ,Suzano S.A.,NYSE,Stock,Active,
SVA,Sinovac Biotech Ltd,NASDAQ,Stock,Active,
SVAC,nan,NASDAQ,Stock,Active,
SVACU,Spring Valley Acquisition Corp III - Units (1 Ord Cls A & 1/3 War),NASDAQ,Stock,Active,
SVACW,Spring Valley Acquisition Corp III Warrant,NASDAQ,Stock,Active,
SVAL,ISHARES US SMALL CAP VALUE FACTOR ETF,BATS,ETF,Active,
SVAQ,Silicon Valley Acquisition Corp,NASDAQ,Stock,Active,
SVAQU,Silicon Valley Acquisition Corp - Units (1 Ord Cls A & 1/2 War),NASDAQ,Stock,Active,
SVAQW,Silicon Valley Acquisition Corp Warrants,NASDAQ,Stock,Active,
SVC,Service Properties Trust,NASDAQ,Stock,Active,
SVCC,Stellar V Capital Corp - Class A,NASDAQ,Stock,Active,
SVCCU,Stellar V Capital Corp - Units (1 Ord Cls A & 1/2 War),NASDAQ,Stock,Active,
SVCCW,Stellar V Capital Corp - Warrants (13/01/2030),NASDAQ,Stock,Active,
SVCO,Silvaco Group Inc,NASDAQ,Stock,Active,
SVFAU,SVF Investment Corp - Units (1 Ord Share Class A & 1/5 War),NASDAQ,Stock,Active,
SVIV,Spring Valley Acquisition Corp IV - Class A,NASDAQ,Stock,Active,
SVIVU,Spring Valley Acquisition Corp IV - Units (1 Ord Class A & 1/4 War),NASDAQ,Stock,Active,
SVIVW,Spring Valley Acquisition Corp IV - Warrants (22/01/2031),NASDAQ,Stock,Active,
SVIX,1x Short VIX Futures ETF,BATS,ETF,Active,
SVM,Silvercorp Metals Inc,NYSE MKT,Stock,Active,
SVNAU,7 Acquisition Corp - Units (1 Ord Share Class A & 1/2 War),NASDAQ,Stock,Active,
SVOL,SIMPLIFY VOLATILITY PREMIUM ETF,NYSE ARCA,ETF,Active,
SVRA,Savara Inc,NASDAQ,Stock,Active,
SVRE,SaverOne 2014 Ltd,NASDAQ,Stock,Active,
SVREW,SaverOne 2014 Ltd - Warrants(04/05/2027),NASDAQ,Stock,Active,
SVRN,OceanPal Inc,NASDAQ,Stock,Active,
SVT,Servotronics Inc,NYSE MKT,Stock,Active,
SVV,Savers Value Village Inc,NYSE,Stock,Active,
SVXY,ProShares Short VIX Short-Term Futures ETF -1x Shares,BATS,ETF,Active,
SW,Smurfit WestRock plc,NYSE,Stock,Active,
SWAG,Stran & Company Inc,NASDAQ,Stock,Active,
SWAGW,Stran & Company Inc - Warrants (01/11/2026),NASDAQ,Stock,Active,
SWAN,Amplify BlackSwan Growth & Treasury Core ETF,NYSE ARCA,ETF,Active,
SWBI,Smith & Wesson Brands Inc,NASDAQ,Stock,Active,
SWEB,AXS Short China Internet ETF,NASDAQ,ETF,Active,
SWET,Athlon Acquisition Corp - Class A,NASDAQ,Stock,Active,
SWETU,Athlon Acquisition Corp - Units (1 Ord Class A & 1/2 War),NASDAQ,Stock,Active,
SWETW,Athlon Acquisition Corp - Warrants (12/01/2026),NASDAQ,Stock,Active,
SWIM,Latham Group Inc,NASDAQ,Stock,Active,
SWIN,Solowin Holdings,NASDAQ,Stock,Active,
SWK,Stanley Black & Decker Inc,NYSE,Stock,Active,
SWKHL,Swk Holdings Corp,NASDAQ,Stock,Active,
SWKS,Skyworks Solutions Inc,NASDAQ,Stock,Active,
SWMR,Swarmer Inc,NASDAQ,Stock,Active,
SWP,SWP GROWTH & INCOME ETF,NASDAQ,ETF,Active,
SWTX,SpringWorks Therapeutics Inc,NASDAQ,Stock,Active,
SWVL,Swvl Holdings Corp - Class A,NASDAQ,Stock,Active,
SWVLW,Swvl Holdings Corp - Warrants (31/03/2027),NASDAQ,Stock,Active,
SWX,Southwest Gas Holdings Inc,NYSE,Stock,Active,
SWZ,Swiss Helvetia Fund Inc,NYSE,ETF,Active,
SXC,SunCoke Energy Inc,NYSE,Stock,Active,
SXI,Standex International Corp,NYSE,Stock,Active,
SXQG,ETC 6 MERIDIAN QUALITY GROWTH ETF,NYSE ARCA,ETF,Active,
SXT,Sensient Technologies Corp,NYSE,Stock,Active,
SXTC,China SXT Pharmaceuticals Inc - Class A,NASDAQ,Stock,Active,
SXTP,60 Degrees Pharmaceuticals Inc,NASDAQ,Stock,Active,
SXTPW,60 Degrees Pharmaceuticals Inc - Warrants (16/05/2028),NASDAQ,Stock,Active,
SY,So-Young International Inc,NASDAQ,Stock,Active,
SYBT,Stock Yards Bancorp Inc,NASDAQ,Stock,Active,
SYBX,Synlogic Inc,NASDAQ,Stock,Active,
SYF,Synchrony Financial,NYSE,Stock,Active,
SYF-P-A,Synchrony Financial,NYSE,Stock,Active,
SYFI,AB SHORT DURATION HIGH YIELD ETF,NYSE ARCA,ETF,Active,
SYK,Stryker Corp,NYSE,Stock,Active,
SYLD,CAMBRIA SHAREHOLDER YIELD ETF,BATS,ETF,Active,
SYM,Symbotic Inc - Class A,NASDAQ,Stock,Active,
SYNA,Synaptics Inc,NASDAQ,Stock,Active,
SYNC:BAT,Synacor Inc,NASDAQ,Stock,Active,
SYNX,Silynxcom Ltd,NYSE MKT,Stock,Active,
SYPR,Sypris Solutions Inc,NASDAQ,Stock,Active,
SYRA,Syra Health Corp - Class A,NASDAQ,Stock,Active,
SYRE,Spyre Therapeutics Inc,NASDAQ,Stock,Active,
SYSB,iShares U.S. Fixed Income Balanced Risk Systematic ETF,BATS,ETF,Active,
SYT,SYLA Technologies Co Ltd,NASDAQ,Stock,Active,
SYY,Sysco Corp,NYSE,Stock,Active,
SYZ,LAZARD US SYSTEMATIC SMALL CAP EQUITY ETF,NASDAQ,ETF,Active,
SZK,PROSHARES ULTRASHORT CONSUMER STAPLES,NYSE ARCA,ETF,Active,
SZZL,Sizzle Acquisition Corp II - Class A,NASDAQ,Stock,Active,
SZZLR,Sizzle Acquisition Corp II,NASDAQ,Stock,Active,
SZZLU,Sizzle Acquisition Corp II - Units (1 Ord Cls A & 1 Rts),NASDAQ,Stock,Active,
T,AT&T Inc,NYSE,Stock,Active,
T-P-A,AT&T Inc,NYSE,Stock,Active,
T-P-C,AT&T Inc,NYSE,Stock,Active,
TABD,Transamerica Bond Active,NYSE ARCA,Stock,Active,
TAC,Transalta Corp,NYSE,Stock,Active,
TACH,Titan Acquisition Corp - Class A,NASDAQ,Stock,Active,
TACHU,Titan Acquisition Corp - Units (1 Ord Cls A & 1/2 War),NASDAQ,Stock,Active,
TACHW,Titan Acquisition Corp - Warrants (16/05/2031),NASDAQ,Stock,Active,
TACK,FAIRLEAD TACTICAL SECTOR ETF,NYSE ARCA,ETF,Active,
TACO,Berto Acquisition Corp,NASDAQ,Stock,Active,
TACOU,Berto Acquisition Corp - Units (1 Ord & 1/2 War),NASDAQ,Stock,Active,
TACOW,Berto Acquisition Corp - Warrants (01/05/2030),NASDAQ,Stock,Active,
TACT,Transact Technologies Inc,NASDAQ,Stock,Active,
TAFI,AB TAX-AWARE SHORT DURATION MUNICIPAL ETF,NYSE ARCA,ETF,Active,
TAFL,AB TAX-AWARE LONG MUNICIPAL ETF,NYSE ARCA,ETF,Active,
TAFM,AB TAX-AWARE INTERMEDIATE MUNICIPAL ETF,NYSE ARCA,ETF,Active,
TAGG,T. ROWE PRICE QM U.S. BOND ETF,NYSE ARCA,ETF,Active,
TAGS,Teucrium Agricultural Fund,NYSE ARCA,ETF,Active,
TAGS:BAT,Teucrium Agricultural Fund,NYSE ARCA,Stock,Active,
TAIL,CAMBRIA TAIL RISK ETF,BATS,ETF,Active,
TAK,Takeda Pharmaceutical Company,NYSE,Stock,Active,
TAL,TAL Education Group,NYSE,Stock,Active,
TALK,Talkspace Inc,NASDAQ,Stock,Active,
TALKW,Talkspace Inc - Warrants (21/06/2025),NASDAQ,Stock,Active,
TALO,Talos Energy Inc,NYSE,Stock,Active,
TALV,Transamerica Large Value Active,NYSE ARCA,Stock,Active,
TAN,INVESCO SOLAR ETF,NYSE ARCA,ETF,Active,
TANH,Tantech Holdings Ltd,NASDAQ,Stock,Active,
TANNI,TravelCenters of America Inc,NASDAQ,Stock,Active,
TANNL,TravelCenters of America Inc,NASDAQ,Stock,Active,
TANNZ,TravelCenters of America Inc,NASDAQ,Stock,Active,
TAOP,Taoping Inc,NASDAQ,Stock,Active,
TAOX,TAO Synergies Inc,NASDAQ,Stock,Active,
TAOZ,Thornburg American Opportunities Fund,NASDAQ,ETF,Active,
TAP,Molson Coors Beverage Company - Class B,NYSE,Stock,Active,
TAP-A,Molson Coors Beverage Company - Class A,NYSE,Stock,Active,
TAPR,Barclays Bank PLC,BATS,ETF,Active,
TARA,Protara Therapeutics Inc,NASDAQ,Stock,Active,
TARK,TRADR 2X LONG INNOVATION ETF,NASDAQ,ETF,Active,
TARS,Tarsus Pharmaceuticals Inc,NASDAQ,Stock,Active,
TASK,TaskUs Inc Class A,NASDAQ,Stock,Active,
TATT,TAT Technologies Ltd,NASDAQ,Stock,Active,
TAVI,Tavia Acquisition Corp,NASDAQ,Stock,Active,
TAVIR,Tavia Acquisition Corp,NASDAQ,Stock,Active,
TAVIU,Tavia Acquisition Corp - Units (1 Ord Shs & 1 Rts),NASDAQ,Stock,Active,
TAX,CAMBRIA TAX AWARE ETF,NASDAQ,ETF,Active,
TAXE,T. ROWE PRICE INTERMEDIATE MUNICIPAL INCOME ETF,NASDAQ,ETF,Active,
TAXF,AMERICAN CENTURY DIVERSIFIED MUNICIPAL BOND ETF,NYSE ARCA,ETF,Active,
TAXI,THEMES AUTONOMOUS DRIVING ETF,NASDAQ,ETF,Active,
TAXM,BondBloxx ETF Trust IRM TaxAware ETF for Massachusetts Residents,NYSE ARCA,ETF,Active,
TAXS,Northern Trust ShortTerm TaxExempt Bond ETF,NASDAQ,ETF,Active,
TAXT,Northern Trust TaxExempt Bond ETF,NASDAQ,ETF,Active,
TAXX,BONDBLOXX IR+M TAX-AWARE SHORT DURATION ETF,NYSE ARCA,ETF,Active,
TAYD,Taylor Devices Inc,NASDAQ,Stock,Active,
TBB,AT&T Inc,NYSE,Stock,Active,
TBBB,BBB Foods Inc - Class A,NYSE,Stock,Active,
TBBK,Bancorp Inc (The),NASDAQ,Stock,Active,
TBC,AT&T Inc,NYSE,Stock,Active,
TBCH,Turtle Beach Corp,NASDAQ,Stock,Active,
TBF,PROSHARES SHORT 20+ YEAR TREASURY,NYSE ARCA,ETF,Active,
TBF:BAT,ProShares Short 20 Year Treasury,NYSE ARCA,Stock,Active,
TBFC,THE BRINSMERE FUND - CONSERVATIVE ETF,NYSE ARCA,ETF,Active,
TBFG,THE BRINSMERE FUND - GROWTH ETF,NYSE ARCA,ETF,Active,
TBG,TBG DIVIDEND FOCUS ETF,NYSE ARCA,ETF,Active,
TBH,Brag House Holdings Inc,NASDAQ,Stock,Active,
TBHC,The Brand House Collective Inc Com,NASDAQ,Stock,Active,
TBI,TrueBlue Inc,NYSE,Stock,Active,
TBIL,F/M US TREASURY 3 MONTH BILL ETF,NASDAQ,ETF,Active,
TBJL,Innovator 20+ Year Treasury Bond 9 Buffer ETF - July,BATS,ETF,Active,
TBLA,Taboola.com Ltd,NASDAQ,Stock,Active,
TBLAW,Taboola.com Ltd - Warrants (29/06/2026),NASDAQ,Stock,Active,
TBLD,Thornburg Income Builder Opportunities Trust,NASDAQ,Stock,Active,
TBLL,INVESCO SHORT TERM TREASURY ETF,NYSE ARCA,ETF,Active,
TBLU,TORTOISE GLOBAL WATER ETF,NYSE,ETF,Active,
TBMCU,Trailblazer Merger Corp I - Units (1 Ord Class A & 1 Right),NASDAQ,Stock,Active,
TBN,Tamboran Resources Corp,NYSE,Stock,Active,
TBPH,Theravance Biopharma Inc,NASDAQ,Stock,Active,
TBRG,Computer Programs & Systems Inc,NASDAQ,Stock,Active,
TBSA,TB SA Acquisition Corp - Class A,NASDAQ,Stock,Active,
TBSAU,TB SA Acquisition Corp - Units (1 Ord Share Class A & 1/3 War),NASDAQ,Stock,Active,
TBSAW,TB SA Acquisition Corp - Warrants (01/03/2028),NASDAQ,Stock,Active,
TBT,PROSHARES ULTRASHORT 20+ YEAR TREASURY,NYSE ARCA,ETF,Active,
TBUX,T. ROWE PRICE ULTRA SHORT-TERM BOND ETF,NYSE ARCA,ETF,Active,
TBX,PROSHARES SHORT 7-10 YEAR TREASURY,NYSE ARCA,ETF,Active,
TBX:BAT,ProShares Short 710 Year Treasury,NYSE ARCA,Stock,Active,
TBXU,Trust Direxion Daily Biotech Top 5 Bull 2X ETF,NYSE ARCA,ETF,Active,
TC,TuanChe Ltd,NASDAQ,Stock,Active,
TCAF,T. ROWE PRICE CAPITAL APPRECIATION EQUITY ETF,NYSE ARCA,ETF,Active,
TCBC,TC Bancshares Inc,NASDAQ,Stock,Active,
TCBI,Texas Capital Bancshares Inc,NASDAQ,Stock,Active,
TCBIO,Texas Capital Bancshares Inc,NASDAQ,Stock,Active,
TCBK,Trico Bancshares,NASDAQ,Stock,Active,
TCBS,Texas Community Bancshares Inc,NASDAQ,Stock,Active,
TCBX,Third Coast Bancshares Inc,NYSE,Stock,Active,
TCDA,nan,NASDAQ,Stock,Active,
TCF:BAT,Chemical Financial Corporation,NASDAQ,Stock,Active,
TCGL,TechCreate Group Ltd - Class A,NYSE MKT,Stock,Active,
TCHI,ISHARES MSCI CHINA MULTISECTOR TECH ETF,NASDAQ,ETF,Active,
TCHP,T. ROWE PRICE BLUE CHIP GROWTH ETF,NYSE ARCA,ETF,Active,
TCI,Transcontinental Realty Investors Inc,NYSE,Stock,Active,
TCMD,Tactile Systems Technology Inc,NASDAQ,Stock,Active,
TCOM,Trip.com Group Ltd,NASDAQ,Stock,Active,
TCPA,Transcanada Pipelines Ltd,NYSE,Stock,Active,
TCPC,BlackRock TCP Capital Corp,NASDAQ,Stock,Active,
TCRT,Alaunos Therapeutics Inc,NASDAQ,Stock,Active,
TCRX,Tscan Therapeutics Inc,NASDAQ,Stock,Active,
TCVA,TCV Acquisition Corp - Class A,NASDAQ,Stock,Active,
TCX,Tucows Inc - Class A,NASDAQ,Stock,Active,
TD,Toronto Dominion Bank,NYSE,Stock,Active,
TDAC,Translational Development Acquisition Corp. Ordinary Shares,NASDAQ,Stock,Active,
TDACU,Translational Development Acquisition Corp - Units (1 Ord Cls A & 1/2 War),NASDAQ,Stock,Active,
TDAX,TDAQ Lift ETF,BATS,ETF,Active,
TDAY,Gannett Co Inc,NYSE,Stock,Active,
TDC,Teradata Corp,NYSE,Stock,Active,
TDF,Templeton Dragon Fund Inc,NYSE,ETF,Active,
TDG,Transdigm Group Incorporated,NYSE,Stock,Active,
TDI,TOUCHSTONE DYNAMIC INTERNATIONAL ETF,NASDAQ,ETF,Active,
TDIC,Dreamland Ltd,NASDAQ,Stock,Active,
TDIV,FIRST TRUST NASDAQ TECHNOLOGY DIVIDEND INDEX FUND,NASDAQ,ETF,Active,
TDOC,Teladoc Health Inc,NYSE,Stock,Active,
TDOG,21Shares Dogecoin ETF,NASDAQ,ETF,Active,
TDOT,21shares Polkadot ETF,NASDAQ,ETF,Active,
TDS,Telephone And Data Systems Inc,NYSE,Stock,Active,
TDS-P-U,Telephone And Data Systems Inc,NYSE,Stock,Active,
TDS-P-V,Telephone And Data Systems Inc,NYSE,Stock,Active,
TDSA,Cabana Target Drawdown 5 ETF,NASDAQ,ETF,Active,
TDSB,ETC CABANA TARGET BETA ETF,NASDAQ,ETF,Active,
TDSC,ETC CABANA TARGET DRAWDOWN 10 ETF,NASDAQ,ETF,Active,
TDSD,Cabana Target Drawdown 13 ETF,NASDAQ,ETF,Active,
TDSE,Cabana Target Drawdown 16 ETF,NASDAQ,ETF,Active,
TDTF,FLEXSHARES IBOXX 5-YEAR TARGET DURATION TIPS INDEX FUND,NYSE ARCA,ETF,Active,
TDTF:BAT,FlexShares iBoxx 5 Year Target Duration TIPS Index Fund,NYSE ARCA,Stock,Active,
TDTH,Trident Digital Tech Holdings Ltd,NASDAQ,Stock,Active,
TDTT,FLEXSHARES IBOXX 3-YEAR TARGET DURATION TIPS INDEX FUND,NYSE ARCA,ETF,Active,
TDTT:BAT,FlexShares iBoxx 3 Year Target Duration TIPS Index Fund,NYSE ARCA,Stock,Active,
TDUP,ThredUp Inc - Class A,NASDAQ,Stock,Active,
TDV,PROSHARES S&P TECHNOLOGY DIVIDEND ARISTOCRATS ETF,BATS,ETF,Active,
TDVG,T. ROWE PRICE DIVIDEND GROWTH ETF,NYSE ARCA,ETF,Active,
TDVI,FT VEST TECHNOLOGY DIVIDEND TARGET INCOME ETF,BATS,ETF,Active,
TDW,Tidewater Inc - New,NYSE,Stock,Active,
TDWD,Tailwind 2.0 Acquisition Corp - Class A,NASDAQ,Stock,Active,
TDWDR,Tailwind 2.0 Acquisition Corp,NASDAQ,Stock,Active,
TDWDU,Tailwind 2.0 Acquisition Corp - Units (1 Ord Cls A & 1 Rts),NASDAQ,Stock,Active,
TDY,Teledyne Technologies Inc,NYSE,Stock,Active,
TE,T1 Energy Inc,NYSE,Stock,Active,
TE-WS,T1 Energy Inc Wt Exp,NYSE,Stock,Active,
TEAD,Outbrain Inc,NASDAQ,Stock,Active,
TEAM,Atlassian Corporation - Class A,NASDAQ,Stock,Active,
TECB,ISHARES U.S. TECH BREAKTHROUGH MULTISECTOR ETF,NYSE ARCA,ETF,Active,
TECH,Bio-Techne Corp,NASDAQ,Stock,Active,
TECK,Teck Resources Ltd - Class B - Class B (Sub Voting),NYSE,Stock,Active,
TECL,DIREXION DAILY TECHNOLOGY BULL 3X SHARES,NYSE ARCA,ETF,Active,
TECS,DIREXION DAILY TECHNOLOGY BEAR 3X SHARES,NYSE ARCA,ETF,Active,
TECX,AvroBio Inc,NASDAQ,Stock,Active,
TEI,Templeton Emerging Markets Income Fund Inc,NYSE,ETF,Active,
TEK,iShares Technology Opportunities Active ETF,NYSE,ETF,Active,
TEKX,SPDR GALAXY TRANSFORMATIVE TECH ACCELERATORS ETF,NASDAQ,ETF,Active,
TEKY,LAZARD NEXT GEN TECHNOLOGIES ETF,NASDAQ,ETF,Active,
TEL,TE Connectivity plc,NYSE,Stock,Active,
TELA,TELA Bio Inc,NASDAQ,Stock,Active,
TELO,Telomir Pharmaceuticals Inc,NASDAQ,Stock,Active,
TEM,Tempus AI Inc - Class A,NASDAQ,Stock,Active,
TEMD,Templeton Emerging Markets Debt,NYSE ARCA,Stock,Active,
TEN,Tsakos Energy Navigation Ltd,NYSE,Stock,Active,
TEN-P-E,Tsakos Energy Navigation Ltd,NYSE,Stock,Active,
TEN-P-F,Tsakos Energy Navigation Ltd,NYSE,Stock,Active,
TENB,Tenable Holdings Inc,NASDAQ,Stock,Active,
TEND,iShares Large Cap 10 Target Buffer Dec ETF,BATS,ETF,Active,
TENJ,iShares Large Cap 10 Target Buffer Jun ETF,BATS,ETF,Active,
TENM,iShares Large Cap 10 Target Buffer Mar ETF,BATS,ETF,Active,
TENX,Tenax Therapeutics Inc,NASDAQ,Stock,Active,
TEO,Telecom Argentina S.A.,NYSE,Stock,Active,
TEQI,T. ROWE PRICE EQUITY INCOME ETF,NYSE ARCA,ETF,Active,
TER,Teradyne Inc,NASDAQ,Stock,Active,
TERG,Leverage Shares 2X Long TER Daily ETF,NASDAQ,ETF,Active,
TESL,SIMPLIFY VOLT TSLA REVOLUTION ETF,NYSE ARCA,ETF,Active,
TETH,21Shares Core Ethereum ETF,BATS,ETF,Active,
TEVA,Teva- Pharmaceutical Industries Ltd,NYSE,Stock,Active,
TEWS,T1 Energy Inc - Warrants (01/01/9999),NYSE,Stock,Active,
TEX,Terex Corp,NYSE,Stock,Active,
TEXN,iShares Texas Equity ETF,NASDAQ,ETF,Active,
TEXU,Direxion Daily Energy Top 5 Bull 2X ETF,NYSE ARCA,ETF,Active,
TFC,Truist Financial Corporation,NYSE,Stock,Active,
TFC-P-I,Truist Financial Corporation,NYSE,Stock,Active,
TFC-P-O,Truist Financial Corporation,NYSE,Stock,Active,
TFC-P-R,Truist Financial Corporation,NYSE,Stock,Active,
TFI,SPDR(R) NUVEEN BLOOMBERG MUNICIPAL BOND ETF,NYSE ARCA,ETF,Active,
TFII,TFI International Inc,NYSE,Stock,Active,
TFIN,Triumph Financial Inc,NYSE,Stock,Active,
TFIN-P,Triumph Financial Inc Depositary Shares Series C,NYSE,Stock,Active,
TFINP,Triumph Financial Inc,NASDAQ,Stock,Active,
TFJL,Innovator 20+ Year Treasury Bond 5 Floor ETF - July,BATS,ETF,Active,
TFLO,ISHARES TREASURY FLOATING RATE BOND ETF,NYSE ARCA,ETF,Active,
TFLR,T. ROWE PRICE FLOATING RATE ETF,NYSE ARCA,ETF,Active,
TFPM,Triple Flag Precious Metals Corp,NYSE,Stock,Active,
TFPN,BLUEPRINT CHESAPEAKE MULTI-ASSET TREND ETF,NYSE ARCA,ETF,Active,
TFSL,TFS Financial Corporation,NASDAQ,Stock,Active,
TFX,Teleflex Incorporated,NYSE,Stock,Active,
TG,Tredegar Corp,NYSE,Stock,Active,
TGB,Taseko Mines Ltd,NYSE MKT,Stock,Active,
TGE,Generation Essentials Group - Class A,NYSE,Stock,Active,
TGE-WS,Generation Essentials Group - Warrants (01/01/9999),NYSE MKT,Stock,Active,
TGHL,Growhub Ltd (The) - Class A,NASDAQ,Stock,Active,
TGI,Triumph Group Inc,NYSE,Stock,Active,
TGL,Treasure Global Inc,NASDAQ,Stock,Active,
TGLR,LAFFER|TENGLER EQUITY INCOME ETF,BATS,ETF,Active,
TGLS,Tecnoglass Inc,NYSE,Stock,Active,
TGR-WS,Kimbell Tiger Acquisition Corporation Warrants each whole warrant exercisable for one share of Class A common stock at an exercise price of 11.50 per share,NYSE,Stock,Active,
TGRT,T. ROWE PRICE GROWTH ETF,NYSE ARCA,ETF,Active,
TGRW,T. ROWE PRICE GROWTH STOCK ETF,NYSE ARCA,ETF,Active,
TGS,Transportadora de Gas del Sur,NYSE,Stock,Active,
TGT,Target Corp,NYSE,Stock,Active,
TGTX,TG Therapeutics Inc,NASDAQ,Stock,Active,
TH,Target Hospitality Corp - Class A,NASDAQ,Stock,Active,
THACU,Thrive Acquisition Corp - Units (1 Ord Share Class A & 1/2 War),NASDAQ,Stock,Active,
THC,Tenet Healthcare Corp,NYSE,Stock,Active,
THCH,TH International Ltd,NASDAQ,Stock,Active,
THCHW,TH International Ltd - Warrants (28/09/2027),NASDAQ,Stock,Active,
THD,ISHARES MSCI THAILAND ETF,NYSE ARCA,ETF,Active,
THD:BAT,iShares MSCI Thailand Capped E,NYSE ARCA,Stock,Active,
THFF,First Financial Corp - Indiana,NASDAQ,Stock,Active,
THG,Hanover Insurance Group Inc,NYSE,Stock,Active,
THH,TryHard Holdings Ltd,NASDAQ,Stock,Active,
THIR,THOR INDEX ROTATION ETF,NYSE,ETF,Active,
THLV,THOR EQUAL WEIGHT LOW VOLATILITY ETF,NYSE,ETF,Active,
THM,International Tower Hill Mines Ltd,NYSE MKT,Stock,Active,
THMR,THOR AdaptiveRisk Dynamic,NYSE,Stock,Active,
THNQ,ROBO GLOBAL(R) ARTIFICIAL INTELLIGENCE ETF,NYSE ARCA,ETF,Active,
THNR,Amplify Weight Loss Drug & Treatment ETF,NYSE ARCA,ETF,Active,
THO,Thor Industries Inc,NYSE,Stock,Active,
THQ,abrdn Healthcare Opportunities Fund,NYSE,ETF,Active,
THR,Thermon Group Holdings Inc,NYSE,Stock,Active,
THRD,Third Harmonic Bio Inc,NASDAQ,Stock,Active,
THRM,Gentherm Inc - Class A,NASDAQ,Stock,Active,
THRN,Thorne Healthtech Inc,NASDAQ,Stock,Active,
THRO,BlackRock Future U.S. Themes ETF,NYSE ARCA,ETF,Active,
THRV,PROSPERA INCOME ETF,NASDAQ,ETF,Active,
THRY,Thryv Holdings Inc,NASDAQ,Stock,Active,
THW,abrdn World Healthcare Fund,NYSE,ETF,Active,
THY,TOEWS AGILITY SHARES DYNAMIC TACTICAL INCOME ETF,NYSE ARCA,ETF,Active,
THYF,T. ROWE PRICE U.S. HIGH YIELD ETF,NYSE ARCA,ETF,Active,
THYP,21Shares Hyperliquid ETF,NASDAQ,ETF,Active,
TIC,nan,NYSE,Stock,Active,
TIER,T. ROWE PRICE INTERNATIONAL EQUITY RESEARCH ETF,NYSE ARCA,ETF,Active,
TIGO,Millicom International Cellular S.A.,NASDAQ,Stock,Active,
TIGR,UP Fintech Holding Ltd,NASDAQ,Stock,Active,
TIL,Instil Bio Inc,NASDAQ,Stock,Active,
TILE,Interface Inc,NASDAQ,Stock,Active,
TILL,TEUCRIUM AGRICULTURAL STRATEGY NO K-1 ETF,NYSE ARCA,ETF,Active,
TILT,FLEXSHARES MORNINGSTAR US MARKET FACTOR TILT INDEX FUND,BATS,ETF,Active,
TILT:BAT,FlexShares Morningstar US Market Factors Tilt Index Fund,BATS,Stock,Active,
TIMB,TIM SA,NYSE,Stock,Active,
TIME,CLOCKWISE U.S. CORE EQUITY ETF,NYSE ARCA,ETF,Active,
TINS,Templeton International Insights ETF,NYSE ARCA,ETF,Active,
TINT,PROSHARES SMART MATERIALS ETF,NYSE ARCA,ETF,Active,
TINY,PROSHARES NANOTECHNOLOGY ETF,NYSE ARCA,ETF,Active,
TIP,iShares TIPS Bond ETF,NYSE ARCA,ETF,Active,
TIPA,Northern Trust 2030 InflationLinked Distributing Ladder ETF,NYSE ARCA,ETF,Active,
TIPB,Northern Trust 2035 InflationLinked Distributing Ladder ETF,NYSE ARCA,ETF,Active,
TIPC,Northern Trust 2045 InflationLinked Distributing Ladder ETF,NYSE ARCA,ETF,Active,
TIPD,Direxion Daily TIPS Bear 2X Shares,NYSE ARCA,ETF,Active,
TIPT,Tiptree Inc,NASDAQ,Stock,Active,
TIPX,SPDR BLOOMBERG 1-10 YEAR TIPS ETF,NYSE ARCA,ETF,Active,
TIPZ,PIMCO BROAD U.S. TIPS INDEX EXCHANGE-TRADED FUND,NYSE ARCA,ETF,Active,
TIPZ:BAT,PIMCO Broad U.S. TIPS Index Ex,NYSE ARCA,Stock,Active,
TISI,Team Inc,NYSE,Stock,Active,
TITN,Titan Machinery Inc,NASDAQ,Stock,Active,
TJAN,Innovator Equity Defined Protection ETF 2 Yr to January 2027,AMEX,ETF,Active,
TJGC,TJGC Group Ltd,NASDAQ,Stock,Active,
TJUL,Innovator Equity Defined Protection ETF - 2 Yr to July 2025,BATS,ETF,Active,
TJUN,FT Vest Emerging Markets Buffer ETF June,BATS,ETF,Active,
TJX,TJX Companies Inc,NYSE,Stock,Active,
TK,Teekay Corp,NYSE,Stock,Active,
TKC,Turkcell Iletisim Hizmetleri A.S.,NYSE,Stock,Active,
TKLF,Yoshitsu Co Ltd,NASDAQ,Stock,Active,
TKNO,Alpha Teknova Inc,NASDAQ,Stock,Active,
TKNQ,Amplify Tokenization Technology ETF,NYSE ARCA,ETF,Active,
TKO,TKO Group Holdings Inc - Class A,NYSE,Stock,Active,
TKR,Timken Company,NYSE,Stock,Active,
TLA,GraniteShares Autocallable TSLA ETF,NASDAQ,ETF,Active,
TLF,Tandy Leather Factory Inc,NASDAQ,Stock,Active,
TLH,ISHARES 10-20 YEAR TREASURY BOND ETF,NYSE ARCA,ETF,Active,
TLIH,Ten League International Holdings Ltd,NASDAQ,Stock,Active,
TLK,Telkom Indonesia (Persero) Tbk PT,NYSE,Stock,Active,
TLN,Talen Energy Corp New,NASDAQ,Stock,Active,
TLNC,Talon Capital Corp - Class A,NASDAQ,Stock,Active,
TLNCU,Talon Capital Corp - Units (1 Ord Cls A & 1/3 War),NASDAQ,Stock,Active,
TLNCW,Talon Capital Corp - Warrants (27/08/2030),NASDAQ,Stock,Active,
TLPH,Talphera Inc,NASDAQ,Stock,Active,
TLRY,Tilray Brands Inc,NASDAQ,Stock,Active,
TLS,Telos Corp,NASDAQ,Stock,Active,
TLSA,Tiziana Life Sciences Ltd,NASDAQ,Stock,Active,
TLSI,TriSalus Life Sciences Inc,NASDAQ,Stock,Active,
TLSIW,TriSalus Life Sciences Inc Wt Exp,NASDAQ,Stock,Active,
TLT,ISHARES 20+ YEAR TREASURY BOND ETF,NASDAQ,ETF,Active,
TLTD,FLEXSHARES MORNINGSTAR DEVELOPED MARKETS EX-US FACTOR TILT INDEX FUND,NYSE ARCA,ETF,Active,
TLTD:BAT,Flexshares Morningstar Developed Markets ExUs Factor Tilt Index Fund,NYSE ARCA,Stock,Active,
TLTE,FLEXSHARES MORNINGSTAR EMERGING MARKETS FACTOR TILT INDEX FUND,NYSE ARCA,ETF,Active,
TLTE:BAT,FlexShares Morningstar Emerging Markets Factor Tilt Index Fund,NYSE ARCA,Stock,Active,
TLTI,NEOS ENHANCED INCOME 20+ YEAR TREASURY BOND ETF,BATS,ETF,Active,
TLTP,AMPLIFY TLT U.S. TREASURY 12% OPTION INCOME ETF,BATS,ETF,Active,
TLTW,ISHARES 20+ YEAR TREASURY BOND BUYWRITE STRATEGY ETF,BATS,ETF,Active,
TLTX,GLOBAL X TREASURY BOND ENHANCED INCOME ETF,BATS,ETF,Active,
TLX,Telix Pharmaceuticals Ltd,NASDAQ,Stock,Active,
TLYS,Tillys Inc - Class A,NYSE,Stock,Active,
TM,Toyota Motor Corporation,NYSE,Stock,Active,
TMAC,Music Acquisition Corporation - Series A,NYSE,Stock,Active,
TMAC-U,Music Acquisition Corporation - Units (1 Ord Class A & 1/2 War),NYSE,Stock,Active,
TMAR,FT VEST EMERGING MARKETS BUFFER ETF - MARCH,BATS,ETF,Active,
TMAT,MAIN THEMATIC INNOVATION ETF,BATS,ETF,Active,
TMC,TMC the metals company Inc,NASDAQ,Stock,Active,
TMCI,Treace Medical Concepts Inc,NASDAQ,Stock,Active,
TMCR,Metals Royalty Co Inc (The),NASDAQ,Stock,Active,
TMCWW,TMC the metals company Inc - Warrants (09/09/2026),NASDAQ,Stock,Active,
TMDE,TMD Energy Ltd,NYSE MKT,Stock,Active,
TMDI,nan,NASDAQ,Stock,Active,
TMDV,PROSHARES RUSSELL U.S. DIVIDEND GROWERS ETF PROSHARES RUSSELL US DIVIDEND GROWERS ETF,BATS,ETF,Active,
TMDX,Transmedics Group Inc,NASDAQ,Stock,Active,
TME,Tencent Music Entertainment Group,NYSE,Stock,Active,
TMET,ISHARES TRANSITION-ENABLING METALS ETF,NASDAQ,ETF,Active,
TMF,DIREXION DAILY 20+ YEAR TREASURY BULL 3X SHARES,NYSE ARCA,ETF,Active,
TMF:BAT,Direxion Daily 20 Year Treasury Bull 3X Shares,NYSE ARCA,ETF,Active,
TMFC,MOTLEY FOOL 100 INDEX ETF,BATS,ETF,Active,
TMFE,MOTLEY FOOL CAPITAL EFFICIENCY 100 INDEX ETF,BATS,ETF,Active,
TMFG,MOTLEY FOOL GLOBAL OPPORTUNITIES ETF,BATS,ETF,Active,
TMFM,MOTLEY FOOL MID-CAP GROWTH ETF,BATS,ETF,Active,
TMFS,MOTLEY FOOL SMALL-CAP GROWTH ETF,BATS,ETF,Active,
TMFX,MOTLEY FOOL NEXT INDEX ETF,BATS,ETF,Active,
TMHC,Taylor Morrison Home Corp,NYSE,Stock,Active,
TMLP,Tortoise MLP ETF,NYSE ARCA,ETF,Active,
TMO,Thermo Fisher Scientific Inc,NYSE,Stock,Active,
TMP,Tompkins Financial Corp,NYSE MKT,Stock,Active,
TMQ,Trilogy Metals Inc,NYSE MKT,Stock,Active,
TMSL,T. ROWE PRICE SMALL-MID CAP ETF,NYSE ARCA,ETF,Active,
TMTS,Spartacus Acquisition Corp II - Class A,NASDAQ,Stock,Active,
TMTSU,Spartacus Acquisition Corp II - Units (1 Ord Class A & 1/3War),NASDAQ,Stock,Active,
TMTSW,Spartacus Acquisition Corp II - Warrants (30/01/2031),NASDAQ,Stock,Active,
TMUS,T-Mobile US Inc,NASDAQ,Stock,Active,
TMUSI,TMobile US Inc 5.500 Senior Notes due June 2070,NASDAQ,Stock,Active,
TMUSL,TMobile US Inc 6.250 Senior Notes due 2069,NASDAQ,Stock,Active,
TMUSZ,TMobile US Inc 5.500 Senior Notes due March 2070,NASDAQ,Stock,Active,
TMV,DIREXION DAILY 20+ YEAR TREASURY BEAR 3X SHARES,NYSE ARCA,ETF,Active,
TMV:BAT,Direxion Daily 20 Year Treasury Bear 3X Shares,NYSE ARCA,ETF,Active,
TMVE,Thrivent Mid Cap Value ETF,NYSE ARCA,ETF,Active,
TNA,DIREXION DAILY SMALL CAP BULL 3X SHARES,NYSE ARCA,ETF,Active,
TNAV:BAT,Telenav Inc,NASDAQ,Stock,Active,
TNC,Tennant Company,NYSE,Stock,Active,
TNDM,Tandem Diabetes Care Inc,NASDAQ,Stock,Active,
TNET,TriNet Group Inc,NYSE,Stock,Active,
TNGX,Tango Therapeutics Inc,NASDAQ,Stock,Active,
TNGY,TORTOISE ENERGY ETF,NYSE,ETF,Active,
TNK,Teekay Tankers Ltd - Class A,NYSE,Stock,Active,
TNL,Travel+Leisure Company,NYSE,Stock,Active,
TNMG,TNL Mediagene,NASDAQ,Stock,Active,
TNON,Tenon Medical Inc,NASDAQ,Stock,Active,
TNONW,Tenon Medical Inc - Warrants (16/06/2028),NASDAQ,Stock,Active,
TNUK,Tortoise Nuclear Renaissance ETF,NYSE ARCA,ETF,Active,
TNXP,Tonix Pharmaceuticals Holding Corp,NASDAQ,Stock,Active,
TNYA,Tenaya Therapeutics Inc,NASDAQ,Stock,Active,
TOACU,Talon 1 Acquisition Corp - Units (1 Ord Class A & 1/2 War),NASDAQ,Stock,Active,
TOAK,TWIN OAK SHORT HORIZON ABSOLUTE RETURN ETF,NYSE ARCA,ETF,Active,
TOAO,Twin Oak Active Opportunities III,BATS,Stock,Active,
TOCT,Innovator Equity Defined Protection ETF 2 Yr to October 2027,BATS,ETF,Active,
TOGA,TREMBLANT GLOBAL ETF,NYSE ARCA,ETF,Active,
TOI,Oncology Institute Inc (The),NASDAQ,Stock,Active,
TOIIW,Oncology Institute Inc (The) - Warrants (15/11/2026),NASDAQ,Stock,Active,
TOK,ISHARES MSCI KOKUSAI ETF,NYSE ARCA,ETF,Active,
TOK:BAT,iShares MSCI KLD 400 Social ET,NYSE ARCA,Stock,Active,
TOL,Toll Brothers Inc,NYSE,Stock,Active,
TOLL,Tema Monopolies and Oligopolies ETF,BATS,ETF,Active,
TOLZ,PROSHARES DJ BROOKFIELD GLOBAL INFRASTRUCTURE ETF,NYSE ARCA,ETF,Active,
TOMZ,TOMI Environmental Solutions Inc,NASDAQ,Stock,Active,
TONX,TON Strategy Company Com Par 0.001,NASDAQ,Stock,Active,
TOON,Kartoon Studios Inc,NYSE MKT,Stock,Active,
TOP,TOP Financial Group Ltd,NASDAQ,Stock,Active,
TOPC,iShares S&P 500 3 Capped ETF,NYSE ARCA,ETF,Active,
TOPP,Toppoint Holdings Inc,NYSE MKT,Stock,Active,
TOPS,Top Ships Inc,NYSE MKT,Stock,Active,
TOPT,iShares Top 20 U.S. Stocks ETF,NYSE ARCA,ETF,Active,
TOPW,ROUNDHILL TOP WEEKLYPAY ETF,NASDAQ,Stock,Active,
TORO,Toro Corp,NASDAQ,Stock,Active,
TOROV,Toro Corp,NASDAQ,Stock,Active,
TOS,Twin Oak Strategic Solutions ETF,BATS,ETF,Active,
TOST,Toast Inc - Class A,NYSE,Stock,Active,
TOTL,SPDR DOUBLELINE TOTAL RETURN TACTICAL ETF,NYSE ARCA,ETF,Active,
TOTR,T. ROWE PRICE TOTAL RETURN ETF,NYSE ARCA,ETF,Active,
TOUR,Tuniu Corp,NASDAQ,Stock,Active,
TOUS,T. ROWE PRICE INTERNATIONAL EQUITY ETF,NYSE ARCA,ETF,Active,
TOVX,Theriva Biologics Inc,NYSE MKT,Stock,Active,
TOWN,Townebank Portsmouth VA,NASDAQ,Stock,Active,
TOXR,Shares of Beneficial Interest,BATS,Stock,Active,
TOYO,TOYO Co Ltd,NASDAQ,Stock,Active,
TPB,Turning Point Brands Inc,NYSE,Stock,Active,
TPC,Tutor Perini Corp,NYSE,Stock,Active,
TPCS,Techprecision Corp,NASDAQ,Stock,Active,
TPET,Trio Petroleum Corp,NYSE MKT,Stock,Active,
TPFC,Timothy Plan Free Cash Flow,NYSE ARCA,Stock,Active,
TPFG,Timothy Plan Free Cash Flow Growth,NYSE ARCA,Stock,Active,
TPFI,Timothy Plan Fixed Income,NYSE ARCA,Stock,Active,
TPG,TPG Inc - Class A,NASDAQ,Stock,Active,
TPGXL,TPG Operating Group II L.P.,NASDAQ,Stock,Active,
TPHD,TIMOTHY PLAN HIGH DIVIDEND STOCK ETF,NYSE ARCA,ETF,Active,
TPIF,TIMOTHY PLAN INTERNATIONAL ETF,NYSE ARCA,ETF,Active,
TPL,Texas Pacific Land Corporation,NYSE,Stock,Active,
TPLC,TIMOTHY PLAN US LARGE/MID CAP CORE ETF,NYSE ARCA,ETF,Active,
TPLS,THORNBURG CORE PLUS BOND ETF,NASDAQ,ETF,Active,
TPMN,TIMOTHY PLAN MARKET NEUTRAL ETF,NYSE ARCA,ETF,Active,
TPOR,DIREXION DAILY TRANSPORTATION BULL 3X SHARES,NYSE ARCA,ETF,Active,
TPR,Tapestry Inc,NYSE,Stock,Active,
TPRY,VistaShares Target 15 TEPRTantrum Contrarian Distribution,NYSE ARCA,Stock,Active,
TPSC,TIMOTHY PLAN US SMALL CAP CORE ETF,NYSE ARCA,ETF,Active,
TPST,Tempest Therapeutics Inc,NASDAQ,Stock,Active,
TPTA,Terra Property Trust Inc,NYSE,Stock,Active,
TPVG,TriplePoint Venture Growth BDC Corp,NYSE,Stock,Active,
TPYP,TORTOISE NORTH AMERICAN PIPELINE ETF,NYSE,ETF,Active,
TPZ,TORTOISE ELECTRIFICATION INFRASTRUCTURE ETF,NYSE,ETF,Active,
TQQQ,PROSHARES ULTRAPRO QQQ,NASDAQ,ETF,Active,
TQQY,GRANITESHARES YIELDBOOST QQQ ETF,NASDAQ,ETF,Active,
TR,Tootsie Roll Industries Inc,NYSE,Stock,Active,
TRAD,TRADESTATION GROUP INC,NASDAQ,Stock,Active,
TRAD-R,APEX Tech Acquisition Inc Rights each entitling the holder to receive onefourth 14 of one ordinary share,NYSE,Stock,Active,
TRAD-U,APEX Tech Acquisition Inc Units each consisting of one Class A ordinary share and one right to receive one sixth 16 of a Class A ordinary share,NYSE,Stock,Active,
TRAK,DealerTrack Technologies Inc,NASDAQ,Stock,Active,
TRAW,Traws Pharma Inc,NASDAQ,Stock,Active,
TRAX,First Tracks Biotherapeutics Inc,NASDAQ,Stock,Active,
TRAXV,First Tracks Biotherapeutics Inc,NASDAQ,Stock,Active,
TRC,Tejon Ranch Company,NYSE,Stock,Active,
TRDA,Entrada Therapeutics Inc,NASDAQ,Stock,Active,
TREE,LendingTree Inc,NASDAQ,Stock,Active,
TREX,TREX Co. Inc,NYSE,Stock,Active,
TRFK,PACER DATA AND DIGITAL REVOLUTION ETF,NYSE ARCA,ETF,Active,
TRFM,AAM TRANSFORMERS ETF,NYSE ARCA,ETF,Active,
TRGP,Targa Resources Corp,NYSE,Stock,Active,
TRGS,TRG Latin America Acquisitions Corp - Class A,NASDAQ,Stock,Active,
TRGSR,TRG Latin America Acquisitions Corp,NASDAQ,Stock,Active,
TRGSU,TRG Latin America Acquisitions Corp - Units (1 Ord Class A & 1 Rts),NASDAQ,Stock,Active,
TRI,Thomson-Reuters Corp,NASDAQ,Stock,Active,
TRIB,Trinity Biotech Plc,NASDAQ,Stock,Active,
TRIL,Trillium Therapeutics Inc,NASDAQ,Stock,Active,
TRIN,Trinity Capital Inc,NASDAQ,Stock,Active,
TRINI,Trinity Capital Inc,NASDAQ,Stock,Active,
TRINZ,Trinity Capital Inc,NASDAQ,Stock,Active,
TRIP,TripAdvisor Inc,NASDAQ,Stock,Active,
TRMB,Trimble Inc,NASDAQ,Stock,Active,
TRMD,Torm Plc - Class A,NASDAQ,Stock,Active,
TRMK,Trustmark Corp,NASDAQ,Stock,Active,
TRN,Trinity Industries Inc,NYSE,Stock,Active,
TRND,PACER TRENDPILOT FUND OF FUNDS ETF,NYSE ARCA,ETF,Active,
TRNO,Terreno Realty Corp,NYSE,Stock,Active,
TRNR,Interactive Strength Inc,NASDAQ,Stock,Active,
TRNS,Transcat Inc,NASDAQ,Stock,Active,
TRON,Corner Growth Acquisition Corp 2 - Class A,NASDAQ,Stock,Active,
TROO,TROOPS Inc,NASDAQ,Stock,Active,
TROT,Invesco MSCI Treasury Duration Rotation,NYSE ARCA,Stock,Active,
TROW,T. Rowe Price Group Inc,NASDAQ,Stock,Active,
TROX,Tronox Holdings plc - Class A,NYSE,Stock,Active,
TRP,TC Energy Corporation,NYSE,Stock,Active,
TRPA,Hartford AAA CLO ETF,BATS,ETF,Active,
TRS,Trimas Corporation,NASDAQ,Stock,Active,
TRSG,Tungray Technologies Inc - Class A,NASDAQ,Stock,Active,
TRST,Trustco Bank Corp,NASDAQ,Stock,Active,
TRSY,Xtrackers US 0-1 Year Treasury ETF,BATS,ETF,Active,
TRT,Trio-Tech International,NYSE MKT,Stock,Active,
TRTN-P-A,Triton International Limited 8.50 Series A Cumulative Redeemable Perpetual Preference Shares,NYSE,Stock,Active,
TRTN-P-B,Triton International Ltd 8 PRF PERPETUAL USD 25 Ser B,NYSE,Stock,Active,
TRTN-P-C,Triton International Ltd,NYSE,Stock,Active,
TRTN-P-D,Triton International Ltd,NYSE,Stock,Active,
TRTN-P-E,Triton International Ltd,NYSE,Stock,Active,
TRTX,TPG RE Finance Trust Inc,NYSE,Stock,Active,
TRTX-P-C,TPG RE Finance Trust Inc,NYSE,Stock,Active,
TRTY,CAMBRIA TRINITY ETF,BATS,ETF,Active,
TRU,TransUnion,NYSE,Stock,Active,
TRUC,VANECK COMMUNICATION SERVICES TRUSECTOR ETF,NASDAQ,ETF,Active,
TRUG,TruGolf Holdings Inc - Class A,NASDAQ,Stock,Active,
TRUP,Trupanion Inc,NASDAQ,Stock,Active,
TRV,Travelers Companies Inc,NYSE,Stock,Active,
TRVG,Trivago NV,NASDAQ,Stock,Active,
TRVI,Trevi Therapeutics Inc,NASDAQ,Stock,Active,
TRX,TRX Gold Corp,NYSE MKT,Stock,Active,
TS,Tenaris S.A.,NYSE,Stock,Active,
TSAT,Telesat Corp - Class A,NASDAQ,Stock,Active,
TSBK,Timberland Bancorp Inc,NASDAQ,Stock,Active,
TSCM,TimesSquare Quality Mid Cap Growth ETF,NASDAQ,ETF,Active,
TSCO,Tractor Supply Company,NASDAQ,Stock,Active,
TSCV,Thrivent ETF Trust Small Cap Value,NYSE ARCA,ETF,Active,
TSDD,GRANITESHARES 2X SHORT TSLA DAILY ETF,NASDAQ,ETF,Active,
TSEC,TOUCHSTONE SECURITIZED INCOME ETF,NYSE ARCA,ETF,Active,
TSEL,TOUCHSTONE SANDS CAPITAL US SELECT GROWTH ETF,NASDAQ,ETF,Active,
TSEM,Tower Semiconductor Ltd,NASDAQ,Stock,Active,
TSEP,FT Vest Emerging Market Buffer ETF - September,BATS,ETF,Active,
TSES,Truth Social American Energy Security ETF,NYSE ARCA,ETF,Active,
TSHA,Taysha Gene Therapies Inc,NASDAQ,Stock,Active,
TSI,TCW Strategic Income Fund Inc,NYSE,ETF,Active,
TSI-R,TCW Strategic Income Fund Inc Rights expiring March 18 2026 Rights,NYSE,Stock,Active,
TSI-R-W,TCW Strategic Income Fund Inc Rights expiring March 18 2026 Rights when issued,NYSE,Stock,Active,
TSIB,Tishman Speyer Innovation Corp II - Class A,NASDAQ,Stock,Active,
TSIBU,Tishman Speyer Innovation Corp II - Units (1 Ord Share Class A & 1/5 War),NASDAQ,Stock,Active,
TSIBW,Tishman Speyer Innovation Corp II - Warrants (11/02/2026),NASDAQ,Stock,Active,
TSII,REX TSLA GROWTH & INCOME ETF,BATS,ETF,Active,
TSL,GRANITESHARES 1.25X LONG TSLA DAILY ETF,NASDAQ,ETF,Active,
TSLA,Tesla Inc,NASDAQ,Stock,Active,
TSLG,LEVERAGE SHARES 2X LONG TSLA DAILY ETF,NASDAQ,ETF,Active,
TSLI,GRANITESHARES 1X SHORT TSLA DAILY ETF,NYSE ARCA,ETF,Active,
TSLL,DIREXION DAILY TSLA BULL 2X SHARES,NASDAQ,ETF,Active,
TSLO,LEVERAGE SHARES 2X CAPPED ACCELERATED TSLA MONTHLY ETF,BATS,ETF,Active,
TSLP,Kurv Yield Premium Strategy Tesla (TSLA) ETF,BATS,ETF,Active,
TSLQ,Tradr 2X Short TSLA Daily ETF,NASDAQ,ETF,Active,
TSLR,GRANITESHARES 2X LONG TSLA DAILY ETF,NASDAQ,ETF,Active,
TSLS,Direxion Daily TSLA Bear 1X Shares,NASDAQ,ETF,Active,
TSLT,T-REX 2X LONG TESLA DAILY TARGET ETF,BATS,ETF,Active,
TSLV,Azoria TSLA Convexity ETF,BATS,ETF,Active,
TSLX,Sixth Street Specialty Lending Inc,NYSE,Stock,Active,
TSLY,YIELDMAX(R) TSLA OPTION INCOME STRATEGY ETF,NYSE ARCA,ETF,Active,
TSLZ,T-Rex 2X Inverse Tesla Daily Target ETF,BATS,ETF,Active,
TSM,Taiwan Semiconductor Manufacturing,NYSE,Stock,Active,
TSME,THRIVENT SMALL-MID CAP EQUITY ETF,NYSE ARCA,ETF,Active,
TSMG,LEVERAGE SHARES 2X LONG TSM DAILY ETF,NASDAQ,ETF,Active,
TSMU,T-REX 2X LONG TSM DAILY TARGET ETF,NASDAQ,ETF,Active,
TSMX,DIREXION DAILY TSM BULL 2X SHARES,NASDAQ,ETF,Active,
TSMY,YIELDMAX(R) TSM OPTION INCOME STRATEGY ETF,NYSE ARCA,ETF,Active,
TSMZ,DIREXION DAILY TSM BEAR 1X SHARES,NASDAQ,ETF,Active,
TSN,Tyson Foods Inc - Class A,NYSE,Stock,Active,
TSNF,Truth Social American Next Frontiers ETF,NYSE ARCA,ETF,Active,
TSOL,Common shares of beneficial interest,BATS,Stock,Active,
TSPA,T. ROWE PRICE U.S. EQUITY RESEARCH ETF,NYSE ARCA,ETF,Active,
TSPY,TAPPALPHA S&P 500 GROWTH & DAILY INCOME ETF,NASDAQ,ETF,Active,
TSQ,Townsquare Media Inc - Class A,NYSE,Stock,Active,
TSRS,Truth Social American Red State REITs ETF,NYSE ARCA,ETF,Active,
TSSD,Truth Social American Security & Defense ETF,NYSE ARCA,ETF,Active,
TSSI,TSS Inc,NASDAQ,Stock,Active,
TSUI,21Shares Sui ETF,NASDAQ,ETF,Active,
TSW,Roundhill TSLA WeeklyPay ETF,AMEX,ETF,Active,
TSXD,Direxion Daily Semiconductors Top 5 Bear 2X ETF,NYSE ARCA,ETF,Active,
TSXU,Direxion Daily Semiconductors Top 5 Bull 2X ETF,NYSE ARCA,ETF,Active,
TSYW,ROUNDHILL TREASURY BOND WEEKLYPAY ETF,BATS,ETF,Active,
TSYX,TSPY Lift ETF,NASDAQ,ETF,Active,
TSYY,GRANITESHARES YIELDBOOST TSLA ETF,NASDAQ,ETF,Active,
TT,Trane Technologies plc - Class A,NYSE,Stock,Active,
TTAM,Titan America SA,NYSE,Stock,Active,
TTAN,ServiceTitan Inc - Class A,NASDAQ,Stock,Active,
TTC,Toro Company,NYSE,Stock,Active,
TTD,Trade Desk Inc - Class A,NASDAQ,Stock,Active,
TTDU,T-REX 2X LONG TTD DAILY TARGET ETF,BATS,ETF,Active,
TTE,TotalEnergies SE,NYSE,Stock,Active,
TTEC,TTEC Holdings Inc,NASDAQ,Stock,Active,
TTEK,Tetra Tech Inc,NASDAQ,Stock,Active,
TTEQ,T. ROWE PRICE TECHNOLOGY ETF,NASDAQ,ETF,Active,
TTGT,Techtarget Inc,NASDAQ,Stock,Active,
TTI,Tetra Technologies Inc,NYSE,Stock,Active,
TTMI,TTM Technologies Inc,NASDAQ,Stock,Active,
TTP,Tortoise Pipeline & Energy Fund Inc,NYSE,ETF,Active,
TTRX,Turn Therapeutics Inc,NASDAQ,Stock,Active,
TTT,ProShares UltraPro Short 20+ Year Treasury -3x Shares,NYSE ARCA,ETF,Active,
TTT:BAT,Proshares Ultrapro Short 20 Year Treasury,NYSE ARCA,Stock,Active,
TTWO,Take-Two Interactive Software Inc,NASDAQ,Stock,Active,
TTXD,Direxion Daily Technology Top 5 Bear 2X ETF,NYSE ARCA,ETF,Active,
TTXU,Direxion Daily Technology Top 5 Bull 2X ETF,NYSE ARCA,ETF,Active,
TU,Telus Corp,NYSE,Stock,Active,
TUA,SIMPLIFY SHORT TERM TREASURY FUTURES STRATEGY ETF,NYSE ARCA,ETF,Active,
TUG,STF TACTICAL GROWTH ETF,NASDAQ,ETF,Active,
TUGN,STF TACTICAL GROWTH & INCOME ETF,NASDAQ,ETF,Active,
TULP,Bloomia Holdings Inc,NASDAQ,Stock,Active,
TUNE,Clouty Tune ETF,NYSE ARCA,ETF,Active,
TUR,ISHARES MSCI TURKEY ETF,NASDAQ,ETF,Active,
TURB,Turbo Energy S.A.,NASDAQ,Stock,Active,
TUSI,TOUCHSTONE ULTRA SHORT INCOME ETF,BATS,ETF,Active,
TUSK,Mammoth Energy Services Inc,NASDAQ,Stock,Active,
TUYA,Tuya Inc,NYSE,Stock,Active,
TV,Grupo Televisa SAB,NYSE,Stock,Active,
TVA,Texas Ventures Acquisition III Corp - Class A,NASDAQ,Stock,Active,
TVACU,Texas Ventures Acquisition III Corp - Units (1 Ord Cls A & 1/2 War),NASDAQ,Stock,Active,
TVACW,Texas Ventures Acquisition III Corp - Warrants (23/04/2030),NASDAQ,Stock,Active,
TVAI,Thayer Ventures Acquisition Corporation II,NASDAQ,Stock,Active,
TVAIR,Thayer Ventures Acquisition Corporation II Rights,NASDAQ,Stock,Active,
TVAIU,Thayer Ventures Acquisition Corp II - Units (1 Ord Cls A & 1 Rts),NASDAQ,Stock,Active,
TVAL,T. ROWE PRICE VALUE ETF,NYSE ARCA,ETF,Active,
TVC,Tennessee Valley Authority,NYSE,Stock,Active,
TVE,Tennessee Valley Authority,NYSE,Stock,Active,
TVGN,Tevogen Bio Holdings Inc,NASDAQ,Stock,Active,
TVGNW,Tevogen Bio Holdings Inc - Warrants (14/02/2029),NASDAQ,Stock,Active,
TVRD,Cara Therapeutics Inc,NASDAQ,Stock,Active,
TVTX,Travere Therapeutics Inc,NASDAQ,Stock,Active,
TW,Tradeweb Markets Inc Cls A,NASDAQ,Stock,Active,
TWAV,Oblong Inc,NASDAQ,Stock,Active,
TWCB,Bilander Acquisition Corp - Class A,NASDAQ,Stock,Active,
TWCBU,Bilander Acquisition Corp - Units (1 Ord Share Class A & 1/4 War),NASDAQ,Stock,Active,
TWCBW,Bilander Acquisition Corp - Warrants (19/05/2026),NASDAQ,Stock,Active,
TWFG,TWFG Inc - Class A,NASDAQ,Stock,Active,
TWG,Top Wealth Group Holding Ltd,NASDAQ,Stock,Active,
TWI,Titan International Inc,NYSE,Stock,Active,
TWIN,Twin Disc Incorporated,NASDAQ,Stock,Active,
TWKS,Thoughtworks Holding Inc,NASDAQ,Stock,Active,
TWLO,Twilio Inc Class A,NYSE,Stock,Active,
TWLV,Twelve Seas Investment Company III - Class A,NASDAQ,Stock,Active,
TWLVR,Twelve Seas Investment Company III,NASDAQ,Stock,Active,
TWLVU,Twelve Seas Investment Company III - Units (1 Ord Cls A & 1 Rts),NASDAQ,Stock,Active,
TWM,ProShares UltraShort Russell2000 -2x Shares,NYSE ARCA,ETF,Active,
TWN,Taiwan Fund Inc,NYSE,ETF,Active,
TWNPV,Twin Hospitality Group Inc,NASDAQ,Stock,Active,
TWO,Two Harbors Investment Corp,NYSE,Stock,Active,
TWO-P-A,Two Harbors Investment Corp,NYSE,Stock,Active,
TWO-P-B,Two Harbors Investment Corp,NYSE,Stock,Active,
TWO-P-C,Two Harbors Investment Corp,NYSE,Stock,Active,
TWOD,Two Harbors Investment Corp,NYSE,Stock,Active,
TWOU,2U Inc,NASDAQ,Stock,Active,
TWST,Twist Bioscience Corp,NASDAQ,Stock,Active,
TX,Ternium S.A.,NYSE,Stock,Active,
TXG,10x Genomics Inc - Class A,NASDAQ,Stock,Active,
TXMD,TherapeuticsMD Inc,NASDAQ,Stock,Active,
TXN,Texas Instruments Inc,NASDAQ,Stock,Active,
TXNM,PNM Resources Inc,NYSE,Stock,Active,
TXNU,Direxion Daily TXN Bull 2X,NYSE ARCA,ETF,Active,
TXO,TXO Partners L.P.,NYSE,Stock,Active,
TXRH,Texas Roadhouse Inc,NASDAQ,Stock,Active,
TXS,Texas Capital Texas Equity Index ETF,NYSE ARCA,ETF,Active,
TXT,Textron Inc,NYSE,Stock,Active,
TXUE,THORNBURG INTERNATIONAL EQUITY ETF,NASDAQ,ETF,Active,
TXUG,THORNBURG INTERNATIONAL GROWTH ETF,NASDAQ,ETF,Active,
TXXI,BondBloxx ETF Trust IRM TaxAware Intermediate Duration,NYSE ARCA,ETF,Active,
TY,Tri-Continental Corp,NYSE,ETF,Active,
TY-P,Tri-Continental Corp,NYSE,Stock,Active,
TY-P:BAT,TriContinental Corp 2.50 Cum. Pfd.,NYSE,Stock,Active,
TYA,SIMPLIFY INTERMEDIATE TERM TREASURY FUTURES STRATEGY ETF,BATS,ETF,Active,
TYD,DIREXION DAILY 7-10 YEAR TREASURY BULL 3X SHARES,NYSE ARCA,ETF,Active,
TYD:BAT,Direxion Daily 710 Year Treasury Bull 3X Shares,NYSE ARCA,ETF,Active,
TYG,Tortoise Energy Infrastructure Corp,NYSE,ETF,Active,
TYG-R,Tortoise Energy Infrastructure Corporation Rights expiring June 17 2026 Rights,NYSE,Stock,Active,
TYG-R-W,Tortoise Energy Infrastructure Corporation Rights expiring June 17 2026 Rights when issued,NYSE,Stock,Active,
TYGO,Tigo Energy Inc,NASDAQ,Stock,Active,
TYL,Tyler Technologies Inc,NYSE,Stock,Active,
TYLD,CAMBRIA TACTICAL YIELD ETF,BATS,ETF,Active,
TYLG,GLOBAL X INFORMATION TECHNOLOGY COVERED CALL & GROWTH ETF,NYSE ARCA,ETF,Active,
TYO,DIREXION DAILY 7-10 YEAR TREASURY BEAR 3X SHARES,NYSE ARCA,ETF,Active,
TYO:BAT,Direxion Daily 710 Year Treasury Bear 3X Shares,NYSE ARCA,ETF,Active,
TYRA,Tyra Biosciences Inc,NASDAQ,Stock,Active,
TZA,DIREXION DAILY SMALL CAP BEAR 3X SHARES,NYSE ARCA,ETF,Active,
TZOO,Travelzoo,NASDAQ,Stock,Active,
U,Unity Software Inc,NYSE,Stock,Active,
UA,Under Armour Inc - Class C,NYSE,Stock,Active,
UAA,Under Armour Inc - Class A,NYSE,Stock,Active,
UAC,United Acquisition Corp I Class A,AMEX,Stock,Active,
UAC-U,United Acquisition Corp I Units each consisting of one Class A ordinary share and onequarter of one redeemable warrant,AMEX,Stock,Active,
UAC-WS,United Acquisition Corp I Warrants each whole warrant exercisable for one Class A ordinary share at an exercise price of 11.50,AMEX,Stock,Active,
UAE,ISHARES MSCI UAE ETF,NASDAQ,ETF,Active,
UAL,United Airlines Holdings Inc,NASDAQ,Stock,Active,
UAMY,United States Antimony Corp,NYSE MKT,Stock,Active,
UAN,CVR Partners LP,NYSE,Stock,Active,
UAPR,Innovator U.S. Equity Ultra Buffer ETF - April,BATS,ETF,Active,
UAUG,Innovator U.S. Equity Ultra Buffer ETF - August,BATS,ETF,Active,
UAVS,AgEagle Aerial Systems Inc,NYSE MKT,Stock,Active,
UBCP,United Bancorp Inc (Martins Ferry OH),NASDAQ,Stock,Active,
UBER,Uber Technologies Inc,NYSE,Stock,Active,
UBEW,ROUNDHILL UBER WEEKLYPAY ETF,BATS,ETF,Active,
UBFO,United Security Bancshares (CA),NASDAQ,Stock,Active,
UBR,PROSHARES ULTRA MSCI BRAZIL CAPPED,NYSE ARCA,ETF,Active,
UBRL,GRANITESHARES 2X LONG UBER DAILY ETF,NASDAQ,ETF,Active,
UBS,UBS Group AG,NYSE,Stock,Active,
UBSI,United Bankshares Inc,NASDAQ,Stock,Active,
UBT,PROSHARES ULTRA 20+ YEAR TREASURY,NYSE ARCA,ETF,Active,
UBT:BAT,ProShares Ultra 20 Year Treasury,NYSE ARCA,Stock,Active,
UBXG,U-BX Technology Ltd,NASDAQ,Stock,Active,
UCAR,U Power Ltd,NASDAQ,Stock,Active,
UCB,United Community Banks Inc,NYSE,Stock,Active,
UCBI,nan,NASDAQ,Stock,Active,
UCC,PROSHARES ULTRA CONSUMER DISCRETIONARY,NYSE ARCA,ETF,Active,
UCFI,CN Healthy Food Tech Group Corp,NASDAQ,Stock,Active,
UCFIW,CN Healthy Food Tech Group Corp - Warrants (30/09/2030),NASDAQ,Stock,Active,
UCIB,UBS AG London Branch,NYSE ARCA,ETF,Active,
UCL,Ucloudlink Group Inc,NASDAQ,Stock,Active,
UCO,ProShares Ultra Bloomberg Crude Oil 2x Shares,NYSE ARCA,ETF,Active,
UCON,FIRST TRUST TCW UNCONSTRAINED PLUS BOND ETF,NYSE ARCA,ETF,Active,
UCOP,ProShares Ultra Copper K1 Free,NYSE ARCA,Stock,Active,
UCTT,Ultra Clean Hldgs Inc,NASDAQ,Stock,Active,
UCYB,PROSHARES ULTRA NASDAQ CYBERSECURITY,NASDAQ,ETF,Active,
UDEC,Innovator U.S. Equity Ultra Buffer ETF - December,BATS,ETF,Active,
UDI,USCF DIVIDEND INCOME FUND,NYSE ARCA,ETF,Active,
UDIV,FRANKLIN U.S. CORE DIVIDEND TILT INDEX ETF,NYSE ARCA,ETF,Active,
UDN,Invesco DB US Dollar Index Bearish Fund -1x Shares,NYSE ARCA,ETF,Active,
UDOW,PROSHARES ULTRAPRO DOW30,NYSE ARCA,ETF,Active,
UDR,UDR Inc,NYSE,Stock,Active,
UE,Urban Edge Properties,NYSE,Stock,Active,
UEC,Uranium Energy Corp,NYSE MKT,Stock,Active,
UECG,Leverage Shares 2x Long UEC Daily ETF,NASDAQ,ETF,Active,
UEIC,Universal Electronics Inc,NASDAQ,Stock,Active,
UEVM,VICTORYSHARES EMERGING MARKETS VALUE MOMENTUM ETF FORMERLY VICTORYSHARES USAA MSCI EMERGING MARKETS VALUE MOMENTUM ETF,NASDAQ,ETF,Active,
UFCS,United Fire Group Inc,NASDAQ,Stock,Active,
UFEB,Innovator U.S. Equity Ultra Buffer ETF - February,BATS,ETF,Active,
UFG,Uni Fuels Holdings Ltd - Class A,NASDAQ,Stock,Active,
UFI,UNIFI Inc,NYSE,Stock,Active,
UFIV,F/M US TREASURY 5 YEAR NOTE ETF,NASDAQ,ETF,Active,
UFO,PROCURE SPACE ETF,NASDAQ,ETF,Active,
UFOX,Defiance Connective Technologies ETF,NASDAQ,ETF,Active,
UFPI,UFP Industries Inc,NASDAQ,Stock,Active,
UFPT,UFP Technologies Inc,NASDAQ,Stock,Active,
UG,United-Guardian Inc,NASDAQ,Stock,Active,
UGA,United States Gasoline Fund LP,NYSE ARCA,ETF,Active,
UGE,PROSHARES ULTRA CONSUMER STAPLES,NYSE ARCA,ETF,Active,
UGI,UGI Corp,NYSE,Stock,Active,
UGL,ProShares Ultra Gold 2x Shares,NYSE ARCA,ETF,Active,
UGL:BAT,ProShares Ultra Gold,NYSE ARCA,Stock,Active,
UGP,Ultrapar Participacoes S.A.,NYSE,Stock,Active,
UGRO,Urban-gro Inc,NASDAQ,Stock,Active,
UHAL,U-Haul Holding Company,NYSE,Stock,Active,
UHAL-B,U-Haul Holding Company - Series N,NYSE,Stock,Active,
UHS,Universal Health Services Inc - Class B,NYSE,Stock,Active,
UHT,Universal Health Realty Income Trust,NYSE,Stock,Active,
UI,Ubiquiti Inc,NYSE,Stock,Active,
UIS,Unisys Corp,NYSE,Stock,Active,
UITB,VICTORYSHARES CORE INTERMEDIATE BOND ETF FORMERLY VICTORYSHARES USAA CORE INTERMEDIATE-TERM BOND ETF VICTORYSHARES CORE INTERMEDIATE BOND ETF,NASDAQ,ETF,Active,
UIVM,VICTORYSHARES INTERNATIONAL VALUE MOMENTUM ETF FORMERLY VICTORYSHARES USAA MSCI INTERNATIONAL VALUE MOMENTUM ETF,NASDAQ,ETF,Active,
UJAN,Innovator U.S. Equity Ultra Buffer ETF - January,BATS,ETF,Active,
UJB,PROSHARES ULTRA HIGH YIELD,NYSE ARCA,ETF,Active,
UJB:BAT,ProShares Ultra High Yield,NYSE ARCA,Stock,Active,
UJUL,Innovator U.S. Equity Ultra Buffer ETF - July,BATS,ETF,Active,
UJUN,Innovator U.S. Equity Ultra Buffer ETF - June,BATS,ETF,Active,
UK,Ucommune International Ltd - Class A,NASDAQ,Stock,Active,
UKOMW,Ucommune International Ltd - Warrants (18/11/2025),NASDAQ,Stock,Active,
UL,Unilever plc,NYSE,Stock,Active,
ULBI,Ultralife Corp,NASDAQ,Stock,Active,
ULCC,Frontier Group Holdings Inc,NASDAQ,Stock,Active,
ULE,ProShares Ultra Euro 2x Shares,NYSE ARCA,ETF,Active,
ULE:BAT,ProShares Ultra Euro,NYSE ARCA,Stock,Active,
ULH,Universal Logistics Holdings Inc,NASDAQ,Stock,Active,
ULS,UL Solutions Inc - Class A,NYSE,Stock,Active,
ULST,SPDR SSGA ULTRA SHORT TERM BOND ETF,NYSE ARCA,ETF,Active,
ULTA,Ulta Beauty Inc,NASDAQ,Stock,Active,
ULTI,REX INCOMEMAX OPTION STRATEGY ETF,NASDAQ,Stock,Active,
ULTY,YIELDMAX(R) ULTRA OPTION INCOME STRATEGY ETF,NYSE ARCA,ETF,Active,
ULVM,VICTORYSHARES US VALUE MOMENTUM ETF FORMERLY VICTORYSHARES USAA MSCI USA VALUE MOMENTUM ETF,NASDAQ,ETF,Active,
UMAC,Unusual Machines Inc,NYSE MKT,Stock,Active,
UMAR,Innovator U.S. Equity Ultra Buffer ETF - March,BATS,ETF,Active,
UMAY,Innovator U.S. Equity Ultra Buffer ETF - May,BATS,ETF,Active,
UMBF,UMB Financial Corp,NASDAQ,Stock,Active,
UMBFP,UMB Financial Corporation Depositary Shares each representing a 1400th of 7.00 FixedRate Reset NonCumulative Perpetual Preferred Stock,NASDAQ,Stock,Active,
UMC,United Micro Electronics,NYSE,Stock,Active,
UMDD,PROSHARES ULTRAPRO MIDCAP400,NYSE ARCA,ETF,Active,
UMH,UMH Properties Inc,NYSE,Stock,Active,
UMH-P-D,UMH Properties Inc,NYSE,Stock,Active,
UMI,USCF MIDSTREAM ENERGY INCOME FUND,NYSE ARCA,ETF,Active,
UMMA,WAHED DOW JONES ISLAMIC WORLD ETF,NASDAQ,ETF,Active,
UNAMQ,Unico American Corp,NASDAQ,Stock,Active,
UNB,Union Bankshares Inc,NASDAQ,Stock,Active,
UNCY,Unicycive Therapeutics Inc,NASDAQ,Stock,Active,
UNF,Unifirst Corp,NYSE,Stock,Active,
UNFI,United Natural Foods Inc,NYSE,Stock,Active,
UNG,United States Natural Gas Fund,NYSE ARCA,ETF,Active,
UNH,Unitedhealth Group Inc,NYSE,Stock,Active,
UNHG,LEVERAGE SHARES 2X LONG UNH DAILY ETF,NASDAQ,ETF,Active,
UNHU,Direxion Daily UNH Bull 2X,NYSE ARCA,ETF,Active,
UNIT,Uniti Group Inc,NASDAQ,Stock,Active,
UNIY,WISDOMTREE VOYA YIELD ENHANCED USD UNIVERSAL BOND FUND,NASDAQ,ETF,Active,
UNL,United States 12 Month Natural Gas Fund,NYSE ARCA,ETF,Active,
UNL:BAT,United States 12 Month Natural Gas Fund LP,NYSE ARCA,Stock,Active,
UNM,Unum Group,NYSE,Stock,Active,
UNMA,Unum Group 6250 Junior Subordinated Notes due 2058,NYSE,Stock,Active,
UNOV,Innovator U.S. Equity Ultra Buffer ETF - November,BATS,ETF,Active,
UNP,Union Pacific Corp,NYSE,Stock,Active,
UNTY,Unity Bancorp Inc,NASDAQ,Stock,Active,
UNX,Tradr 2X Long U Daily ETF,BATS,ETF,Active,
UOCT,Innovator U.S. Equity Ultra Buffer ETF - October,BATS,ETF,Active,
UOKA,MDJM Ltd,NASDAQ,Stock,Active,
UONE,Urban One Inc - Class A,NASDAQ,Stock,Active,
UONEK,Urban One Inc - Class D,NASDAQ,Stock,Active,
UP,Wheels Up Experience Inc - Class A,NYSE,Stock,Active,
UPAL,ProShares Ultra Palladium K1 Free,NYSE ARCA,Stock,Active,
UPAR,UPAR ULTRA RISK PARITY ETF,NYSE ARCA,ETF,Active,
UPB,Upstream Bio Inc,NASDAQ,Stock,Active,
UPBD,Upbound Group Inc,NASDAQ,Stock,Active,
UPC,Universe Pharmaceuticals Inc,NASDAQ,Stock,Active,
UPGD,INVESCO BLOOMBERG ANALYST RATING IMPROVERS ETF,NYSE ARCA,ETF,Active,
UPGD:BAT,Guggenheim Raymond James SB1 Equity Fund,NYSE ARCA,Stock,Active,
UPGR,XTRACKERS US GREEN INFRASTRUCTURE SELECT EQUITY ETF,NASDAQ,ETF,Active,
UPLD,Upland Software Inc,NASDAQ,Stock,Active,
UPLT,ProShares Ultra Platinum K1 Free,NYSE ARCA,Stock,Active,
UPRO,PROSHARES ULTRAPRO S&P500,NYSE ARCA,ETF,Active,
UPS,United Parcel Service Inc - Class B,NYSE,Stock,Active,
UPSD,APTUS LARGE CAP UPSIDE ETF,BATS,ETF,Active,
UPSG,Leverage Shares 2X Long UPS Daily ETF,NASDAQ,ETF,Active,
UPST,Upstart Holdings Inc,NASDAQ,Stock,Active,
UPV,PROSHARES ULTRA FTSE EUROPE,NYSE ARCA,ETF,Active,
UPV:BAT,ProShares Ultra Europe,NYSE ARCA,Stock,Active,
UPW,PROSHARES ULTRA UTILITIES,NYSE ARCA,ETF,Active,
UPWK,Upwork Inc,NASDAQ,Stock,Active,
UPXI,Upexi Inc,NASDAQ,Stock,Active,
URA,GLOBAL X URANIUM ETF,NYSE ARCA,ETF,Active,
URA:BAT,Global X Uranium ETF,NYSE ARCA,ETF,Active,
URAA,DIREXION DAILY URANIUM INDUSTRY BULL 2X SHARES,NYSE ARCA,ETF,Active,
URAN,THEMES URANIUM & NUCLEAR ETF,BATS,ETF,Active,
URBN,Urban Outfitters Inc,NASDAQ,Stock,Active,
URE,PROSHARES ULTRA REAL ESTATE,NYSE ARCA,ETF,Active,
URG,Ur-Energy Inc,NYSE MKT,Stock,Active,
URGN,UroGen Pharma Ltd,NASDAQ,Stock,Active,
URI,United Rentals Inc,NYSE,Stock,Active,
URNJ,Sprott Junior Uranium Miners ETF,NASDAQ,ETF,Active,
URNM,Sprott Uranium Miners ETF,NYSE ARCA,ETF,Active,
UROY,Uranium Royalty Corp,NASDAQ,Stock,Active,
URSP,ProShares Trust Ultra S&P 500 Equal Weight,NYSE ARCA,Stock,Active,
URTH,ISHARES MSCI WORLD ETF,NYSE ARCA,ETF,Active,
URTH:BAT,iShares MSCI World ETF,NYSE ARCA,ETF,Active,
URTY,PROSHARES ULTRAPRO RUSSELL2000,NYSE ARCA,ETF,Active,
USA,Liberty All-Star Equity Fund,NYSE,ETF,Active,
USAC,USA Compression Partners LP,NYSE,Stock,Active,
USAI,PACER AMERICAN ENERGY INDEPENDENCE ETF,NYSE ARCA,ETF,Active,
USAR,USA Rare Earth Inc - Class A,NASDAQ,Stock,Active,
USAS,Americas Gold and Silver Corp,NYSE MKT,Stock,Active,
USAU,U.S. Gold Corp,NASDAQ,Stock,Active,
USAX,Tradr 2X Long USAR Daily ETF,BATS,ETF,Active,
USB,U.S. Bancorp.,NYSE,Stock,Active,
USB-P-A,U.S. Bancorp.,NYSE,Stock,Active,
USB-P-H,US Bancorp Depositary Shares repstg 11000th Pfd Ser B,NYSE,Stock,Active,
USB-P-P,U.S. Bancorp.,NYSE,Stock,Active,
USB-P-Q,U.S. Bancorp.,NYSE,Stock,Active,
USB-P-R,U.S. Bancorp.,NYSE,Stock,Active,
USB-P-S,U.S. Bancorp.,NYSE,Stock,Active,
USBC,USBC Inc,NYSE MKT,Stock,Active,
USCA,XTRACKERS MSCI USA CLIMATE ACTION EQUITY ETF,NYSE ARCA,ETF,Active,
USCB,USCB Financial Holdings Inc - Class A,NASDAQ,Stock,Active,
USCI,United States Commodity Index Fund,NYSE ARCA,ETF,Active,
USCI:BAT,United States Commodity Index Fund,NYSE ARCA,Stock,Active,
USCL,ISHARES CLIMATE CONSCIOUS & TRANSITION MSCI USA ETF,NASDAQ,ETF,Active,
USD,PROSHARES ULTRA SEMICONDUCTORS,NYSE ARCA,ETF,Active,
USDU,WISDOMTREE BLOOMBERG U.S. DOLLAR BULLISH FUND,NYSE ARCA,ETF,Active,
USDX,SGI ENHANCED CORE ETF,NASDAQ,ETF,Active,
USE,USCF ENERGY COMMODITY STRATEGY ABSOLUTE RETURN FUND,NYSE ARCA,ETF,Active,
USEA,United Maritime Corp,NASDAQ,Stock,Active,
USEG,U.S. Energy Corp,NASDAQ,Stock,Active,
USEP,Innovator U.S. Equity Ultra Buffer ETF - September,BATS,ETF,Active,
USEW,Cambria US EW ETF,BATS,ETF,Active,
USFD,US Foods Holding Corp,NYSE,Stock,Active,
USFE,First Eagle US Equity ETF,NYSE ARCA,ETF,Active,
USFI,BrandywineGLOBAL - U.S. Fixed Income ETF,NASDAQ,ETF,Active,
USFR,WISDOMTREE FLOATING RATE TREASURY FUND,NYSE ARCA,ETF,Active,
USG,USCF GOLD STRATEGY PLUS INCOME FUND,NYSE,ETF,Active,
USGG,Leverage Shares 2X Long USAR Daily ETF,NASDAQ,ETF,Active,
USGO,U.S. GoldMining Inc,NASDAQ,Stock,Active,
USGOW,U.S. GoldMining Inc - Warrants (11/04/2028),NASDAQ,Stock,Active,
USHY,ISHARES BROAD USD HIGH YIELD CORPORATE BOND ETF,BATS,ETF,Active,
USIG,ISHARES BROAD USD INVESTMENT GRADE CORPORATE BOND ETF,NASDAQ,ETF,Active,
USIN,WISDOMTREE 7-10 YEAR LADDERED TREASURY FUND,NASDAQ,ETF,Active,
USIO,Usio Inc,NASDAQ,Stock,Active,
USL,United States 12 Month Oil Fund LP,NYSE ARCA,ETF,Active,
USLM,United States Lime & Minerals Inc,NASDAQ,Stock,Active,
USLN,iShares Broad USD Floating Rate Loan,BATS,Stock,Active,
USMC,PRINCIPAL U.S. MEGA-CAP ETF,NASDAQ,ETF,Active,
USMD,USMD Holdings Inc,NASDAQ,Stock,Active,
USMF,WISDOMTREE U.S. MULTIFACTOR FUND,BATS,ETF,Active,
USML,UBS AG London Branch,NYSE ARCA,ETF,Active,
USMV,ISHARES MSCI USA MIN VOL FACTOR ETF,BATS,ETF,Active,
USNA,Usana Health Sciences Inc,NYSE,Stock,Active,
USNZ,XTRACKERS NET ZERO PATHWAY PARIS ALIGNED US EQUITY ETF,NYSE ARCA,ETF,Active,
USO,United States Oil Fund,NYSE ARCA,ETF,Active,
USOI,UBS AG London Branch,NASDAQ,Stock,Active,
USOY,DEFIANCE OIL ENHANCED OPTIONS INCOME ETF,NASDAQ,ETF,Active,
USPH,U.S. Physical Therapy Inc,NYSE,Stock,Active,
USPX,FRANKLIN U.S. EQUITY INDEX ETF,NYSE ARCA,ETF,Active,
USRD,THEMES US R&D CHAMPIONS ETF,NASDAQ,ETF,Active,
USRT,ISHARES CORE U.S. REIT ETF,NYSE ARCA,ETF,Active,
USRT:BAT,iShares Real Estate 50 ETF,NYSE ARCA,ETF,Active,
USSE,SEGALL BRYANT & HAMILL SELECT EQUITY ETF,NYSE ARCA,ETF,Active,
USSG,XTRACKERS MSCI USA ESG LEADERS EQUITY ETF,NYSE ARCA,ETF,Active,
USSH,WISDOMTREE 1-3 YEAR LADDERED TREASURY FUND,NASDAQ,ETF,Active,
UST,PROSHARES ULTRA 7-10 YEAR TREASURY,NYSE ARCA,ETF,Active,
USTB,VICTORYSHARES SHORT-TERM BOND ETF FORMERLY VICTORYSHARES USAA CORE SHORT-TERM BOND ETF VICTORYSHARES SHORT-TERM BOND ETF,NASDAQ,ETF,Active,
USVM,VICTORYSHARES US SMALL MID CAP VALUE MOMENTUM ETF FORMERLY VICTORYSHARES USAA MSCI USA SMALL CAP VALUE MOMENTUM ETF,NASDAQ,ETF,Active,
USVN,F/M US TREASURY 7 YEAR NOTE ETF,NASDAQ,ETF,Active,
USX,U.S. Xpress Enterprises Inc - Class A,NYSE,Stock,Active,
USXF,ISHARES ESG ADVANCED MSCI USA ETF,NASDAQ,ETF,Active,
UTAA,UTA Acquisition Corp - Class A,NASDAQ,Stock,Active,
UTAAU,UTA Acquisition Corp - Units (1 Ord Class A & 1/2 War),NASDAQ,Stock,Active,
UTEN,F/M US TREASURY 10 YEAR NOTE ETF,NASDAQ,ETF,Active,
UTES,VIRTUS REAVES UTILITIES ETF,NYSE ARCA,ETF,Active,
UTF,Cohen & Steers Infrastructure Fund Inc,NYSE,ETF,Active,
UTF-R,Cohen & Steers Infrastructure Fund Inc Rights expiring October 16 2025 Rights,NYSE,Stock,Active,
UTF-R-W,Cohen & Steers Infrastructure Fund Inc Rights expiring October 16 2025 Rights when issued,NYSE,Stock,Active,
UTG,Reaves Utility Income Fund,NYSE MKT,ETF,Active,
UTHR,United Therapeutics Corp,NASDAQ,Stock,Active,
UTHY,F/M US TREASURY 30 YEAR BOND ETF,NASDAQ,ETF,Active,
UTI,Universal Technical Institute Inc,NYSE,Stock,Active,
UTL,Unitil Corp,NYSE,Stock,Active,
UTMD,Utah Medical Products Inc,NASDAQ,Stock,Active,
UTRE,F/M US TREASURY 3 YEAR NOTE ETF,NASDAQ,ETF,Active,
UTSI,UTStarcom Holdings Corp,NASDAQ,Stock,Active,
UTSL,DIREXION DAILY UTILITIES BULL 3X SHARES,NYSE ARCA,ETF,Active,
UTWO,F/M US TREASURY 2 YEAR NOTE ETF,NASDAQ,ETF,Active,
UTWY,F/M US TREASURY 20 YEAR BOND ETF,NASDAQ,ETF,Active,
UTZ,Utz Brands Inc - Class A,NYSE,Stock,Active,
UUP,Invesco DB US Dollar Index Bullish Fund,NYSE ARCA,ETF,Active,
UUU,Universal Security Instruments Inc,NYSE MKT,Stock,Active,
UUUG,Leverage Shares 2X Long UUUU Daily ETF,NASDAQ,ETF,Active,
UUUU,Energy Fuels Inc,NYSE MKT,Stock,Active,
UVE,Universal Insurance Holdings Inc,NYSE,Stock,Active,
UVIX,2x Long VIX Futures ETF,BATS,ETF,Active,
UVSP,Univest Financial Corp,NASDAQ,Stock,Active,
UVV,Universal Corp,NYSE,Stock,Active,
UVXY,ProShares Ultra VIX Short-Term Futures ETF 2x Shares,BATS,ETF,Active,
UWM,PROSHARES ULTRA RUSSELL2000,NYSE ARCA,ETF,Active,
UWMC,UWM Holdings Corporation Class A,NYSE,Stock,Active,
UWMC-WS,UWM Holdings Corporation Warrant,NYSE,Stock,Active,
UXI,PROSHARES ULTRA INDUSTRIALS,NYSE ARCA,ETF,Active,
UXIN,Uxin Ltd,NASDAQ,Stock,Active,
UXJL,FT Vest U.S. Equity Uncapped Accelerator ETF July,BATS,ETF,Active,
UXOC,FT Vest U.S. Equity Uncapped Accelerator ETF - October,BATS,ETF,Active,
UXRP,ProShares Ultra XRP ETF,NYSE ARCA,ETF,Active,
UYG,PROSHARES ULTRA FINANCIALS,NYSE ARCA,ETF,Active,
UYLD,ANGEL OAK ULTRASHORT INCOME ETF,NASDAQ,ETF,Active,
UYM,PROSHARES ULTRA MATERIALS,NYSE ARCA,ETF,Active,
UYSC,UY Scuti Acquisition Corp,NASDAQ,Stock,Active,
UYSCR,UY Scuti Acquisition Corp,NASDAQ,Stock,Active,
UYSCU,UY Scuti Acquisition Corp - Units (1 Ord Shs & 1 Rts),NASDAQ,Stock,Active,
UZD,United States Cellular Corporation,NYSE,Stock,Active,
UZE,United States Cellular Corporation,NYSE,Stock,Active,
UZF,United States Cellular Corporation,NYSE,Stock,Active,
UZX,Linkage Global Inc,NASDAQ,Stock,Active,
V,Visa Inc - Class A,NYSE,Stock,Active,
VABK,Virginia National Bankshares Corp,NASDAQ,Stock,Active,
VABS,VIRTUS NEWFLEET SECURITIZED INCOME ETF,NYSE ARCA,ETF,Active,
VAC,Marriott Vacations Worldwide Corp,NYSE,Stock,Active,
VACH,Voyager Acquisition Corp - Class A,NASDAQ,Stock,Active,
VACHU,Voyager Acquisition Corp - Units (1 Ord Class A & 1/2 War),NASDAQ,Stock,Active,
VACHW,Voyager Acquisition Corp - Warrants (16/05/2031),NASDAQ,Stock,Active,
VACI,Viking Acquisition Corp I Class A,NYSE,Stock,Active,
VACI-U,Viking Acquisition Corp I - Units (1 Ord Cls A & 1/3 War),NYSE,Stock,Active,
VACI-WS,Viking Acquisition Corp I Warrants to purchase one Class A Ordinary Share,NYSE,Stock,Active,
VAIE,VegaShares US Equity Autocallable Income,NYSE ARCA,Stock,Active,
VAL,Valaris Ltd,NYSE,Stock,Active,
VAL-WS,Valaris Ltd Warrants,NYSE,Stock,Active,
VALE,Vale S.A.,NYSE,Stock,Active,
VALG,Leverage Shares 2X Long VALE Daily ETF,NASDAQ,ETF,Active,
VALN,Valneva SE,NASDAQ,Stock,Active,
VALQ,AMERICAN CENTURY U.S. QUALITY VALUE ETF,NYSE ARCA,ETF,Active,
VALU,Value Line Inc,NASDAQ,Stock,Active,
VAMO,CAMBRIA VALUE AND MOMENTUM ETF,BATS,ETF,Active,
VANI,Vivani Medical Inc,NASDAQ,Stock,Active,
VATE,Innovate Corp,NYSE,Stock,Active,
VATE-R,INNOVATE Corp Rights expiring March 25 2024,NYSE,Stock,Active,
VAVX,VanEck Avalanche ETF,NASDAQ,ETF,Active,
VAW,VANGUARD MATERIALS INDEX FUND ETF SHARES,NYSE ARCA,ETF,Active,
VB,VANGUARD SMALL-CAP INDEX FUND ETF SHARES,NYSE ARCA,ETF,Active,
VBCA,Vanguard Target Maturity 2027 Corporate Bond ETF,NASDAQ,ETF,Active,
VBCB,Vanguard Target Maturity 2028 Corporate Bond ETF,NASDAQ,ETF,Active,
VBCC,Vanguard Target Maturity 2029 Corporate Bond ETF,NASDAQ,ETF,Active,
VBCD,Vanguard Target Maturity 2030 Corporate Bond ETF,NASDAQ,ETF,Active,
VBCE,Vanguard Target Maturity 2031 Corporate Bond ETF,NASDAQ,ETF,Active,
VBCF,Vanguard Target Maturity 2032 Corporate Bond ETF,NASDAQ,ETF,Active,
VBCG,Vanguard Target Maturity 2033 Corporate Bond ETF,NASDAQ,ETF,Active,
VBCH,Vanguard Target Maturity 2034 Corporate Bond ETF,NASDAQ,ETF,Active,
VBCI,Vanguard Target Maturity 2035 Corporate Bond ETF,NASDAQ,ETF,Active,
VBCJ,Vanguard Target Maturity 2036 Corporate Bond ETF,NASDAQ,ETF,Active,
VBF,Invesco Bond Fund,NYSE,ETF,Active,
VBIL,Vanguard 03 Month Treasury Bill ETF,NASDAQ,ETF,Active,
VBIO,Valion Bio Inc,NASDAQ,Stock,Active,
VBIV,VBI Vaccines Inc,NASDAQ,Stock,Active,
VBK,VANGUARD SMALL-CAP GROWTH INDEX FUND ETF SHARES,NYSE ARCA,ETF,Active,
VBND,VIDENT U.S. BOND STRATEGY ETF,NYSE ARCA,ETF,Active,
VBNK,VILLAGE BANCORP INC,NASDAQ,Stock,Active,
VBR,VANGUARD SMALL-CAP VALUE INDEX FUND ETF SHARES,NYSE ARCA,ETF,Active,
VC,Visteon Corp,NASDAQ,Stock,Active,
VCEB,VANGUARD ESG U.S. CORPORATE BOND ETF ETF SHARES,BATS,ETF,Active,
VCEL,Vericel Corp,NASDAQ,Stock,Active,
VCIG,VCI Global Ltd,NASDAQ,Stock,Active,
VCIT,VANGUARD INTERMEDIATE-TERM CORPORATE BOND INDEX FUND ETF SHARES,NASDAQ,ETF,Active,
VCKAU,Scilex Holding Company - Units (1 Ord & 1/2 War),NASDAQ,Stock,Active,
VCLN,VIRTUS DUFF & PHELPS CLEAN ENERGY ETF,NYSE ARCA,ETF,Active,
VCLT,VANGUARD LONG-TERM CORPORATE BOND INDEX FUND ETF SHARES,NASDAQ,ETF,Active,
VCOB,Voya Core Bond ETF,NYSE ARCA,ETF,Active,
VCR,VANGUARD CONSUMER DISCRETIONARY INDEX FUND ETF SHARES,NYSE ARCA,ETF,Active,
VCRB,VANGUARD CORE BOND ETF ETF SHARES,NASDAQ,ETF,Active,
VCSH,VANGUARD SHORT-TERM CORPORATE BOND INDEX FUND ETF SHARES,NASDAQ,ETF,Active,
VCTR,Victory Capital Holdings Inc - Class A,NASDAQ,Stock,Active,
VCV,Invesco California Value Municipal Income Trust,NYSE,ETF,Active,
VCXA,10X Capital Venture Acquisition Corp II - Class A,NASDAQ,Stock,Active,
VCXAW,10X Capital Venture Acquisition Corp II - Warrants (19/04/2028),NASDAQ,Stock,Active,
VCXB-WS,10X Capital Venture Acquisition Corp III - Warrants (30/06/2028),NYSE MKT,Stock,Active,
VCYT,Veracyte Inc,NASDAQ,Stock,Active,
VDC,VANGUARD CONSUMER STAPLES INDEX FUND ETF SHARES,NYSE ARCA,ETF,Active,
VDE,VANGUARD ENERGY INDEX FUND ETF SHARES,NYSE ARCA,ETF,Active,
VDG,Vanguard Developed Markets exUS Growth Index,BATS,Stock,Active,
VDI,Virtus International Dividend ETF,NYSE ARCA,ETF,Active,
VDIG,Vanguard Wellington Dividend Growth Active ETF,BATS,ETF,Active,
VDV,Vanguard Developed Markets exUS Value Index,BATS,Stock,Active,
VEA,Vanguard FTSE Developed Markets ETF,NYSE ARCA,ETF,Active,
VECA,Vernal Capital Acquisition Corp,NYSE,Stock,Active,
VECA-R,Vernal Capital Acquisition Corp Rights each right entitling the holder to receive onefourth 14 of one Ordinary Share,NYSE,Stock,Active,
VECA-U,Vernal Capital Acquisition Corp - Units (1 Ord Shs & 1 Rts),NYSE,Stock,Active,
VECO,Veeco Instruments Inc,NASDAQ,Stock,Active,
VECT,VectivBio Holding AG,NASDAQ,Stock,Active,
VEEA,Veea Inc,NASDAQ,Stock,Active,
VEEAW,Veea Inc Warrant,NASDAQ,Stock,Active,
VEEE,Twin Vee PowerCats Company,NASDAQ,Stock,Active,
VEEV,Veeva Systems Inc - Class A,NYSE,Stock,Active,
VEFA,VanEck MSCI EAFE Analyst Sentiment ETF,NASDAQ,ETF,Active,
VEGA,ADVISORSHARES STAR GLOBAL BUY-WRITE ETF,NYSE ARCA,ETF,Active,
VEGA:BAT,AdvisorShares STAR Global BuyWrite ETF,NYSE ARCA,ETF,Active,
VEGI,ISHARES MSCI AGRICULTURE PRODUCERS ETF,NYSE ARCA,ETF,Active,
VEGI:BAT,Ishares Msci Global Agriculture Producers Etf,NYSE ARCA,Stock,Active,
VEGN,US VEGAN CLIMATE ETF,BATS,ETF,Active,
VEL,Velocity Financial Inc,NYSE,Stock,Active,
VELO,Velocity Acquisition Corp - Class A,NASDAQ,Stock,Active,
VEM,Virtus Emerging Markets Dividend,NYSE ARCA,Stock,Active,
VEMY,VIRTUS STONE HARBOR EMERGING MARKETS HIGH YIELD BOND ETF,NYSE ARCA,ETF,Active,
VENU,Venu Holding Corp,NYSE MKT,Stock,Active,
VEON,VEON Ltd,NASDAQ,Stock,Active,
VERA,Vera Therapeutics Inc - Class A,NASDAQ,Stock,Active,
VERB,Verb Technology Company Inc,NASDAQ,Stock,Active,
VERI,Veritone Inc,NASDAQ,Stock,Active,
VERS,PROSHARES METAVERSE ETF,NYSE ARCA,ETF,Active,
VERU,Veru Inc,NASDAQ,Stock,Active,
VERX,Vertex Inc Class A,NASDAQ,Stock,Active,
VET,Vermilion Energy Inc,NYSE,Stock,Active,
VETZ,ACADEMY VETERAN BOND ETF,NYSE ARCA,ETF,Active,
VEU,VANGUARD FTSE ALL-WORLD EX-US INDEX FUND ETF SHARES,NYSE ARCA,ETF,Active,
VEXC,Vanguard Emerging Markets ExChina ETF,NYSE ARCA,ETF,Active,
VFC,VF Corp,NYSE,Stock,Active,
VFF,Village Farms International Inc,NASDAQ,Stock,Active,
VFH,VANGUARD FINANCIALS INDEX FUND ETF SHARES,NYSE ARCA,ETF,Active,
VFL,abrdn National Municipal Income Fund,NYSE MKT,ETF,Active,
VFLO,VICTORYSHARES FREE CASH FLOW ETF,NASDAQ,ETF,Active,
VFMF,VANGUARD U.S. MULTIFACTOR ETF ETF SHARES,BATS,ETF,Active,
VFMO,VANGUARD U.S. MOMENTUM FACTOR ETF ETF SHARES,BATS,ETF,Active,
VFMV,VANGUARD U.S. MINIMUM VOLATILITY ETF ETF SHARES,BATS,ETF,Active,
VFQY,VANGUARD U.S. QUALITY FACTOR ETF ETF SHARES,BATS,ETF,Active,
VFS,VinFast Auto Ltd,NASDAQ,Stock,Active,
VFSWW,VinFast Auto Ltd - Warrants (15/08/2028),NASDAQ,Stock,Active,
VFVA,VANGUARD U.S. VALUE FACTOR ETF ETF SHARES,BATS,ETF,Active,
VG,Venture Global Inc - Class A,NYSE,Stock,Active,
VGAS,Verde Clean Fuels Inc - Class A,NASDAQ,Stock,Active,
VGASW,Verde Clean Fuels Inc - Warrants (14/02/2028),NASDAQ,Stock,Active,
VGFC,The Very Good Food Company Inc,NASDAQ,Stock,Active,
VGHY,Vanguard HighYield Active ETF,BATS,ETF,Active,
VGI,Virtus Global Multi-Sector Income Fund,NYSE,ETF,Active,
VGIT,VANGUARD INTERMEDIATE-TERM TREASURY INDEX FUND ETF SHARES,NASDAQ,ETF,Active,
VGK,VANGUARD EUROPEAN STOCK INDEX FUND ETF SHARES,NYSE ARCA,ETF,Active,
VGLT,VANGUARD LONG-TERM TREASURY INDEX FUND ETF SHARES,NASDAQ,ETF,Active,
VGM,Invesco Trust for Investment Grade Municipals,NYSE,ETF,Active,
VGMS,Vanguard MultiSector Income Bond ETF,BATS,ETF,Active,
VGNT,Versigent PLC,NYSE,Stock,Active,
VGNT-W,Versigent PLC WhenIssued,NYSE,Stock,Active,
VGRO,Virtus Silvant Growth Opportunities ETF,NYSE ARCA,ETF,Active,
VGSH,VANGUARD SHORT-TERM TREASURY INDEX FUND ETF SHARES,NASDAQ,ETF,Active,
VGSR,VERT GLOBAL SUSTAINABLE REAL ESTATE ETF,NASDAQ,ETF,Active,
VGT,VANGUARD INFORMATION TECHNOLOGY INDEX FUND ETF SHARES,NYSE ARCA,ETF,Active,
VGUS,Vanguard UltraShort Treasury ETF,NASDAQ,ETF,Active,
VGVT,Vanguard Malvern Funds Government Securities Active,NYSE ARCA,Stock,Active,
VGZ,Vista Gold Corp,NYSE MKT,Stock,Active,
VHAI,Vocodia Holdings Corp,BATS,Stock,Active,
VHAI-WS-A,Vocodia Holdings Corp Warrants Series A,BATS,Stock,Active,
VHAI-WS-B,Vocodia Holdings Corp Warrants Series B,BATS,Stock,Active,
VHAQ-R,Viveon Health Acquisition Corp Rights each exchangeable into onetwentieth of a share of Common Stock,AMEX,Stock,Active,
VHC,Virnetx Holding Corp,NASDAQ,Stock,Active,
VHCP,Vine Hill Capital Investment Corp II,NASDAQ,Stock,Active,
VHCPU,Vine Hill Capital Investment Corp II - Units (1 Ord Cls A & 1/3 War),NASDAQ,Stock,Active,
VHCPW,Vine Hill Capital Investment Corp II Warrants,NASDAQ,Stock,Active,
VHI,Valhi Inc,NYSE,Stock,Active,
VHT,VANGUARD HEALTH CARE INDEX FUND ETF SHARES,NYSE ARCA,ETF,Active,
VHUB,Venhub Global Inc,NASDAQ,Stock,Active,
VIA,Via Renewables Inc - Class A,NASDAQ,Stock,Active,
VIASP,Via Renewables Inc,NASDAQ,Stock,Active,
VIAV,Viavi Solutions Inc,NASDAQ,Stock,Active,
VICE,ADVISORSHARES VICE ETF,NYSE ARCA,ETF,Active,
VICI,VICI Properties Inc,NYSE,Stock,Active,
VICR,Vicor Corp,NASDAQ,Stock,Active,
VIDA,VIDA Global Inc - Class A,NYSE MKT,Stock,Active,
VIDI,VIDENT INTERNATIONAL EQUITY STRATEGY ETF,NYSE ARCA,ETF,Active,
VIG,VANGUARD DIVIDEND APPRECIATION INDEX FUND ETF SHARES,NYSE ARCA,ETF,Active,
VIGI,VANGUARD INTERNATIONAL DIVIDEND APPRECIATION INDEX FUND ETF SHARES,NASDAQ,ETF,Active,
VIK,Viking Holdings Ltd,NYSE,Stock,Active,
VINO,nan,NASDAQ,Stock,Active,
VINP,Vinci Partners Investments Ltd - Class A,NASDAQ,Stock,Active,
VIOG,VANGUARD S&P SMALL-CAP 600 GROWTH INDEX FUND ETF SHARES,NYSE ARCA,ETF,Active,
VIOG:BAT,Vanguard S&P SmallCap 600 Growth Etf,NYSE ARCA,Stock,Active,
VIOO,VANGUARD S&P SMALL-CAP 600 INDEX FUND ETF SHARES,NYSE ARCA,ETF,Active,
VIOO:BAT,Vanguard S&P SmallCap 600 Etf,NYSE ARCA,Stock,Active,
VIOT,Viomi Technology Co Ltd,NASDAQ,Stock,Active,
VIOV,VANGUARD S&P SMALL-CAP 600 VALUE INDEX FUND ETF SHARES,NYSE ARCA,ETF,Active,
VIOV:BAT,Vanguard S&P SmallCap 600 Value Etf,NYSE ARCA,Stock,Active,
VIPS,Vipshop Holdings Ltd,NYSE,Stock,Active,
VIR,Vir Biotechnology Inc,NASDAQ,Stock,Active,
VIRC,Virco Manufacturing Corp,NASDAQ,Stock,Active,
VIRT,Virtu Financial Inc - Class A,NYSE,Stock,Active,
VIS,VANGUARD INDUSTRIALS INDEX FUND ETF SHARES,NYSE ARCA,ETF,Active,
VISN,Gyroscope Therapeutics Holdings plc,NASDAQ,Stock,Active,
VIST,Vista Energy S.A.B. de C.V,NYSE,Stock,Active,
VITL,Vital Farms Inc,NASDAQ,Stock,Active,
VIV,Telefonica Brasil S.A.,NYSE,Stock,Active,
VIVK,Vivakor Inc,NASDAQ,Stock,Active,
VIVO,Meridian Bioscience Inc,NASDAQ,Stock,Active,
VIVS,VivoSim Labs Inc,NASDAQ,Stock,Active,
VIXI,Defiance Enhanced Long Vol ETF,NASDAQ,ETF,Active,
VIXM,ProShares VIX Mid-Term Futures ETF,BATS,ETF,Active,
VIXY,ProShares VIX Short-Term Futures ETF,BATS,ETF,Active,
VKI,Invesco Advantage Municipal Income Trust II,NYSE MKT,ETF,Active,
VKQ,Invesco Municipal Trust,NYSE,ETF,Active,
VKTX,Viking Therapeutics Inc,NASDAQ,Stock,Active,
VLCN,Empery Digital Inc,NASDAQ,Stock,Active,
VLD-WS,Velo3D Inc Redeemable warrants each whole warrant exercisable for one share of Common Stock at an exercise price of 11.50,NYSE,Stock,Active,
VLDRW,Velodyne Lidar Inc Warrant,NASDAQ,Stock,Active,
VLGEA,Village Super Market Inc - Class A,NASDAQ,Stock,Active,
VLLU,HARBOR ALPHAEDGE LARGE CAP VALUE ETF,NYSE ARCA,ETF,Active,
VLN,Valens Semiconductor Ltd,NYSE,Stock,Active,
VLN-WS,Valens Semiconductor Ltd Warrants each warrant to purchase onehalf of one Ordinary Share,NYSE,Stock,Active,
VLO,Valero Energy Corp,NYSE,Stock,Active,
VLRS,Controladora Vuela Cia De Aviacion,NYSE,Stock,Active,
VLT,Invesco High Income Trust II,NYSE,ETF,Active,
VLTO,Veralto Corp,NYSE,Stock,Active,
VLTO-W,Veralto Corp WhenIssued,NYSE,Stock,Active,
VLU,SPDR S&P 1500 VALUE TILT ETF,NYSE ARCA,ETF,Active,
VLUE,ISHARES MSCI USA VALUE FACTOR ETF,BATS,ETF,Active,
VLY,Valley National Bancorp,NASDAQ,Stock,Active,
VLYPO,Valley National Bancorp,NASDAQ,Stock,Active,
VLYPP,Valley National Bancorp 625 FixedtoFloating Rate Series A NonCumulative Perpetual Preferred Stock,NASDAQ,Stock,Active,
VMAR,Vision Marine Technologies Inc,NASDAQ,Stock,Active,
VMAX,HARTFORD US VALUE ETF,NASDAQ,ETF,Active,
VMBS,VANGUARD MORTGAGE-BACKED SECURITIES INDEX FUND ETF SHARES,NASDAQ,ETF,Active,
VMC,Vulcan Materials Company,NYSE,Stock,Active,
VMCAU,Valuence Merger Corp I Unit,NASDAQ,Stock,Active,
VMD,Viemed Healthcare Inc,NASDAQ,Stock,Active,
VMET,Versamet Royalties Corporation,NASDAQ,Stock,Active,
VMGA,VMG Consumer Acquisition Corp - Class A,NASDAQ,Stock,Active,
VMGAW,VMG Consumer Acquisition Corp - Warrants (08/11/2026),NASDAQ,Stock,Active,
VMI,Valmont Industries Inc,NYSE,Stock,Active,
VMO,Invesco Municipal Opportunity Trust,NYSE,ETF,Active,
VMSB,Voya MultiSector Income ETF,NYSE ARCA,ETF,Active,
VMW,Vmware Inc - Class A,NYSE,Stock,Active,
VNAM,GLOBAL X MSCI VIETNAM ETF,NYSE ARCA,ETF,Active,
VNCE,Vince Holding Corp,NASDAQ,Stock,Active,
VNDA,Vanda Pharmaceuticals Inc,NASDAQ,Stock,Active,
VNET,VNET Group Inc,NASDAQ,Stock,Active,
VNLA,JANUS HENDERSON SHORT DURATION INCOME ETF,NYSE ARCA,ETF,Active,
VNM,VANECK VIETNAM ETF,BATS,ETF,Active,
VNME,Vendome Acquisition Corporation I,NASDAQ,Stock,Active,
VNMEU,Vendome Acquisition Corp I - Units (1 Ord Cls A & 1/2 War),NASDAQ,Stock,Active,
VNMEW,Vendome Acquisition Corporation I Warrant,NASDAQ,Stock,Active,
VNO,Vornado Realty Trust,NYSE,Stock,Active,
VNO-P-L,Vornado Realty Trust,NYSE,Stock,Active,
VNO-P-M,Vornado Realty Trust,NYSE,Stock,Active,
VNO-P-N,Vornado Realty Trust,NYSE,Stock,Active,
VNO-P-O,Vornado Realty Trust 4.45 Series O Cumulative Redeemable Preferred Shares Liquidation Preference 25.00 Per Share,NYSE,Stock,Active,
VNOM,Viper Energy Inc - Class A,NASDAQ,Stock,Active,
VNQ,VANGUARD REAL ESTATE INDEX FUND ETF SHARES,NYSE ARCA,ETF,Active,
VNQI,VANGUARD GLOBAL EX-U.S. REAL ESTATE INDEX FUND ETF SHARES,NASDAQ,ETF,Active,
VNRX,VolitionRX Ltd,NYSE MKT,Stock,Active,
VNSE,NATIXIS VAUGHAN NELSON SELECT ETF,NYSE ARCA,ETF,Active,
VNT,Vontier Corporation,NYSE,Stock,Active,
VNTG,Vantage Corp - Class A,NYSE MKT,Stock,Active,
VO,VANGUARD MID-CAP INDEX FUND ETF SHARES,NYSE ARCA,ETF,Active,
VOC,VOC Energy Trust,NYSE,Stock,Active,
VOD,Vodafone Group plc,NASDAQ,Stock,Active,
VOE,VANGUARD MID-CAP VALUE INDEX FUND ETF SHARES,NYSE ARCA,ETF,Active,
VOLT,Volt Information Sciences Inc,NASDAQ,Stock,Active,
VONE,VANGUARD RUSSELL 1000 INDEX FUND ETF SHARES,NASDAQ,ETF,Active,
VONG,VANGUARD RUSSELL 1000 GROWTH INDEX FUND ETF SHARES,NASDAQ,ETF,Active,
VONV,VANGUARD RUSSELL 1000 VALUE INDEX FUND ETF SHARES,NASDAQ,ETF,Active,
VOO,VANGUARD 500 INDEX FUND ETF SHARES,NYSE ARCA,ETF,Active,
VOO:BAT,Vanguard S&P 500 Etf,NYSE ARCA,Stock,Active,
VOOG,VANGUARD S&P 500 GROWTH INDEX FUND ETF SHARES,NYSE ARCA,ETF,Active,
VOOG:BAT,Vanguard S&P 500 Growth Etf,NYSE ARCA,Stock,Active,
VOOV,VANGUARD S&P 500 VALUE INDEX FUND ETF SHARES,NYSE ARCA,ETF,Active,
VOOV:BAT,Vanguard S&P 500 Value Etf,NYSE ARCA,Stock,Active,
VOR,Vor Biopharma Inc,NASDAQ,Stock,Active,
VOT,VANGUARD MID-CAP GROWTH INDEX FUND ETF SHARES,NYSE ARCA,ETF,Active,
VOTE,TCW TRANSFORM 500 ETF,NASDAQ,ETF,Active,
VOX,VANGUARD COMMUNICATION SERVICES INDEX FUND ETF SHARES,NYSE ARCA,ETF,Active,
VOXP,Vox Populi,BATS,Stock,Active,
VOXR,Vox Royalty Corp,NASDAQ,Stock,Active,
VOYA,Voya Financial Inc,NYSE,Stock,Active,
VOYA-P-B,Voya Financial Inc,NYSE,Stock,Active,
VOYG,Voyager Technologies Inc - Class A,NYSE,Stock,Active,
VOYX,Tradr 2X Long VOYG Daily ETF,BATS,ETF,Active,
VPC,VIRTUS PRIVATE CREDIT STRATEGY ETF,NYSE ARCA,ETF,Active,
VPG,Vishay Precision Group Inc,NYSE,Stock,Active,
VPL,VANGUARD PACIFIC STOCK INDEX FUND ETF SHARES,NYSE ARCA,ETF,Active,
VPLS,VANGUARD CORE-PLUS BOND ETF ETF SHARES,NASDAQ,ETF,Active,
VPU,VANGUARD UTILITIES INDEX FUND ETF SHARES,NYSE ARCA,ETF,Active,
VPV,Invesco Pennsylvania Value Municipal Income Trust,NYSE,ETF,Active,
VRA,Vera Bradley Inc,NASDAQ,Stock,Active,
VRAI,VIRTUS REAL ASSET INCOME ETF,NYSE ARCA,ETF,Active,
VRAX,Virax Biolabs Group Ltd - Class A,NASDAQ,Stock,Active,
VRCA,Verrica Pharmaceuticals Inc,NASDAQ,Stock,Active,
VRDN,Viridian Therapeutics Inc,NASDAQ,Stock,Active,
VRE,Veris Residential Inc,NYSE,Stock,Active,
VREX,Varex Imaging Corp,NASDAQ,Stock,Active,
VRIG,INVESCO VARIABLE RATE INVESTMENT GRADE ETF,NASDAQ,ETF,Active,
VRME,VerifyMe Inc,NASDAQ,Stock,Active,
VRMMQ,Vroom Inc,NASDAQ,Stock,Active,
VRNS,Varonis Systems Inc,NASDAQ,Stock,Active,
VRP,INVESCO VARIABLE RATE PREFERRED ETF,NYSE ARCA,ETF,Active,
VRRM,Verra Mobility Corp - Class A,NASDAQ,Stock,Active,
VRSK,Verisk Analytics Inc,NASDAQ,Stock,Active,
VRSN,Verisign Inc,NASDAQ,Stock,Active,
VRT,Vertiv Holdings Co - Class A,NYSE,Stock,Active,
VRTL,GRANITESHARES 2X LONG VRT DAILY ETF,NASDAQ,ETF,Active,
VRTS,Virtus Investment Partners Inc,NYSE,Stock,Active,
VRTU:BAT,Virtusa Corporation,NASDAQ,Stock,Active,
VRTX,Vertex Pharmaceuticals Inc,NASDAQ,Stock,Active,
VS,Versus Systems Inc,NASDAQ,Stock,Active,
VSA,VisionSys AI Inc,NASDAQ,Stock,Active,
VSAT,Viasat Inc,NASDAQ,Stock,Active,
VSCO,Victoria`s Secret & Company,NYSE,Stock,Active,
VSDA,VICTORYSHARES DIVIDEND ACCELERATOR ETF,NASDAQ,ETF,Active,
VSEC,VSE Corp,NASDAQ,Stock,Active,
VSECU,VSE Corporation Tangible Equity Units,NASDAQ,Stock,Active,
VSEE,VSee Health Inc,NASDAQ,Stock,Active,
VSEEW,VSee Health Inc - Warrants(02/11/2026),NASDAQ,Stock,Active,
VSGX,VANGUARD ESG INTERNATIONAL STOCK ETF ETF SHARES,BATS,ETF,Active,
VSH,Vishay Intertechnology Inc,NYSE,Stock,Active,
VSHY,VIRTUS NEWFLEET SHORT DURATION HIGH YIELD BOND ETF,NYSE ARCA,ETF,Active,
VSLU,APPLIED FINANCE VALUATION LARGE CAP ETF,NYSE ARCA,ETF,Active,
VSME,Vs Media Holdings Ltd - Class A,NASDAQ,Stock,Active,
VSMV,VICTORYSHARES US MULTI-FACTOR MINIMUM VOLATILITY ETF,NASDAQ,ETF,Active,
VSNT,VERSANT CORP,NASDAQ,Stock,Active,
VSNTV,Versant Media Group Inc,NASDAQ,Stock,Active,
VSOL,VanEck Solana ETF,NASDAQ,ETF,Active,
VSS,VANGUARD FTSE ALL-WORLD EX-US SMALL-CAP INDEX FUND ETF SHARES,NYSE ARCA,ETF,Active,
VSS:BAT,Vanguard FTSE All World ex US Small Cap ETF,NYSE ARCA,ETF,Active,
VSSYW,Versus Systems Inc - Warrants- Unit A (20/01/2026),NASDAQ,Stock,Active,
VST,Vistra Corp,NYSE,Stock,Active,
VSTD,Vestand Inc - Class A,NASDAQ,Stock,Active,
VSTL,DEFIANCE DAILY TARGET 2X LONG VST ETF,NASDAQ,ETF,Active,
VSTM,Verastem Inc,NASDAQ,Stock,Active,
VSTS,Vestis Corporation,NYSE,Stock,Active,
VSTS-W,Vestis Corporation WhenIssued,NYSE,Stock,Active,
VT,VANGUARD TOTAL WORLD STOCK INDEX FUND ETF SHARES,NYSE ARCA,ETF,Active,
VT:BAT,Vanguard Total World Stock ETF,NYSE ARCA,ETF,Active,
VTA,Invesco Dynamic Credit Opportu,NYSE,ETF,Active,
VTAK,Catheter Precision Inc,NYSE MKT,Stock,Active,
VTC,VANGUARD TOTAL CORPORATE BOND ETF ETF SHARES,NASDAQ,ETF,Active,
VTEB,VANGUARD TAX-EXEMPT BOND INDEX FUND ETF SHARES,NYSE ARCA,ETF,Active,
VTEC,VANGUARD CALIFORNIA TAX-EXEMPT BOND ETF ETF SHARES,BATS,ETF,Active,
VTEI,VANGUARD INTERMEDIATE-TERM TAX-EXEMPT BOND ETF ETF SHARES,BATS,ETF,Active,
VTEL,Vanguard LongTerm TaxExempt Bond ETF,BATS,ETF,Active,
VTES,VANGUARD SHORT-TERM TAX-EXEMPT BOND ETF ETF SHARES,NYSE ARCA,ETF,Active,
VTEX,Vtex - Class A,NYSE,Stock,Active,
VTGN,VistaGen Therapeutics Inc,NASDAQ,Stock,Active,
VTHR,VANGUARD RUSSELL 3000 INDEX FUND ETF SHARES,NASDAQ,ETF,Active,
VTI,VANGUARD TOTAL STOCK MARKET INDEX FUND ETF SHARES,NYSE ARCA,ETF,Active,
VTIP,VANGUARD SHORT-TERM INFLATION-PROTECTED SECURITIES INDEX FUND ETF SHARES,NASDAQ,ETF,Active,
VTIX,Virtuix Holdings Inc - Class A,NASDAQ,Stock,Active,
VTMX,Corporacion Inmobiliaria Vesta Sab,NYSE,Stock,Active,
VTN,Invesco Trust For Investment Grade New York Municipals,NYSE,ETF,Active,
VTOL,Bristow Group Inc,NYSE,Stock,Active,
VTP,Vanguard Malvern Funds Total InflationProtected Securities,NYSE ARCA,Stock,Active,
VTR,Ventas Inc,NYSE,Stock,Active,
VTRS,Viatris Inc,NASDAQ,Stock,Active,
VTS,Vitesse Energy Inc,NYSE,Stock,Active,
VTS-W,Vitesse Energy Inc WhenIssued,NYSE,Stock,Active,
VTSI,VirTra Inc,NASDAQ,Stock,Active,
VTV,VANGUARD VALUE INDEX FUND ETF SHARES,NYSE ARCA,ETF,Active,
VTVT,vTv Therapeutics Inc - Class A,NASDAQ,Stock,Active,
VTWG,VANGUARD RUSSELL 2000 GROWTH INDEX FUND ETF SHARES,NASDAQ,ETF,Active,
VTWO,VANGUARD RUSSELL 2000 INDEX FUND ETF SHARES,NASDAQ,ETF,Active,
VTWV,VANGUARD RUSSELL 2000 VALUE INDEX FUND ETF SHARES,NASDAQ,ETF,Active,
VUG,VANGUARD GROWTH INDEX FUND ETF SHARES,NYSE ARCA,ETF,Active,
VUS,Virtus US Dividend ETF,NYSE ARCA,ETF,Active,
VUSB,VANGUARD ULTRA-SHORT BOND ETF ETF SHARES,BATS,ETF,Active,
VUSE,VIDENT U.S. EQUITY STRATEGY ETF,NYSE ARCA,ETF,Active,
VUSG,Vanguard Wellington U.S. Growth Active ETF,BATS,ETF,Active,
VUSI,Voya Ultra Short Income ETF,NYSE ARCA,ETF,Active,
VUSV,Vanguard Wellington U.S. Value Active ETF,BATS,ETF,Active,
VUZI,Vuzix Corporation,NASDAQ,Stock,Active,
VV,VANGUARD LARGE-CAP INDEX FUND ETF SHARES,NYSE ARCA,ETF,Active,
VVOS,Vivos Therapeutics Inc,NASDAQ,Stock,Active,
VVR,Invesco Senior Income Trust,NYSE,ETF,Active,
VVV,Valvoline Inc,NYSE,Stock,Active,
VVX,V2X Inc,NYSE,Stock,Active,
VWAV,VisionWave Holdings Inc,NASDAQ,Stock,Active,
VWAVW,VisionWave Holdings Inc Warrant,NASDAQ,Stock,Active,
VWO,VANGUARD EMERGING MARKETS STOCK INDEX FUND ETF SHARES,NYSE ARCA,ETF,Active,
VWOB,VANGUARD EMERGING MARKETS GOVERNMENT BOND INDEX FUND ETF SHARES,NASDAQ,ETF,Active,
VXF,VANGUARD EXTENDED MARKET INDEX FUND ETF SHARES,NYSE ARCA,ETF,Active,
VXUS,VANGUARD TOTAL INTERNATIONAL STOCK INDEX FUND ETF SHARES,NASDAQ,ETF,Active,
VXX,iPath Series B S&P 500 VIX Short-Term Futures ETN,BATS,ETF,Active,
VXZ,iPath Series B S&P 500 VIX Mid-Term Futures ETN,BATS,ETF,Active,
VYGR,Voyager Therapeutics Inc,NASDAQ,Stock,Active,
VYLD,J P Morgan Chase & Co Inverse VIX ShortTerm Futures ETNs due March 22 2045,NYSE ARCA,Stock,Active,
VYM,VANGUARD HIGH DIVIDEND YIELD INDEX FUND ETF SHARES,NYSE ARCA,ETF,Active,
VYMI,VANGUARD INTERNATIONAL HIGH DIVIDEND YIELD INDEX FUND ETF SHARES,NASDAQ,ETF,Active,
VYNE,VYNE Therapeutics Inc,NASDAQ,Stock,Active,
VYX,NCR Voyix Corp,NYSE,Stock,Active,
VYX-W,NCR Corporation WhenIssued,NYSE,Stock,Active,
VZ,Verizon Communications Inc,NYSE,Stock,Active,
VZLA,Vizsla Silver Corp,NYSE MKT,Stock,Active,
W,Wayfair Inc - Class A,NYSE,Stock,Active,
WAB,Westinghouse Air Brake Technologies Corp,NYSE,Stock,Active,
WABC,Westamerica Bancorporation,NASDAQ,Stock,Active,
WABF,Western Asset Bond ETF,NASDAQ,ETF,Active,
WAFD,WaFd Inc,NASDAQ,Stock,Active,
WAFDP,WaFd Inc,NASDAQ,Stock,Active,
WAFU,Wah Fu Education Group Ltd,NASDAQ,Stock,Active,
WAI,Top KingWin Ltd - Class A,NASDAQ,Stock,Active,
WAL,Western Alliance Bancorp,NYSE,Stock,Active,
WAL-P-A,Western Alliance Bancorporation Depositary Shares Series A,NYSE,Stock,Active,
WALD,Waldencast plc - Class A,NASDAQ,Stock,Active,
WALDW,Waldencast plc - Warrants (27/07/2027),NASDAQ,Stock,Active,
WANT,DIREXION DAILY CONSUMER DISCRETIONARY BULL 3X SHARES,NYSE ARCA,ETF,Active,
WASH,Washington Trust Bancorp Inc,NASDAQ,Stock,Active,
WAT,Waters Corp,NYSE,Stock,Active,
WATS,Corgi Battery Energy Storage Systems,BATS,Stock,Active,
WATT,Energous Corp,NASDAQ,Stock,Active,
WAVE,Eco Wave Power Global AB,NASDAQ,Stock,Active,
WAY,Waystar Holding Corp,NASDAQ,Stock,Active,
WB,Weibo Corp,NASDAQ,Stock,Active,
WBD,Warner Bros. Discovery Inc - Class A,NASDAQ,Stock,Active,
WBI,WaterBridge Infrastructure LLC. - Class A,NYSE,Stock,Active,
WBIF,WBI BULLBEAR VALUE 3000 ETF,NYSE ARCA,ETF,Active,
WBIG,WBI BULLBEAR YIELD 3000 ETF,NYSE ARCA,ETF,Active,
WBIL,WBI BULLBEAR QUALITY 3000 ETF,NYSE ARCA,ETF,Active,
WBIY,WBI Power Factor High Dividend Shares,NYSE ARCA,ETF,Active,
WBS,Webster Financial Corp,NYSE,Stock,Active,
WBS-P-F,Webster Financial Corp,NYSE,Stock,Active,
WBS-P-G,Webster Financial Corp,NYSE,Stock,Active,
WBTN,Webtoon Entertainment Inc,NASDAQ,Stock,Active,
WBUY,Webuy Global Ltd - Class A,NASDAQ,Stock,Active,
WBX,Wallbox N.V - Class A,NYSE,Stock,Active,
WCBR,WISDOMTREE CYBERSECURITY FUND,NASDAQ,ETF,Active,
WCC,Wesco International Inc,NYSE,Stock,Active,
WCEO,Hypatia Women CEO ETF,NYSE ARCA,ETF,Active,
WCLD,WISDOMTREE CLOUD COMPUTING FUND,NASDAQ,ETF,Active,
WCME,FIRST TRUST WCM DEVELOPING WORLD EQUITY ETF,NYSE ARCA,ETF,Active,
WCMG,First Trust WCM Global Equity,NYSE ARCA,Stock,Active,
WCMI,FIRST TRUST WCM INTERNATIONAL EQUITY ETF,NYSE ARCA,ETF,Active,
WCN,Waste Connections Inc,NYSE,Stock,Active,
WCPB,Weitz Core Plus Bond ETF,NYSE ARCA,ETF,Active,
WCT,Wellchange Holdings Co. Ltd,NASDAQ,Stock,Active,
WD,Walker & Dunlop Inc,NYSE,Stock,Active,
WDAF,WisdomTree Asia Defense Fund,NASDAQ,Stock,Active,
WDAY,Workday Inc - Class A,NASDAQ,Stock,Active,
WDC,Western Digital Corp,NASDAQ,Stock,Active,
WDCVV,Western Digital Corporation,NASDAQ,Stock,Active,
WDCX,Tradr 2X Long WDC Daily,BATS,Stock,Active,
WDFC,WD-40 Company,NASDAQ,Stock,Active,
WDGF,WisdomTree Global Defense Fund,NASDAQ,Stock,Active,
WDH,Waterdrop Inc,NYSE,Stock,Active,
WDI,Western Asset Diversified Income Fund,NYSE,Stock,Active,
WDIV,SPDR S&P GLOBAL DIVIDEND ETF,NYSE ARCA,ETF,Active,
WDIV:BAT,SPDR S&P Global Dividend ETF,NYSE ARCA,ETF,Active,
WDNA,WISDOMTREE BIOREVOLUTION FUND,BATS,ETF,Active,
WDS,Woodside Energy Group Ltd,NYSE,Stock,Active,
WDTE,DEFIANCE S&P 500 WEEKLY DISTRIBUTION ETF,NYSE ARCA,ETF,Active,
WEA,Western Asset Premier Bond Fund,NYSE,ETF,Active,
WEAT,Teucrium Wheat Fund,NYSE ARCA,ETF,Active,
WEAT:BAT,Teucrium Commodity Trust,NYSE ARCA,Stock,Active,
WEAV,Weave Communications Inc,NYSE,Stock,Active,
WEBL,DIREXION DAILY DOW JONES INTERNET BULL 3X SHARES,NYSE ARCA,ETF,Active,
WEBS,DIREXION DAILY DOW JONES INTERNET BEAR 3X SHARES,NYSE ARCA,ETF,Active,
WEC,WEC Energy Group Inc,NYSE,Stock,Active,
WEED,ROUNDHILL CANNABIS ETF,BATS,ETF,Active,
WEEI,Westwood Salient Enhanced Energy Income ETF,NASDAQ,ETF,Active,
WEEK,ROUNDHILL WEEKLY T-BILL ETF,AMEX,ETF,Active,
WEEL,PEERLESS OPTION INCOME WHEEL ETF,NYSE ARCA,ETF,Active,
WELL,Welltower Inc,NYSE,Stock,Active,
WEN,Wendy`s Co - Class A,NASDAQ,Stock,Active,
WENC,West Enclave Merger Corp,NYSE,Stock,Active,
WENC-R,West Enclave Merger Corp Rights each Right to acquire onetenth 110 of one Ordinary Share,NYSE,Stock,Active,
WENC-U,West Enclave Merger Corp - Units (1 Ord Shs & 1 Rts),NYSE,Stock,Active,
WENN,Wen Acquisition Corp - Class A,NASDAQ,Stock,Active,
WENNU,Wen Acquisition Corp - Units (1 Ord Cls A & 1/2 War),NASDAQ,Stock,Active,
WENNW,Wen Acquisition Corp - Warrants (01/01/9999),NASDAQ,Stock,Active,
WERN,Werner Enterprises Inc,NASDAQ,Stock,Active,
WES,Western Midstream Partners LP,NYSE,Stock,Active,
WEST,Westrock Coffee Company,NASDAQ,Stock,Active,
WETO,Webus International Ltd,NASDAQ,Stock,Active,
WEX,WEX Inc,NYSE,Stock,Active,
WEYS,Weyco Group Inc,NASDAQ,Stock,Active,
WF,Woori Financial Group Inc,NYSE,Stock,Active,
WFC,Wells Fargo & Company,NYSE,Stock,Active,
WFC-P-A,Wells Fargo & Company,NYSE,Stock,Active,
WFC-P-C,Wells Fargo & Company,NYSE,Stock,Active,
WFC-P-D,Wells Fargo & Company,NYSE,Stock,Active,
WFC-P-L,Wells Fargo & Company,NYSE,Stock,Active,
WFC-P-Y,Wells Fargo & Company,NYSE,Stock,Active,
WFC-P-Z,Wells Fargo & Company DEP REP 1/1000TH,NYSE,Stock,Active,
WFCF,Where Food Comes From Inc,NASDAQ,Stock,Active,
WFF,WF Holding Ltd,NASDAQ,Stock,Active,
WFG,West Fraser Timber Co. Ltd,NYSE,Stock,Active,
WFRD,Weatherford International plc - New,NASDAQ,Stock,Active,
WGMI,COINSHARES BITCOIN MINING ETF,NASDAQ,ETF,Active,
WGO,Winnebago Industries Inc,NYSE,Stock,Active,
WGRX,Wellgistics Health Inc,NASDAQ,Stock,Active,
WGS,GeneDx Holdings Corp - Class A,NASDAQ,Stock,Active,
WGSWW,GeneDx Holdings Corp - Warrants (22/07/2026),NASDAQ,Stock,Active,
WH,Wyndham Hotels & Resorts Inc,NYSE,Stock,Active,
WHD,Cactus Inc - Class A,NYSE,Stock,Active,
WHF,WhiteHorse Finance Inc,NASDAQ,Stock,Active,
WHFCL,WhiteHorse Finance Inc,NASDAQ,Stock,Active,
WHG,Westwood Holdings Group Inc,NYSE,Stock,Active,
WHLR,Wheeler Real Estate Investment Trust Inc,NASDAQ,Stock,Active,
WHLRD,Wheeler Real Estate Investment Trust Inc,NASDAQ,Stock,Active,
WHLRL,Wheeler Real Estate Investment Trust Inc,NASDAQ,Stock,Active,
WHLRP,Wheeler Real Estate Investment Trust Inc,NASDAQ,Stock,Active,
WHR,Whirlpool Corp,NYSE,Stock,Active,
WHR-P-A,Whirlpool Corp,NYSE,Stock,Active,
WHTX,2x Wheat ETF,AMEX,ETF,Active,
WHWK,Whitehawk Therapeutics Inc,NASDAQ,Stock,Active,
WIA,Western Asset Inflation-Linked Income Fund,NYSE,ETF,Active,
WIFI:BAT,Boingo Wireless Inc,NASDAQ,Stock,Active,
WILC,G. Willi-Food International Ltd,NASDAQ,Stock,Active,
WIMI,Wimi Hologram Cloud Inc,NASDAQ,Stock,Active,
WINA,Winmark Corporation,NASDAQ,Stock,Active,
WING,Wingstop Inc,NASDAQ,Stock,Active,
WINN,HARBOR LONG-TERM GROWERS ETF,NYSE,ETF,Active,
WIP,SPDR(R) FTSE INTERNATIONAL GOVERNMENT INFLATION-PROTECTED BOND ETF,NYSE ARCA,ETF,Active,
WISD,Wisdom Short Duration Income ETF,NYSE ARCA,ETF,Active,
WISE,THEMES GENERATIVE ARTIFICIAL INTELLIGENCE ETF,NASDAQ,ETF,Active,
WIT,Wipro Ltd,NYSE,Stock,Active,
WIW,Western Asset Inflation-Linked Opportunities & Income Fund,NYSE,ETF,Active,
WIX,Wix.com Ltd,NASDAQ,Stock,Active,
WK,Workiva Inc - Class A,NYSE,Stock,Active,
WKC,World Kinect Corp,NYSE,Stock,Active,
WKEY,WISeKey International Holding Ltd,NASDAQ,Stock,Active,
WKEYV,WISeKey International Holding Ltd Exdistribution When Issued,NASDAQ,Stock,Active,
WKHS,Workhorse Group Inc,NASDAQ,Stock,Active,
WKSP,Worksport Ltd,NASDAQ,Stock,Active,
WLAC,Willow Lane Acquisition Corp,NASDAQ,Stock,Active,
WLDN,Willdan Group Inc,NASDAQ,Stock,Active,
WLDR,AFFINITY WORLD LEADERS EQUITY ETF,BATS,ETF,Active,
WLDS,Wearable Devices Ltd,NASDAQ,Stock,Active,
WLDSW,Wearable Devices Ltd - Warrants (25/08/2027),NASDAQ,Stock,Active,
WLDU,Leverage Shares 2x Long World Stock Daily,BATS,Stock,Active,
WLFC,Willis Lease Finance Corp,NASDAQ,Stock,Active,
WLII,Willow Lane Acquisition Corp II - Class A,NASDAQ,Stock,Active,
WLIIU,Willow Lane Acquisition Corp II - Units (1 Ord Cls A & 1/4 War),NASDAQ,Stock,Active,
WLIIW,Willow Lane Acquisition Corp II - Warrants (31/12/2032),NASDAQ,Stock,Active,
WLK,Westlake Corporation,NYSE,Stock,Active,
WLKP,Westlake Chemical Partners LP,NYSE,Stock,Active,
WLTG,WEALTHTRUST DBS LONG TERM GROWTH ETF,NYSE,ETF,Active,
WLTH,Wealthfront Corp,NASDAQ,Stock,Active,
WLY,John Wiley & Sons Inc - Class A,NYSE,Stock,Active,
WLYB,John Wiley & Sons Inc - Class B,NYSE,Stock,Active,
WM,Waste Management Inc,NYSE,Stock,Active,
WMB,Williams Cos Inc,NYSE,Stock,Active,
WMG,Warner Music Group Corp - Class A,NASDAQ,Stock,Active,
WMGI:BAT,Tornier N.V.,NASDAQ,Stock,Active,
WMK,Weis Markets Inc,NYSE,Stock,Active,
WMS,Advanced Drainage Systems Inc,NYSE,Stock,Active,
WMSB,Weitz Multisector Bond ETF,NYSE ARCA,ETF,Active,
WMT,Walmart Inc,NASDAQ,Stock,Active,
WMTI,REX WMT GROWTH & INCOME ETF,BATS,ETF,Active,
WNC,Wabash National Corp,NYSE,Stock,Active,
WNDR,Corgi Travel & Leisure,BATS,Stock,Active,
WNEB,Western New England Bancorp Inc,NASDAQ,Stock,Active,
WNS,WNS Holdings Ltd,NYSE,Stock,Active,
WNTR,YieldMax Short MSTR Option Income Strategy ETF,NYSE ARCA,ETF,Active,
WNW,Meiwu Technology Company Ltd,NASDAQ,Stock,Active,
WOK,Work Medical Technology Group Ltd,NASDAQ,Stock,Active,
WOLF,Wolfspeed Inc (New),NYSE,Stock,Active,
WOMN,IMPACT SHARES WOMEN'S EMPOWERMENT ETF,NYSE ARCA,ETF,Active,
WOOD,ISHARES GLOBAL TIMBER & FORESTRY ETF,NASDAQ,ETF,Active,
WOOF,Petco Health and Wellness Co Inc - Class A,NASDAQ,Stock,Active,
WOR,Worthington Enterprises Inc,NYSE,Stock,Active,
WOR-W,Worthington Industries Inc WhenIssued,NYSE,Stock,Active,
WPAC,White Pearl Acquisition Corp Class A,NYSE,Stock,Active,
WPAC-R,White Pearl Acquisition Corp Rights each right entitles the holder to receive onefifth of one Class A ordinary share upon consummation of the initial business,NYSE,Stock,Active,
WPAC-U,White Pearl Acquisition Corp Units each consisting of one Class A ordinary share and one right to receive onefifth 15 of one Class A ordinary share,NYSE,Stock,Active,
WPAY,Roundhill WeeklyPay Universe ETF,BATS,ETF,Active,
WPC,W. P. Carey Inc,NYSE,Stock,Active,
WPC-W,W. P. Carey Inc WhenIssued,NYSE,Stock,Active,
WPM,Wheaton Precious Metals Corp,NYSE,Stock,Active,
WPP,WPP Plc.,NYSE,Stock,Active,
WPRT,Westport Fuel Systems Inc,NASDAQ,Stock,Active,
WR,Westar Energy Inc,NYSE,Stock,Active,
WRAP,Wrap Technologies Inc,NASDAQ,Stock,Active,
WRB,W.R. Berkley Corp,NYSE,Stock,Active,
WRB-P-E,W.R. Berkley Corp,NYSE,Stock,Active,
WRB-P-F,W.R. Berkley Corp,NYSE,Stock,Active,
WRB-P-G,W.R. Berkley Corp,NYSE,Stock,Active,
WRB-P-H,W.R. Berkley Corp,NYSE,Stock,Active,
WRBY,Warby Parker Inc - Class A,NYSE,Stock,Active,
WRD,WeRide Inc,NASDAQ,Stock,Active,
WRLD,World Acceptance Corp,NASDAQ,Stock,Active,
WRN,Western Copper & Gold Corp,NYSE MKT,Stock,Active,
WRND,NYLI GLOBAL EQUITY R&D LEADERS ETF,NASDAQ,ETF,Active,
WRTH,Worth Charting Options Income ETF,NASDAQ,Stock,Active,
WS,Worthington Steel Inc,NYSE,Stock,Active,
WS-W,Worthington Steel Inc WhenIssued,NYSE,Stock,Active,
WSBC,Wesbanco Inc,NASDAQ,Stock,Active,
WSBF,Waterstone Financial Inc,NASDAQ,Stock,Active,
WSBK,Winchester Bancorp Inc,NASDAQ,Stock,Active,
WSC,WillScot Mobile Mini Holdings Corp,NASDAQ,Stock,Active,
WSDB,Weitz Short Duration Bond,NYSE ARCA,Stock,Active,
WSE,Wise Group plc,NASDAQ,Stock,Active,
WSFS,WSFS Financial Corp,NASDAQ,Stock,Active,
WSHP,WeShop Holdings Ltd - Class A,NASDAQ,Stock,Active,
WSM,Williams-Sonoma Inc,NYSE,Stock,Active,
WSO,Watsco Inc - Class A,NYSE,Stock,Active,
WSO-B,Watsco Inc - Class B,NYSE,Stock,Active,
WSR,Whitestone REIT,NYSE,Stock,Active,
WST,West Pharmaceutical Services Inc,NYSE,Stock,Active,
WSTN,Westin Acquisition Corp - Class A,NASDAQ,Stock,Active,
WSTNR,Westin Acquisition Corp,NASDAQ,Stock,Active,
WSTNU,Westin Acquisition Corp - Units (1 Ord Cls A & 1 Rts),NASDAQ,Stock,Active,
WT,WisdomTree Inc,NYSE,Stock,Active,
WTAI,WISDOMTREE ARTIFICIAL INTELLIGENCE AND INNOVATION FUND,BATS,ETF,Active,
WTBA,West Bancorporation,NASDAQ,Stock,Active,
WTBN,WISDOMTREE BIANCO TOTAL RETURN FUND,NASDAQ,ETF,Active,
WTF,Waton Financial Ltd,NASDAQ,Stock,Active,
WTFC,Wintrust Financial Corp,NASDAQ,Stock,Active,
WTG,Wintergreen Acquisition Corp,NASDAQ,Stock,Active,
WTGUR,Wintergreen Acquisition Corp,NASDAQ,Stock,Active,
WTGUU,Wintergreen Acquisition Corp - Units (1 Ord Shs & 1 Rts),NASDAQ,Stock,Active,
WTI,W & T Offshore Inc,NYSE,Stock,Active,
WTIB,USCF Oil Plus Bitcoin Strategy Fund,NYSE ARCA,Stock,Active,
WTID,Bank of Montreal,NYSE ARCA,ETF,Active,
WTIU,Bank of Montreal,NYSE ARCA,ETF,Active,
WTLS,WISDOMTREE EFFICIENT LONG/SHORT U.S. EQUITY FUND,BATS,ETF,Active,
WTM,White Mountains Insurance Group Ltd,NYSE,Stock,Active,
WTMF,WISDOMTREE MANAGED FUTURES STRATEGY FUND,NYSE ARCA,ETF,Active,
WTMF:BAT,Wisdom Tree Managed Futures Strategy Fund,NYSE ARCA,Stock,Active,
WTO,UTime Ltd,NASDAQ,Stock,Active,
WTPI,WISDOMTREE EQUITY PREMIUM INCOME FUND,NYSE ARCA,ETF,Active,
WTRE,WISDOMTREE NEW ECONOMY REAL ESTATE FUND,NYSE ARCA,ETF,Active,
WTRG,Essential Utilities Inc,NYSE,Stock,Active,
WTS,Watts Water Technologies Inc - Class A,NYSE,Stock,Active,
WTTR,Select Water Solutions Inc - Class A,NYSE,Stock,Active,
WTV,WISDOMTREE U.S. VALUE FUND,NYSE ARCA,ETF,Active,
WTW,Willis Towers Watson Public Ltd Company,NASDAQ,Stock,Active,
WU,Western Union Company,NYSE,Stock,Active,
WUGI,AXS ESOTERICA NEXTG ECONOMY ETF,BATS,ETF,Active,
WULF,TeraWulf Inc,NASDAQ,Stock,Active,
WULX,Tradr 2X Long WULF Daily ETF,BATS,ETF,Active,
WUSA,WISDOMTREE U.S. DOMESTIC ECONOMY FUND NA,NYSE ARCA,ETF,Active,
WVE,Wave Life Sciences Ltd,NASDAQ,Stock,Active,
WVVI,Willamette Valley Vineyard Inc,NASDAQ,Stock,Active,
WVVIP,Willamette Valley Vineyard Inc,NASDAQ,Stock,Active,
WW,WW International Inc,NASDAQ,Stock,Active,
WWACU,Aeries Technology Inc - Units (1 Ord Class A & 1/2 War),NASDAQ,Stock,Active,
WWD,Woodward Inc,NASDAQ,Stock,Active,
WWJD,INSPIRE INTERNATIONAL ETF,NYSE ARCA,ETF,Active,
WWR,Westwater Resources Inc,NYSE MKT,Stock,Active,
WWW,Wolverine World Wide Inc,NYSE,Stock,Active,
WXM,WF International Ltd,NASDAQ,Stock,Active,
WY,Weyerhaeuser Company,NYSE,Stock,Active,
WYFI,Whitefiber Inc,NASDAQ,Stock,Active,
WYHG,Wing Yip Food Holdings Group Ltd,NASDAQ,Stock,Active,
WYNN,Wynn Resorts Ltd,NASDAQ,Stock,Active,
WYTC,Wytec International Inc,NASDAQ,Stock,Active,
WYY,Widepoint Corp,NYSE MKT,Stock,Active,
WZRD,Opportunistic Trader ETF,NYSE ARCA,ETF,Active,
XA,Corgi AI Cybersecurity,BATS,Stock,Active,
XAIL,Defiance Pure Space Daily 2X Strategy,BATS,Stock,Active,
XAIR,Beyond Air Inc,NASDAQ,Stock,Active,
XAIX,Xtrackers Artificial Intelligence and Big Data ETF,NASDAQ,ETF,Active,
XAPR,FT VEST U.S. EQUITY ENHANCE & MODERATE BUFFER ETF - APRIL,BATS,ETF,Active,
XAR,SPDR(R) S&P(R) AEROSPACE & DEFENSE ETF,NYSE ARCA,ETF,Active,
XAUG,FT VEST U.S. EQUITY ENHANCE & MODERATE BUFFER ETF - AUGUST,BATS,ETF,Active,
XB,BONDBLOXX B RATED USD HIGH YIELD CORPORATE BOND ETF,NYSE ARCA,ETF,Active,
XBAP,Innovator U.S. Equity Accelerated 9 Buffer ETF - April,BATS,ETF,Active,
XBB,BONDBLOXX BB RATED USD HIGH YIELD CORPORATE BOND ETF,NYSE ARCA,ETF,Active,
XBFR,Innovator Equity Managed 10 Buffer,NYSE ARCA,Stock,Active,
XBI,SPDR(R) S&P(R) BIOTECH ETF,NYSE ARCA,ETF,Active,
XBIL,F/M US TREASURY 6 MONTH BILL ETF,NASDAQ,ETF,Active,
XBIO,Xenetic Biosciences Inc,NASDAQ,Stock,Active,
XBIT,XBiotech Inc,NASDAQ,Stock,Active,
XBJA,Innovator U.S. Equity Accelerated 9 Buffer ETF - January,BATS,ETF,Active,
XBJL,Innovator U.S. Equity Accelerated 9 Buffer ETF - July,BATS,ETF,Active,
XBOC,Innovator U.S. Equity Accelerated 9 Buffer ETF - October,BATS,ETF,Active,
XBP,XBP Global Holdings Inc,NASDAQ,Stock,Active,
XBPEW,XBP Europe Holdings Inc - Warrants (30/11/2028),NASDAQ,Stock,Active,
XBTY,GRANITESHARES YIELDBOOST BITCOIN ETF,NASDAQ,ETF,Active,
XC,WISDOMTREE TRUE EMERGING MARKETS FUND,NYSE ARCA,ETF,Active,
XCBE,nan,NASDAQ,Stock,Active,
XCBEU,X3 Acquisition Corp Ltd - Units (1 Ord Cls A & 1/2 War),NASDAQ,Stock,Active,
XCBEW,X3 Acquisition Corp Ltd Warrant,NASDAQ,Stock,Active,
XCCC,BONDBLOXX CCC RATED USD HIGH YIELD CORPORATE BOND ETF,NYSE ARCA,ETF,Active,
XCEM,COLUMBIA EM CORE EX-CHINA ETF,NYSE ARCA,ETF,Active,
XCH,XCHG Ltd,NASDAQ,Stock,Active,
XCHG,AB US Equity ETF,NYSE ARCA,ETF,Active,
XCLR,GLOBAL X S&P 500 COLLAR 95-110 ETF,NYSE ARCA,ETF,Active,
XCNY,SPDR S&P EMERGING MARKETS EX-CHINA ETF,NASDAQ,ETF,Active,
XCOR,FUNDX ETF,NYSE ARCA,ETF,Active,
XCUR,Exicure Inc,NASDAQ,Stock,Active,
XDAP,Innovator U.S. Equity Accelerated ETF - April,BATS,ETF,Active,
XDAT,FRANKLIN EXPONENTIAL DATA ETF,BATS,ETF,Active,
XDEC,FT VEST U.S. EQUITY ENHANCE & MODERATE BUFFER ETF - DECEMBER,BATS,ETF,Active,
XDEF,Xtrackers Europe Defense Technologies ETF,NASDAQ,ETF,Active,
XDIV,ROUNDHILL S&P 500 NO DIVIDEND TARGET ETF,BATS,ETF,Active,
XDNA,Kelly CRISPR & Gene Editing Technology ETF,NASDAQ,ETF,Active,
XDQQ,Innovator Growth Accelerated ETF - Quarterly,BATS,ETF,Active,
XDSQ,Innovator U.S. Equity Accelerated ETF - Quarterly,BATS,ETF,Active,
XDTE,ROUNDHILL S&P 500 0DTE COVERED CALL STRATEGY ETF,BATS,ETF,Active,
XE,X-Energy Inc - Class A,NASDAQ,Stock,Active,
XEL,Xcel Energy Inc,NASDAQ,Stock,Active,
XELB,Xcel Brands Inc,NASDAQ,Stock,Active,
XELLL,Xcel Energy Inc,NASDAQ,Stock,Active,
XEMD,BONDBLOXX JP MORGAN USD EMERGING MARKETS 1-10 YEAR BOND ETF,BATS,ETF,Active,
XEML,Xtrackers Europe Market Leaders ETF,BATS,ETF,Active,
XENE,Xenon Pharmaceuticals Inc,NASDAQ,Stock,Active,
XERS,Xeris Biopharma Holdings Inc,NASDAQ,Stock,Active,
XES,SPDR(R) S&P(R) OIL & GAS EQUIPMENT & SERVICES ETF,NYSE ARCA,ETF,Active,
XEY,GraniteShares YieldBOOST Ether ETF,NASDAQ,Stock,Active,
XFEB,FT VEST U.S. EQUITY ENHANCE & MODERATE BUFFER ETF - FEBRUARY,BATS,ETF,Active,
XFIV,BONDBLOXX BLOOMBERG FIVE YEAR TARGET DURATION US TREASURY ETF,NYSE ARCA,ETF,Active,
XFLH,XFLH Capital Corporation,NYSE,Stock,Active,
XFLH-R,XFLH Capital Corporation Rights to receive oneseventh 17 of one Ordinary Share,NYSE,Stock,Active,
XFLH-U,XFLH Capital Corporation Units each consisting of one Ordinary Share and one Right,NYSE,Stock,Active,
XFLT,XAI Octagon Floating Rate & Alternative Income Term Trust,NYSE,ETF,Active,
XFLX,FUNDX FLEXIBLE ETF,NYSE ARCA,ETF,Active,
XFOR,X4 Pharmaceuticals Inc,NASDAQ,Stock,Active,
XGN,Exagen Inc,NASDAQ,Stock,Active,
XHB,SPDR(R) S&P(R) HOMEBUILDERS ETF,NYSE ARCA,ETF,Active,
XHE,SPDR(R) S&P(R) HEALTH CARE EQUIPMENT ETF,NYSE ARCA,ETF,Active,
XHE:BAT,SPDR S&P Health Care Equipment ETF,NYSE ARCA,ETF,Active,
XHG,XChange TEC.Inc American Depositary Shares,NASDAQ,Stock,Active,
XHLD,TEN Holdings Inc,NASDAQ,Stock,Active,
XHLF,BONDBLOXX BLOOMBERG SIX MONTH TARGET DURATION US TREASURY ETF,NYSE ARCA,ETF,Active,
XHR,Xenia Hotels & Resorts Inc,NYSE,Stock,Active,
XHS,SPDR(R) S&P(R) HEALTH CARE SERVICES ETF,NYSE ARCA,ETF,Active,
XHS:BAT,SPDR S&P Health Care Services Fund,NYSE ARCA,Stock,Active,
XIDE,FT VEST U.S. EQUITY BUFFER & PREMIUM INCOME ETF - DECEMBER,BATS,ETF,Active,
XIDV,Franklin International Dividend Multiplier Index ETF,NYSE ARCA,ETF,Active,
XIFR,NextEra Energy Partners LP,NYSE,Stock,Active,
XIJN,FT VEST U.S. EQUITY BUFFER & PREMIUM INCOME ETF - JUNE,BATS,ETF,Active,
XIMR,FT VEST U.S. EQUITY BUFFER & PREMIUM INCOME ETF - MARCH,BATS,ETF,Active,
XISE,FT VEST U.S. EQUITY BUFFER & PREMIUM INCOME ETF - SEPTEMBER,BATS,ETF,Active,
XITK,SPDR FACTSET INNOVATIVE TECHNOLOGY ETF,NYSE ARCA,ETF,Active,
XJAN,FT VEST U.S. EQUITY ENHANCE & MODERATE BUFFER ETF - JANUARY,BATS,ETF,Active,
XJH,ISHARES ESG SCREENED S&P MID-CAP ETF,BATS,ETF,Active,
XJR,ISHARES ESG SCREENED S&P SMALL-CAP ETF,BATS,ETF,Active,
XJUL,FT VEST U.S. EQUITY ENHANCE & MODERATE BUFFER ETF - JULY,BATS,ETF,Active,
XJUN,FT VEST U.S. EQUITY ENHANCE & MODERATE BUFFER ETF - JUNE,BATS,ETF,Active,
XLB,THE MATERIALS SELECT SECTOR SPDR FUND,NYSE ARCA,ETF,Active,
XLBI,Select Sector SPDR Trust The The Materials Premium Income Fund,NYSE ARCA,ETF,Active,
XLC,THE COMMUNICATION SERVICES SELECT SECTOR SPDR FUND,NYSE ARCA,ETF,Active,
XLCI,Select Sector SPDR Trust The The Communication Services Premium Income Fund,NYSE ARCA,ETF,Active,
XLE,THE ENERGY SELECT SECTOR SPDR FUND,NYSE ARCA,ETF,Active,
XLEI,Select Sector SPDR Trust The The Energy Premium Income Fund,NYSE ARCA,ETF,Active,
XLF,THE FINANCIAL SELECT SECTOR SPDR FUND,NYSE ARCA,ETF,Active,
XLFI,Select Sector SPDR Trust The The Financial Premium Income Fund,NYSE ARCA,ETF,Active,
XLG,INVESCO S&P 500 TOP 50 ETF,NYSE ARCA,ETF,Active,
XLI,THE INDUSTRIAL SELECT SECTOR SPDR FUND,NYSE ARCA,ETF,Active,
XLII,Select Sector SPDR Trust The The Industrial Premium Income Fund,NYSE ARCA,ETF,Active,
XLK,THE TECHNOLOGY SELECT SECTOR SPDR FUND,NYSE ARCA,ETF,Active,
XLKI,Select Sector SPDR Trust The The Technology Premium Income Fund,NYSE ARCA,ETF,Active,
XLO,Xilio Therapeutics Inc,NASDAQ,Stock,Active,
XLP,THE CONSUMER STAPLES SELECT SECTOR SPDR FUND,NYSE ARCA,ETF,Active,
XLRE,THE REAL ESTATE SELECT SECTOR SPDR FUND,NYSE ARCA,ETF,Active,
XLRI,Select Sector SPDR Trust The The Real Estate Premium Income Fund,NYSE ARCA,ETF,Active,
XLSI,Select Sector SPDR Trust The The Consumer Staples Premium Income Fund,NYSE ARCA,ETF,Active,
XLSR,SPDR(R) SSGA US SECTOR ROTATION ETF,NYSE ARCA,ETF,Active,
XLU,THE UTILITIES SELECT SECTOR SPDR FUND,NYSE ARCA,ETF,Active,
XLUI,Select Sector SPDR Trust The The Utilities Premium Income Fund,NYSE ARCA,ETF,Active,
XLV,THE HEALTH CARE SELECT SECTOR SPDR FUND,NYSE ARCA,ETF,Active,
XLVI,Select Sector SPDR Trust The The Health Care Premium Income Fund,NYSE ARCA,ETF,Active,
XLY,THE CONSUMER DISCRETIONARY SELECT SECTOR SPDR FUND,NYSE ARCA,ETF,Active,
XLYI,Select Sector SPDR Trust The The Consumer Discretionary Premium Income Fund,NYSE ARCA,ETF,Active,
XLYO,Xylo Technologies Ltd,NASDAQ,Stock,Active,
XM,Qualtrics International Inc - Class A,NASDAQ,Stock,Active,
XMAG,DEFIANCE LARGE CAP EX-MAG 7 ETF,NASDAQ,ETF,Active,
XMAR,FT VEST U.S. EQUITY ENHANCE & MODERATE BUFFER ETF - MARCH,BATS,ETF,Active,
XMAX,XMax Inc,NASDAQ,Stock,Active,
XMAY,FT VEST U.S. EQUITY ENHANCE & MODERATE BUFFER ETF - MAY,BATS,ETF,Active,
XME,SPDR(R) S&P(R) METALS & MINING ETF,NYSE ARCA,ETF,Active,
XMHQ,INVESCO S&P MIDCAP QUALITY ETF,NYSE ARCA,ETF,Active,
XMLV,INVESCO S&P MIDCAP LOW VOLATILITY ETF,NYSE ARCA,ETF,Active,
XMLV:BAT,PowerShares S&P MidCap Low Volatility Portfolio,NYSE ARCA,Stock,Active,
XMMO,INVESCO S&P MIDCAP MOMENTUM ETF,NYSE ARCA,ETF,Active,
XMPT,VANECK CEF MUNI INCOME ETF,BATS,ETF,Active,
XMPT:BAT,Market Vectors CEF Municipal Income ETF,BATS,ETF,Active,
XMTR,Xometry Inc - Class A,NASDAQ,Stock,Active,
XMVM,INVESCO S&P MIDCAP VALUE WITH MOMENTUM ETF,NYSE ARCA,ETF,Active,
XNAV,FUNDX AGGRESSIVE ETF,NYSE ARCA,ETF,Active,
XNCR,Xencor Inc,NASDAQ,Stock,Active,
XNDU,Xanadu Quantum Technologies Ltd,NASDAQ,Stock,Active,
XNET,Xunlei Ltd,NASDAQ,Stock,Active,
XNTK,SPDR(R) NYSE TECHNOLOGY ETF,NYSE ARCA,ETF,Active,
XOCT,FT VEST U.S. EQUITY ENHANCE & MODERATE BUFFER ETF - OCTOBER,BATS,ETF,Active,
XOEF,iShares Trust S&P 500 ex S&P 100,NYSE ARCA,Stock,Active,
XOEX,Xtrackers S&P 500 Value Scored & Screened ETF,BATS,ETF,Active,
XOM,Exxon Mobil Corp,NYSE,Stock,Active,
XOMA,XOMA Corp,NASDAQ,Stock,Active,
XOMAO,XOMA Corp,NASDAQ,Stock,Active,
XOMAP,XOMA Corp,NASDAQ,Stock,Active,
XOMO,YIELDMAX(R) XOM OPTION INCOME STRATEGY ETF,NYSE ARCA,ETF,Active,
XOMX,Direxion Daily XOM Bull 2X Shares,NASDAQ,ETF,Active,
XOMZ,Direxion Daily XOM Bear 1X Shares,NASDAQ,ETF,Active,
XONE,BONDBLOXX BLOOMBERG ONE YEAR TARGET DURATION US TREASURY ETF,NYSE ARCA,ETF,Active,
XOP,SPDR(R) S&P(R) OIL & GAS EXPLORATION & PRODUCTION ETF,NYSE ARCA,ETF,Active,
XOS,Xos Inc,NASDAQ,Stock,Active,
XOSWW,Xos Inc - Warrants (20/08/2026),NASDAQ,Stock,Active,
XOVL,Defiance Daily Target 2X Long XOVR,BATS,Stock,Active,
XOVR,ERSHARES PRIVATE-PUBLIC CROSSOVER ETF,NASDAQ,ETF,Active,
XP,XP Inc - Class A,NASDAQ,Stock,Active,
XPDB,Power & Digital Infrastructure Acquisition II Corp - Class A,NASDAQ,Stock,Active,
XPDBW,Power & Digital Infrastructure Acquisition II Corp - Warrants (09/12/2026),NASDAQ,Stock,Active,
XPEG,Leverage Shares 2X Long XPEV Daily ETF,NASDAQ,ETF,Active,
XPEL,XPEL Inc - Reg S,NASDAQ,Stock,Active,
XPER,Xperi Inc,NYSE,Stock,Active,
XPEV,XPeng Inc,NYSE,Stock,Active,
XPH,SPDR(R) S&P(R) PHARMACEUTICALS ETF,NYSE ARCA,ETF,Active,
XPL,Solitario Resources Corp,NYSE MKT,Stock,Active,
XPM,Defiance Daily Target 2x Long PM ETF,NASDAQ,ETF,Active,
XPND,FIRST TRUST EXPANDED TECHNOLOGY ETF,NYSE ARCA,ETF,Active,
XPO,XPO Inc,NYSE,Stock,Active,
XPOF,Xponential Fitness Inc - Class A,NYSE,Stock,Active,
XPON,Expion360 Inc,NASDAQ,Stock,Active,
XPP,PROSHARES ULTRA FTSE CHINA 50,NYSE ARCA,ETF,Active,
XPRO,Expro Group Holdings N.V.,NYSE,Stock,Active,
XPVVV,XP Inc,NASDAQ,Stock,Active,
XQQI,NEOS Boosted Nasdaq100 High Income ETF,NASDAQ,ETF,Active,
XRAY,DENTSPLY Sirona Inc,NASDAQ,Stock,Active,
XRLX,FUNDX CONSERVATIVE ETF,NYSE ARCA,ETF,Active,
XRMI,GLOBAL X S&P 500 RISK MANAGED INCOME ETF,NYSE ARCA,ETF,Active,
XRN,Global Medical REIT Inc,NYSE,Stock,Active,
XRN-P-A,Global Medical REIT Inc,NYSE,Stock,Active,
XRN-P-B,Global Medical REIT Inc,NYSE,Stock,Active,
XRP,Common Shares Of Beneficial Interest,NYSE ARCA,Stock,Active,
XRPC,Canary XRP ETF,NASDAQ,ETF,Active,
XRPI,Volatility Shares Trust XRP ETF,NASDAQ,ETF,Active,
XRPK,TREX 2X Long XRP Daily Target ETF,BATS,ETF,Active,
XRPM,Amplify XRP 3 Monthly Premium Income ETF,BATS,ETF,Active,
XRPN,Armada Acquisition Corp II - Class A,NASDAQ,Stock,Active,
XRPNU,Armada Acquisition Corp II - Units (1 Ord Cls A & 1/2 War),NASDAQ,Stock,Active,
XRPNW,Armada Acquisition Corp II - Warrants(21/05/2030),NASDAQ,Stock,Active,
XRPR,REXOsprey XRP ETF,BATS,ETF,Active,
XRPT,Volatility Shares Trust XRP 2X ETF,NASDAQ,ETF,Active,
XRPZ,Common Shares of Beneficial Interest,NYSE ARCA,Stock,Active,
XRT,SPDR(R) S&P(R) RETAIL ETF,NYSE ARCA,ETF,Active,
XRTX,XORTX Therapeutics Inc,NASDAQ,Stock,Active,
XRX,Xerox Holdings Corp,NASDAQ,Stock,Active,
XRXDW,Xerox Holdings Corp - Warrants (14/02/2028),NASDAQ,Stock,Active,
XSD,SPDR(R) S&P(R) SEMICONDUCTOR ETF,NYSE ARCA,ETF,Active,
XSEP,FT VEST U.S. EQUITY ENHANCE & MODERATE BUFFER ETF - SEPTEMBER,BATS,ETF,Active,
XSHD,INVESCO S&P SMALLCAP HIGH DIVIDEND LOW VOLATILITY ETF,BATS,ETF,Active,
XSHQ,INVESCO S&P SMALLCAP QUALITY ETF,BATS,ETF,Active,
XSLL,Xsolla SPAC 1,NASDAQ,Stock,Active,
XSLLU,Xsolla SPAC 1 - Units (1 Ord Cls A & 1/3 War),NASDAQ,Stock,Active,
XSLLW,Xsolla SPAC 1 - Warrants (12/01/2031),NASDAQ,Stock,Active,
XSLV,INVESCO S&P SMALLCAP LOW VOLATILITY ETF,NYSE ARCA,ETF,Active,
XSLV:BAT,PowerShares S&P SmallCap Low Volatility Portfolio,NYSE ARCA,Stock,Active,
XSMO,INVESCO S&P SMALLCAP MOMENTUM ETF,NYSE ARCA,ETF,Active,
XSOE,WISDOMTREE EMERGING MARKETS EX-STATE-OWNED ENTERPRISES FUND,NYSE ARCA,ETF,Active,
XSPI,NEOS Boosted S&P 500 High Income ETF,NASDAQ,ETF,Active,
XSVM,INVESCO S&P SMALLCAP VALUE WITH MOMENTUM ETF,NYSE ARCA,ETF,Active,
XSVN,BONDBLOXX BLOOMBERG SEVEN YEAR TARGET DURATION US TREASURY ETF,NYSE ARCA,ETF,Active,
XSW,SPDR(R) S&P(R) SOFTWARE & SERVICES ETF,NYSE ARCA,ETF,Active,
XSW:BAT,SPDR S&P Software And Services Fund,NYSE ARCA,Stock,Active,
XT,ISHARES EXPONENTIAL TECHNOLOGIES ETF,NASDAQ,ETF,Active,
XTAP,Innovator U.S. Equity Accelerated Plus ETF - April,BATS,ETF,Active,
XTEN,BONDBLOXX BLOOMBERG TEN YEAR TARGET DURATION US TREASURY ETF,NYSE ARCA,ETF,Active,
XTIA,XTI Aerospace Inc Common Stock,NASDAQ,Stock,Active,
XTJA,Innovator U.S. Equity Accelerated Plus ETF - January,BATS,ETF,Active,
XTJL,Innovator U.S. Equity Accelerated Plus ETF - July,BATS,ETF,Active,
XTKG,X3 Holdings Co Ltd,NASDAQ,Stock,Active,
XTL,SPDR(R) S&P(R) TELECOM ETF,NYSE ARCA,ETF,Active,
XTL:BAT,SPDR S&P Telecom ETF,NYSE ARCA,ETF,Active,
XTLB,X.T.L. Biopharmaceuticals Ltd,NASDAQ,Stock,Active,
XTN,SPDR(R) S&P(R) TRANSPORTATION ETF,NYSE ARCA,ETF,Active,
XTN:BAT,SPDR S&P Transportation ETF,NYSE ARCA,ETF,Active,
XTNT,Xtant Medical Holdings Inc,NYSE MKT,Stock,Active,
XTOC,Innovator U.S. Equity Accelerated Plus ETF - October,BATS,ETF,Active,
XTR,GLOBAL X S&P 500 TAIL RISK ETF,NYSE ARCA,ETF,Active,
XTRE,BONDBLOXX BLOOMBERG THREE YEAR TARGET DURATION US TREASURY ETF,NYSE ARCA,ETF,Active,
XTWO,BONDBLOXX BLOOMBERG TWO YEAR TARGET DURATION US TREASURY ETF,NYSE ARCA,ETF,Active,
XTWY,BONDBLOXX BLOOMBERG TWENTY YEAR TARGET DURATION US TREASURY ETF,NYSE ARCA,ETF,Active,
XUDV,Franklin U.S. Dividend Multiplier Index ETF,NYSE ARCA,ETF,Active,
XUSP,Innovator Uncapped Accelerated U.S. Equity ETF,BATS,ETF,Active,
XV,Simplify Exchange Traded Funds Target 15 Distribution,NYSE ARCA,Stock,Active,
XVV,ISHARES ESG SCREENED S&P 500 ETF,BATS,ETF,Active,
XWEL,XWELL Inc,NASDAQ,Stock,Active,
XXI,Twenty One Capital Inc Class A,NYSE,Stock,Active,
XXII,22nd Century Group Inc,NASDAQ,Stock,Active,
XXV,SIMPLIFY ANCORATO TARGET 25 DISTRIBUTION ETF,NYSE ARCA,ETF,Active,
XXX,CYBER HORNET S&P 500 and XRP 7525 Strategy ETF,NASDAQ,ETF,Active,
XYF,X Financial,NYSE,Stock,Active,
XYL,Xylem Inc,NYSE,Stock,Active,
XYLD,GLOBAL X S&P 500 COVERED CALL ETF,NYSE ARCA,ETF,Active,
XYLG,GLOBAL X S&P 500 COVERED CALL & GROWTH ETF,NYSE ARCA,ETF,Active,
XYZ,Block Inc - Class A,NYSE,Stock,Active,
XYZG,LEVERAGE SHARES 2X LONG XYZ DAILY ETF,NASDAQ,ETF,Active,
XYZY,YIELDMAX(R) XYZ OPTION INCOME STRATEGY ETF,NYSE ARCA,ETF,Active,
XZO,Exzeo Group Inc,NYSE,Stock,Active,
YAAS,Youxin Technology Ltd - Class A,NASDAQ,Stock,Active,
YALA,Yalla Group Ltd,NYSE,Stock,Active,
YALL,GOD BLESS AMERICA ETF,NYSE ARCA,ETF,Active,
YANG,DIREXION DAILY FTSE CHINA BEAR 3X SHARES,NYSE ARCA,ETF,Active,
YANG:BAT,Direxion Daily China Bear 3X Shares,NYSE ARCA,ETF,Active,
YB,Yuanbao Inc,NASDAQ,Stock,Active,
YBIT,YIELDMAX(R) BITCOIN OPTION INCOME STRATEGY ETF,NYSE ARCA,ETF,Active,
YBST,GraniteShares YieldBoost Single Stock Universe ETF,NASDAQ,ETF,Active,
YBTC,ROUNDHILL BITCOIN COVERED CALL STRATEGY ETF,BATS,ETF,Active,
YBTY,GraniteShares YieldBoost TopYielders ETF,NASDAQ,ETF,Active,
YCBD,cbdMD Inc,NYSE MKT,Stock,Active,
YCL,ProShares Ultra Yen 2x Shares,NYSE ARCA,ETF,Active,
YCL:BAT,ProShares Ultra Yen,NYSE ARCA,Stock,Active,
YCS,ProShares UltraShort Yen -2x Shares,NYSE ARCA,ETF,Active,
YCS:BAT,ProShares UltraShort Yen,NYSE ARCA,Stock,Active,
YCY,AA Mission Acquisition Corp II Class A,NYSE,Stock,Active,
YCY-U,AA Mission Acquisition Corp II - Units (1 Ord Cls A & 1/2 War),NYSE,Stock,Active,
YCY-WS,AA Mission Acquisition Corp II Warrants each whole warrant entitles to purchase one Class A ordinary share at a price of 11.50 per share,NYSE,Stock,Active,
YDDL,One and one Green Technologies. Inc - Class A,NASDAQ,Stock,Active,
YDEC,FT VEST INTERNATIONAL EQUITY MODERATE BUFFER ETF - DECEMBER,BATS,ETF,Active,
YDES,YD Bio Ltd,NASDAQ,Stock,Active,
YDESW,YD Bio Ltd Warrants,NASDAQ,Stock,Active,
YDKG,Yueda Digital Holding Cl A Ord,NASDAQ,Stock,Active,
YEAR,AB ULTRA SHORT INCOME ETF,NYSE ARCA,ETF,Active,
YELP,Yelp Inc,NYSE,Stock,Active,
YETH,ROUNDHILL ETHER COVERED CALL STRATEGY ETF,BATS,ETF,Active,
YETI,YETI Holdings Inc,NYSE,Stock,Active,
YEXT,Yext Inc,NYSE,Stock,Active,
YFFI,INDEXPERTS YIELD FOCUSED FIXED INCOME ETF,NYSE ARCA,ETF,Active,
YGLD,Simplify Gold Strategy PLUS Income ETF,NYSE ARCA,ETF,Active,
YHC,LQR House Inc,NASDAQ,Stock,Active,
YHGJ,Yunhong Green CTI Ltd,NASDAQ,Stock,Active,
YHNA,YHN Acquisition I Ltd,NASDAQ,Stock,Active,
YHNAR,YHN Acquisition I Ltd,NASDAQ,Stock,Active,
YHNAU,YHN Acquisition I Ltd - Units (1 Ord & 1 Rts),NASDAQ,Stock,Active,
YI,111 Inc,NASDAQ,Stock,Active,
YIBO,Planet Image International Ltd - Class A,NASDAQ,Stock,Active,
YINN,DIREXION DAILY FTSE CHINA BULL 3X SHARES,NYSE ARCA,ETF,Active,
YINN:BAT,Direxion Daily China Bull 3X Shares,NYSE ARCA,ETF,Active,
YJ,Yunji Inc,NASDAQ,Stock,Active,
YJUN,FT VEST INTERNATIONAL EQUITY MODERATE BUFFER ETF - JUNE,BATS,ETF,Active,
YLD,PRINCIPAL ACTIVE HIGH YIELD ETF (FORMERLY PRINCIPAL ACTIVE INCOME ETF),NYSE ARCA,ETF,Active,
YLDE,FRANKLIN CLEARBRIDGE ENHANCED INCOME ETF,NASDAQ,ETF,Active,
YLDW,Westwood Enhanced Income Opportunity ETF,NYSE ARCA,ETF,Active,
YMAG,YIELDMAX(R) MAGNIFICENT 7 FUND OF OPTION INCOME ETFS,NYSE ARCA,ETF,Active,
YMAR,FT VEST INTERNATIONAL EQUITY MODERATE BUFFER ETF - MARCH,BATS,ETF,Active,
YMAT,J-Star Holding Co Ltd,NASDAQ,Stock,Active,
YMM,Full Truck Alliance Co Ltd,NYSE,Stock,Active,
YMT,Yimutian Inc,NASDAQ,Stock,Active,
YNOT,HORIZON DIGITAL FRONTIER ETF,NASDAQ,ETF,Active,
YOKE,YOKE Core ETF,NASDAQ,ETF,Active,
YOLO,ADVISORSHARES PURE CANNABIS ETF,NYSE ARCA,ETF,Active,
YOOV,Concorde International Group Ltd - Class A,NASDAQ,Stock,Active,
YORW,York Water Company,NASDAQ,Stock,Active,
YOU,Clear Secure Inc Class A,NYSE,Stock,Active,
YOUL,Youlife Group Inc,NASDAQ,Stock,Active,
YPF,YPF,NYSE,Stock,Active,
YQ,17 Education & Technology Group Inc,NASDAQ,Stock,Active,
YQQQ,YIELDMAX(R) SHORT N100 OPTION INCOME STRATEGY ETF,NASDAQ,ETF,Active,
YRD,Yiren Digital Ltd,NYSE,Stock,Active,
YSEP,FT VEST INTERNATIONAL EQUITY MODERATE BUFFER ETF - SEPTEMBER,BATS,ETF,Active,
YSG,Yatsen Holding Ltd,NYSE,Stock,Active,
YSPY,GRANITESHARES YIELDBOOST SPY ETF,NASDAQ,ETF,Active,
YSS,York Space Systems Inc,NYSE,Stock,Active,
YSWY,Yesway Inc - Class A,NASDAQ,Stock,Active,
YSXT,Ysx Tech Co.Ltd - Class A,NASDAQ,Stock,Active,
YTRA,Yatra Online Inc,NASDAQ,Stock,Active,
YUM,Yum Brands Inc,NYSE,Stock,Active,
YUMC,Yum China Holdings Inc,NYSE,Stock,Active,
YUNG,Corgi Longevity Consumer,BATS,Stock,Active,
YXI,ProShares Short FTSE China 50 -1x Shares,NYSE ARCA,ETF,Active,
YXI:BAT,ProShares Short FTSE China 25,NYSE ARCA,Stock,Active,
YXT,Yxt.Com Group Holding Ltd,NASDAQ,Stock,Active,
YYAI,AiRWA Inc,NASDAQ,Stock,Active,
YYGH,YY Group Holding Ltd - Class A,NASDAQ,Stock,Active,
YYY,AMPLIFY CEF HIGH INCOME ETF,NYSE ARCA,ETF,Active,
YYY:BAT,Yieldshares High Income Etf,NYSE ARCA,Stock,Active,
YYYM,Amplify Municipal CEF High Income,NYSE ARCA,Stock,Active,
Z,Zillow Group Inc - Class C,NASDAQ,Stock,Active,
ZAGG:BAT,ZAGG Inc,NASDAQ,Stock,Active,
ZALT,Innovator U.S. Equity 10 Buffer ETF - Quarterly,BATS,ETF,Active,
ZAP,GLOBAL X U.S. ELECTRIFICATION ETF,NASDAQ,ETF,Active,
ZAPR,Innovator Equity Defined Protection ETF 1 Yr April,AMEX,ETF,Active,
ZAUG,Innovator Equity Defined Protection ETF - 1 Yr August,BATS,ETF,Active,
ZAZZT,ZAZZT,NASDAQ,Stock,Active,
ZBAI,ATIF Holdings Ltd,NASDAQ,Stock,Active,
ZBAO,Zhibao Technology Inc,NASDAQ,Stock,Active,
ZBH,Zimmer Biomet Holdings Inc,NYSE,Stock,Active,
ZBIO,Zenas Biopharma Inc,NASDAQ,Stock,Active,
ZBRA,Zebra Technologies Corp - Class A,NASDAQ,Stock,Active,
ZBZX,Bats Listed Test,BATS,Stock,Active,
ZBZZT,ZBZZT,NASDAQ,Stock,Active,
ZCMD,Zhongchao Inc - Class A,NASDAQ,Stock,Active,
ZCZZT,Super Montage IPO X Tst Security SM IPO X 3,NASDAQ,Stock,Active,
ZD,Ziff Davis Inc,NASDAQ,Stock,Active,
ZDAI,Primega Group Holdings Ltd,NASDAQ,Stock,Active,
ZDEK,Innovator Equity Defined Protection ETF 1 Yr December,BATS,ETF,Active,
ZDGE,Zedge Inc - Class B,NYSE MKT,Stock,Active,
ZECP,ZACKS EARNINGS CONSISTENT PORTFOLIO ETF,BATS,ETF,Active,
ZENA,ZenaTech Inc,NASDAQ,Stock,Active,
ZEO,Zeo Energy Corp - Class A,NASDAQ,Stock,Active,
ZEOWW,Zeo Energy Corp - Warrants (14/03/2029),NASDAQ,Stock,Active,
ZEPP,Zepp Health Corporation,NYSE,Stock,Active,
ZETA,Zeta Global Holdings Corp - Class A,NYSE,Stock,Active,
ZETX,Defiance Daily Target 2x Long ZETA ETF,NYSE ARCA,ETF,Active,
ZEV-WS,Lightning eMotors Inc Wt Exp 05182025,NYSE,Stock,Active,
ZFEB,Innovator Equity Defined Protection ETF 1 Yr February,BATS,ETF,Active,
ZG,Zillow Group Inc - Class A,NASDAQ,Stock,Active,
ZGEN,The Generation Z ETF,NASDAQ,ETF,Active,
ZGM,Zenta Group Co. Ltd,NASDAQ,Stock,Active,
ZGN,Ermenegildo Zegna N.V.,NYSE,Stock,Active,
ZH,Zhihu Inc,NYSE,Stock,Active,
ZHDG,ZEGA BUY AND HEDGE ETF,NYSE ARCA,ETF,Active,
ZHOG,F/m Opportunistic Income ETF,NASDAQ,ETF,Active,
ZIG,THE ACQUIRERS FUND,NYSE ARCA,ETF,Active,
ZIM,Zim Integrated Shipping Services Ltd,NYSE,Stock,Active,
ZINGU,FTAC Zeus Acquisition Corp - Units (1 Ord Share Class A & 1/2 War),NASDAQ,Stock,Active,
ZION,Zions Bancorporation N.A,NASDAQ,Stock,Active,
ZIONP,Zions Bancorporation N.A,NASDAQ,Stock,Active,
ZIP,ZipRecruiter Inc - Class A,NYSE,Stock,Active,
ZIPP,STKd 100 UBER & 100 TSLA ETF,NASDAQ,ETF,Active,
ZJAN,Innovator Equity Defined Protection ETF 1 Yr January,AMEX,ETF,Active,
ZJK,ZJK Industrial Co Ltd - Class A,NASDAQ,Stock,Active,
ZJUL,Innovator Equity Defined Protection ETF - 1 Yr July,BATS,ETF,Active,
ZJUN,Innovator Equity Defined Protection ETF 1 Yr June,BATS,ETF,Active,
ZJYL,Jin Medical International Ltd,NASDAQ,Stock,Active,
ZJZZT,NASDAQ TEST STOCK,NASDAQ,Stock,Active,
ZKH,ZKH Group Ltd,NYSE,Stock,Active,
ZKIN,ZK International Group Co Ltd,NASDAQ,Stock,Active,
ZKP,Lafayette Digital Acquisition Corp I - Class A,NASDAQ,Stock,Active,
ZKPU,Lafayette Digital Acquisition Corp I - Units (1 Ord Cls A & 1/4 War),NASDAQ,Stock,Active,
ZKPW,Lafayette Digital Acquisition Corp I - Warrants (23/12/2030),NASDAQ,Stock,Active,
ZLAB,Zai Lab Ltd,NASDAQ,Stock,Active,
ZM,Zoom Video Communications Inc - Class A,NASDAQ,Stock,Active,
ZMAR,Innovator Equity Defined Protection ETF 1 Yr March,BATS,ETF,Active,
ZMAY,Innovator Equity Defined Protection ETF 1 Yr May,BATS,ETF,Active,
ZNB,Zeta Network Group - Class A,NASDAQ,Stock,Active,
ZNOV,Innovator Equity Defined Protection ETF 1 Yr November,AMEX,ETF,Active,
ZNTL,Zentalis Pharmaceuticals Inc,NASDAQ,Stock,Active,
ZOCT,Innovator Equity Defined Protection ETF - 1 Yr October,BATS,ETF,Active,
ZONE,CleanCore Solutions Inc - Class B,NYSE MKT,Stock,Active,
ZOOZ,ZOOZ Power Ltd,NASDAQ,Stock,Active,
ZOOZW,Zooz Power Ltd - Warrants (05/04/2029),NASDAQ,Stock,Active,
ZROZ,PIMCO 25+ YEAR ZERO COUPON U.S. TREASURY INDEX EXCHANGE-TRADED FUND,NYSE ARCA,ETF,Active,
ZROZ:BAT,PIMCO 25 Year Zero Coupon U.S,NYSE ARCA,Stock,Active,
ZS,Zscaler Inc,NASDAQ,Stock,Active,
ZSB,USCF SUSTAINABLE BATTERY METALS STRATEGY FUND,NYSE ARCA,ETF,Active,
ZSC,USCF SUSTAINABLE COMMODITY STRATEGY FUND,NYSE ARCA,ETF,Active,
ZSEP,Innovator Equity Defined Protection ETF - 1 Yr September,BATS,ETF,Active,
ZSL,ProShares UltraShort Silver -2x Shares,NYSE ARCA,ETF,Active,
ZSQR,Z Squared Inc,NASDAQ,Stock,Active,
ZSTK,Flora Growth Corp,NASDAQ,Stock,Active,
ZTAQU,Zimmer Energy Transition Acquisition Corp - Units (1 Ord Share Class A & 1/3 War),NASDAQ,Stock,Active,
ZTAX,X-Square Municipal Income Tax Free ETF,NYSE ARCA,ETF,Active,
ZTEK,Zentek Ltd,NASDAQ,Stock,Active,
ZTEST,nan,BATS,Stock,Active,
ZTG,Zenta Group Company Ltd,NASDAQ,Stock,Active,
ZTO,ZTO Express (Cayman) Inc,NYSE,Stock,Active,
ZTR,Virtus Total Return Fund Inc,NYSE,ETF,Active,
ZTS,Zoetis Inc - Class A,NYSE,Stock,Active,
ZTST,nan,BATS,Stock,Active,
ZUMZ,Zumiez Inc,NASDAQ,Stock,Active,
ZURA,Zura Bio Ltd - Class A,NASDAQ,Stock,Active,
ZVIA,Zevia PBC - Class A,NYSE,Stock,Active,
ZVOL,VOLATILITY PREMIUM PLUS ETF,BATS,ETF,Active,
ZVRA,Zevra Therapeutics Inc,NASDAQ,Stock,Active,
ZVV,LISTED TEST SYMBOL,NYSE ARCA,Stock,Active,
ZVZZT,NASDAQ TEST STOCK,NASDAQ,Stock,Active,
ZWS,Zurn Elkay Water Solutions Corp,NYSE,Stock,Active,
ZWZZT,NASDAQ TEST STOCK,NASDAQ,Stock,Active,
ZXYZ-A,NASDAQ SYMBOLOGY TEST,NASDAQ,Stock,Active,
ZXZZT,NASDAQ TEST STOCK,NASDAQ,Stock,Active,
ZYBT,Zhengye Biotechnology Holding Ltd,NASDAQ,Stock,Active,
ZYME,Zymeworks BC Inc,NASDAQ,Stock,Active,
ZYN,Defiance Daily Target 2x Long PM ETF,NASDAQ,ETF,Active,
ZYNE,Zynerba Pharmaceuticals Inc,NASDAQ,Stock,Active,
ZZK,nan,NYSE ARCA,Stock,Active,
ZZZ,TEST TICKER FOR UTP,NYSE ARCA,Stock,Active,
